-- phpMyAdmin SQL Dump
-- version 4.0.4.1
-- http://www.phpmyadmin.net
--
-- Host: 127.0.0.1
-- Generation Time: Sep 07, 2015 at 02:40 PM
-- Server version: 5.5.32
-- PHP Version: 5.4.19

SET SQL_MODE = "NO_AUTO_VALUE_ON_ZERO";
SET time_zone = "+00:00";


/*!40101 SET @OLD_CHARACTER_SET_CLIENT=@@CHARACTER_SET_CLIENT */;
/*!40101 SET @OLD_CHARACTER_SET_RESULTS=@@CHARACTER_SET_RESULTS */;
/*!40101 SET @OLD_COLLATION_CONNECTION=@@COLLATION_CONNECTION */;
/*!40101 SET NAMES utf8 */;

--
-- Database: `rm_v10`
--
CREATE DATABASE IF NOT EXISTS `rm_v10` DEFAULT CHARACTER SET latin1 COLLATE latin1_general_ci;
USE `rm_v10`;

--
-- Dumping data for table `a_lap`
--

INSERT INTO `a_lap` (`id`, `eventid`, `entryid`, `race`, `lap`, `position`, `etime`, `ctime`, `clicktime`, `status`) VALUES
(804, 902, 41, 1, 4, 2, 4800, NULL, '2015-06-05 13:12:27', 1),
(803, 902, 41, 1, 3, 2, 3300, NULL, '2015-06-05 13:17:25', 1),
(802, 902, 41, 1, 2, 2, 2500, NULL, '2015-06-23 17:21:19', 1),
(801, 902, 41, 1, 1, 3, 1200, NULL, '2015-06-05 13:02:40', 1);

--
-- Dumping data for table `a_race`
--

INSERT INTO `a_race` (`id`, `eventid`, `start`, `fleet`, `competitorid`, `helm`, `crew`, `club`, `class`, `classcode`, `sailnum`, `pn`, `starttime`, `clicktime`, `lap`, `finishlap`, `etime`, `ctime`, `atime`, `ptime`, `code`, `penalty`, `points`, `declaration`, `note`, `status`) VALUES
(7486, 902, 1, 1, 1, 'Mark Elkington', 'Robbie Elkington', 'Starcross YC', 'RS200', 'RS200', '1477', 1055, NULL, NULL, 0, NULL, 0, 0, 0, 0, NULL, 0, 0, 0, NULL, 'E'),
(7485, 902, 1, 1, 2, 'Dan Bridger', 'Jayne Morris', 'Salcombe YC', 'Enterprise', 'ENT', '1477', 1130, NULL, NULL, 0, NULL, 0, 0, 0, 0, NULL, 0, 0, 0, NULL, 'E'),
(7484, 902, 1, 1, 3, 'John Donovan', 'Nigel Hingston', 'Starcross YC', 'Hurricane SX', 'HURSX', '454', 690, NULL, NULL, 0, NULL, 0, 0, 0, 0, NULL, 0, 0, 0, NULL, 'E'),
(7476, 902, 1, 1, 1154, 'Simon Greenslade', '', 'Starcross YC', 'RS100 - 8.4', NULL, '268', 1003, '15:47:02', '16:38:24', 2, 0, 123, 1447, 0, 4353, '', 0, 4, 0, NULL, 'R'),
(7477, 902, 3, 3, 580, 'Robin Jones', '', 'Starcross YC', 'Laser Radial', NULL, '189326', 1140, '15:47:02', '16:30:15', 1, 0, 2053, 1801, 0, 4106, '', 0, 3, 0, NULL, ''),
(7478, 902, 4, 5, 69, 'Doug Smith', 'Jamie King', 'Starcross YC', 'Hurricane SX', NULL, '416', 698, '15:47:02', '16:34:26', 2, 0, 2124, 1521, 0, 3186, '', 0, 1, 0, NULL, ''),
(7479, 902, 4, 5, 378, 'Jon Miles', 'Bea Miles', 'Starcross YC', 'Dart 18', NULL, '7683', 846, '15:47:02', '16:51:46', 2, 0, 3164, 1870, 0, 4746, '', 0, 4, 0, NULL, ''),
(7480, 902, 3, 3, 1077, 'Paul Kelley', '', 'Starcross YC', 'Laser', NULL, '202202', 1112, '15:47:02', '16:25:53', 1, 0, 1611, 1449, 0, 3222, 'DNF', 0, 10, 0, NULL, ''),
(7481, 902, 3, 3, 1221, 'Alec Gladstone', '', 'Starcross YC', 'Laser Radial', NULL, '184736', 1140, '15:47:02', '16:35:03', 1, 0, 2161, 1896, 0, 4322, '', 0, 4, 0, NULL, ''),
(7483, 902, 4, 5, 672, 'Mike Arstall', 'Eamon Tyrell', 'Starcross YC', 'Hurricane SX', NULL, '457', 698, '15:47:02', NULL, 0, 0, 0, 0, 0, 0, 'OOD', 0, 999, 0, NULL, ''),
(7482, 902, 1, 1, 40, 'Richard Cain', 'Barney Dearsly', 'Starcross YC', 'RS400', NULL, '411', 946, '15:47:02', '16:30:51', 2, 0, 2269, 1199, 0, 3404, '', 0, 1, 0, NULL, 'F'),
(7475, 902, 3, 3, 1305, 'Luke Rutley', '', 'Starcross YC', 'Laser', NULL, '81079', 1112, '15:47:02', '16:49:28', 1, 0, 3206, 2883, 0, 6412, '', 0, 5, 0, NULL, ''),
(7474, 902, 3, 3, 1183, 'Greg Bartlett', '', 'Starcross YC', 'Laser Radial', NULL, '202204', 1140, '15:47:02', '00:00:00', 0, 0, 0, 0, 0, 0, 'DNF', 0, 10, 0, NULL, ''),
(7473, 902, 4, 5, 1316, 'Liam Mcgrath', 'Sue Mcgrath', 'Starcross YC', 'Dart 18', NULL, '7663', 846, '15:47:02', '16:41:22', 1, 0, 2540, 3002, 0, 5080, 'DNF', 0, 8, 0, NULL, ''),
(7472, 902, 2, 2, 1213, 'Olly Turner', 'Alice Markham', 'Starcross YC', 'Merlin', NULL, '3656', 991, '15:47:02', '16:38:19', 2, 0, 1221, 1232, 0, 4076, '', 0, 1, 0, NULL, ''),
(7471, 902, 3, 3, 867, 'Jonathan Newall', '', 'Starcross YC', 'Laser Radial', NULL, '164572', 1140, '15:47:02', '16:59:53', 1, 0, 3831, 3361, 0, 7662, '', 0, 6, 0, NULL, ''),
(7470, 902, 1, 1, 605, 'Russ Gibbs', 'Meg Baker', 'Starcross YC', 'RS800', NULL, '1101', 815, '15:47:02', '16:26:00', 2, 0, 2158, 1324, 0, 3237, 'DNF', 0, 2, 0, NULL, 'X'),
(7469, 902, 3, 3, 1277, 'Paul Bartlett', '', 'Starcross YC', 'Laser', NULL, '203299', 1112, '15:47:02', '16:53:07', 2, 0, 1631, 1467, 0, 5138, '', 0, 2, 0, NULL, ''),
(7468, 902, 1, 1, 1148, 'Mark Pollard', 'mark', 'Starcross YC', 'B14', NULL, '777', 999, '15:47:02', '16:34:48', 2, 0, 5600, 1554, 0, 4029, 'RET', 0, 40, 0, NULL, 'X'),
(7467, 902, 2, 2, 1317, 'James Wells', 'Liz Wells', 'Starcross YC', 'Merlin', NULL, '3566', 991, '15:47:02', '16:42:41', 2, 0, 1334, 1346, 0, 4469, '', 0, 5, 0, NULL, ''),
(7466, 902, 1, 1, 1309, 'Edward Venmore', '', 'Starcross YC', 'RS100 - 8.4', NULL, '458', 1003, '15:47:02', '16:22:22', 1, 0, 1940, 1934, 0, 3880, '', 0, 12, 0, NULL, 'F'),
(7463, 902, 1, 1, 876, 'Chris Cunningham', '', 'Starcross YC', 'RS100 - 8.4', NULL, '421', 1003, '15:47:02', '16:56:00', 2, 0, 3086, 1538, 0, 5937, '', 0, 9, 0, NULL, 'R'),
(7465, 902, 2, 2, 1222, 'Wilf OKeefe', '', 'Starcross YC', 'Laser Vago', NULL, '617', 1060, '15:47:02', '00:00:00', 0, 0, 0, 0, 0, 0, 'DNF', 0, 14, 0, NULL, ''),
(7464, 902, 3, 3, 950, 'Roger Williams', '', 'Starcross YC', 'Laser Radial', NULL, '174693', 1140, '15:47:02', '16:23:34', 1, 0, 1652, 1449, 0, 3304, '', 0, 1, 0, NULL, ''),
(7462, 902, 2, 2, 345, 'Dave Lee', 'Juliet Pealing', 'Starcross YC', 'Merlin', NULL, '3711', 991, '15:47:02', '16:42:34', 2, 0, 1303, 1315, 0, 4458, '', 0, 4, 0, NULL, ''),
(7461, 902, 2, 2, 159, 'Grant Simmons', '', 'Starcross YC', 'Finn', NULL, '603', 1062, '15:47:02', '16:45:35', 2, 0, 1544, 1454, 0, 4730, '', 0, 6, 0, NULL, ''),
(7460, 902, 4, 5, 1172, 'Graham Buxton-smith', 'Alex Hawkes', 'Starcross YC', 'Hurricane SX', NULL, '278', 698, '15:47:02', '16:37:54', 2, 0, 2332, 1670, 0, 3498, '', 0, 2, 0, NULL, ''),
(7459, 902, 2, 2, 1325, 'Michael Webster', 'Nicholas Barker', 'Starcross YC', 'Merlin', NULL, '3597', 991, '15:47:02', '16:54:41', 1, 0, 3699, 3733, 0, 7398, '', 0, 12, 0, NULL, ''),
(7458, 902, 1, 1, 878, 'Olly Greenslade', 'Andrew Gladstone', 'Starcross YC', 'RS400', NULL, '1264', 946, '15:47:02', '16:33:42', 2, 0, 2620, 1385, 0, 3930, '', 0, 3, 1, NULL, 'F'),
(7457, 902, 4, 5, 1312, 'Will Mcgrath', '', 'Starcross YC', 'Dart 18', NULL, '7431', 846, '15:47:02', '16:51:49', 2, 0, 3167, 1872, 0, 4751, '', 0, 5, 0, NULL, ''),
(7456, 902, 2, 2, 30, 'Vyv Game', 'Mike Tucket', 'Starcross YC', 'Merlin', NULL, '3576', 991, '15:47:02', '16:50:48', 2, 0, 1603, 1618, 0, 5199, '', 0, 8, 0, NULL, ''),
(7455, 902, 2, 2, 386, 'David Kingdon', '', 'Starcross YC', 'Finn', NULL, '99', 1062, '15:47:02', '16:22:08', 1, 0, 1746, 1644, 0, 3492, '', 0, 9, 0, NULL, ''),
(7454, 902, 2, 2, 673, 'Steve Harling', 'Eleanor Thomas', 'Starcross YC', 'Merlin', NULL, '3713', 991, '15:47:02', '16:44:38', 2, 0, 1515, 1529, 0, 4644, '', 0, 7, 0, NULL, ''),
(7453, 902, 2, 2, 425, 'Mike Mackie', 'Clare Knight', 'Starcross YC', 'Merlin', NULL, '3580', 991, '15:47:02', '16:39:31', 2, 0, 1248, 1259, 0, 4184, '', 0, 3, 0, NULL, ''),
(7452, 902, 2, 2, 376, 'Andy Hohl', 'Philippa Greenslade', 'Starcross YC', 'Hornet', NULL, '2165', 969, '15:47:02', '16:49:36', 2, 0, 1614, 1666, 0, 5091, '', 0, 11, 0, NULL, ''),
(7451, 902, 2, 2, 1324, 'Dick Garry', 'Sam Woolner', 'Starcross YC', 'Hornet', NULL, '2108', 969, '15:47:02', '16:39:51', 2, 0, 1199, 1237, 0, 4214, '', 0, 2, 0, NULL, ''),
(7450, 902, 4, 5, 341, 'Ben Neild', 'Gibson', 'Starcross YC', 'Dart 18', NULL, '6788', 846, '15:47:02', '16:45:45', 1, 0, 2803, 3313, 0, 5606, 'DNF', 0, 8, 0, NULL, ''),
(7449, 902, 4, 5, 17, 'Jim Carter', 'Jonathan Gosling', 'Starcross YC', 'Dart 18', NULL, '6886', 846, '15:47:02', '16:51:02', 2, 0, 3120, 1844, 0, 4680, '', 0, 3, 0, NULL, '');

--
-- Dumping data for table `rm_admin_uggroups`
--

INSERT INTO `rm_admin_uggroups` (`GroupID`, `Label`) VALUES
(1, 'config'),
(2, 'programme'),
(3, 'results');

--
-- Dumping data for table `rm_admin_ugmembers`
--

INSERT INTO `rm_admin_ugmembers` (`UserName`, `GroupID`) VALUES
('admin', -1),
('admin', 1),
('admin', 2),
('admin', 3),
('test', 2),
('test', 3);

--
-- Dumping data for table `rm_admin_ugrights`
--

INSERT INTO `rm_admin_ugrights` (`TableName`, `GroupID`, `AccessMask`) VALUES
('rm_admin_users', -1, 'ADESPIM'),
('t_cfgevent', -1, 'ADESPIM'),
('t_cfgevent', 1, 'AEDSPI'),
('t_cfgfleet', -1, 'AEDS'),
('t_cfgrace', -1, 'ADESPIM'),
('t_cfgrace', 1, 'AEDSPI'),
('t_cfgseries', -1, 'AEDSP'),
('t_cfgstart', -1, 'ADESPIM'),
('t_cfgstart', 1, 'AEDSPI'),
('t_class', -1, 'ADESPIM'),
('t_code_result', -1, 'AEDSPI'),
('t_code_system', -1, 'AEDSPI'),
('t_code_type', -1, 'AEDSP'),
('t_competitor', -1, 'ADESPIM'),
('t_complist', -1, 'ADESPIM'),
('t_complist', 1, 'AEDSPI'),
('t_event', -1, 'ADESPIM'),
('t_event', 2, 'AEDSPI'),
('t_eventduty', -1, 'AEDSPI'),
('t_eventresult', -1, 'AEDSPI'),
('t_help', -1, 'AEDSPI'),
('t_ini', -1, 'AEDSPI'),
('t_lap', -1, 'AEDSPI'),
('t_link', -1, 'AEDSPI'),
('t_message', -1, 'AEDSPI'),
('t_results', -1, 'AEDSPI'),
('t_series', -1, 'AEDSPI'),
('z_lap_archive', -1, 'SP'),
('z_race_archive', -1, 'SP');

--
-- Dumping data for table `rm_admin_users`
--

INSERT INTO `rm_admin_users` (`ID`, `username`, `password`, `email`, `fullname`, `groupid`, `active`) VALUES
(1, 'admin', 'b14molly', 'mark.elkington@blueyonder.co.uk', 'mark elkington', 'admin', 1),
(2, 'test', 'molly505', 'markeb14.762@gmail.com', 'test user', 'programme', 1),
(3, 'markmet', 'b14molly', 'mark.elkington@metoffice.gov.uk', NULL, NULL, 0);

--
-- Dumping data for table `t_cfgfleet`
--

INSERT INTO `t_cfgfleet` (`id`, `eventcfgid`, `start_num`, `fleet_num`, `fleet_code`, `fleet_name`, `fleet_desc`, `scoring`, `py_type`, `warn_signal`, `prep_signal`, `timelimit_abs`, `timelimit_rel`, `defaultlaps`, `defaultfleet`, `classinc`, `onlyinc`, `classexc`, `groupinc`, `min_py`, `max_py`, `crew`, `spintype`, `hulltype`, `min_helmage`, `max_helmage`, `min_skill`, `max_skill`, `upddate`, `updby`) VALUES
(1, 2, 1, 1, '', 'monohull', 'Handicap racing for all Monohulls', '', 'local', 'ics~p.gif', 'cf~yellow.gif', 90, 20, 0, 0, 'K1,Moth', 0, '', NULL, 800, 1400, 'any', 'any', 'D', NULL, NULL, NULL, NULL, '2015-03-07 10:43:34', 'transfer'),
(2, 2, 2, 2, '', 'multihull', 'Handicap racing for all Multihulls', '', 'local', 'ics~p.gif', 'cf~red.gif', 90, 20, 0, 0, '', 0, '', NULL, 0, 10000, 'any', 'any', 'M', 0, 100, 0, 10, '2015-03-07 10:41:59', 'transfer'),
(3, 3, 1, 1, 'fast hcap', 'fast handicap', 'monohulls with a PY of 1019 or less', 'average', 'local', 'ics~p.gif', 'cf~yellow.gif', 90, 20, 0, 0, 'Enterprise,RS200', 0, '', 'junior,visitor', NULL, 1019, NULL, NULL, 'D', NULL, NULL, NULL, NULL, '2015-06-22 12:54:01', 'admin'),
(4, 3, 2, 2, 'SLOW', 'slow handicap', 'monohulls with PY of 1020 or greater', 'average', 'local', 'ics~p.gif', 'cf~red.gif', 60, NULL, 0, 0, 'K1', 0, NULL, NULL, 1020, NULL, '1', 'A', 'D', NULL, NULL, NULL, NULL, '2015-06-22 12:54:08', 'transfer'),
(5, 3, 3, 3, 'hurricane', 'hurricanes', 'Handicap racing for Hurricane 5.9 and Hurricane SX', 'average', 'local', 'ics~p.gif', 'cf~green.gif', NULL, 30, 0, 0, '', 0, 'dart 18', NULL, NULL, NULL, NULL, NULL, 'M', NULL, 30, NULL, 5, '2015-06-22 12:54:13', 'transfer'),
(6, 3, 3, 4, 'dart', 'dart', 'Class racing for Dart 18', 'level', 'local', 'ics~p.gif', 'cf~green.gif', NULL, NULL, 0, 0, 'dart 18', 1, '', NULL, NULL, NULL, NULL, NULL, 'M', NULL, NULL, NULL, NULL, '2015-04-17 08:35:33', 'transfer'),
(7, 4, 1, 1, '', 'pursuit', 'all monohulls', 'pursuit', 'local', NULL, NULL, NULL, NULL, 9, 1, 'K1,Moth', 0, '', NULL, 400, 1460, 'any', 'any', 'D', 0, 100, 0, 10, '2014-05-11 19:58:23', 'transfer'),
(8, 10, 1, 1, '', 'asymmetric', '', '', 'local', NULL, NULL, NULL, NULL, 9, 0, 'RS200', 0, '', NULL, 0, 1020, 'any', 'A', 'D', 0, 100, 0, 10, '2014-05-11 19:58:23', 'transfer'),
(9, 10, 2, 2, '', 'handicap', '', '', 'local', NULL, NULL, NULL, NULL, 0, 1, 'K1', 0, '', NULL, 0, 10000, 'any', 'any', 'D', 0, 100, 0, 10, '2014-05-11 19:58:23', 'transfer'),
(10, 10, 3, 3, '', 'laser', '', '', 'local', NULL, NULL, NULL, NULL, 0, 0, 'laser,laser radial,laser 4.7,laser 8.1', 1, '', NULL, 0, 10000, '1', 'O', 'D', 0, 100, 0, 10, '2014-05-11 19:58:23', 'transfer'),
(11, 10, 3, 4, '', 'topper', '', '', 'local', NULL, NULL, NULL, NULL, 0, 0, 'topper,topper 5.3', 1, '', NULL, 0, 10000, '1', 'O', 'D', 0, 100, 0, 10, '2014-05-11 19:58:23', 'transfer'),
(12, 10, 4, 5, '', 'hurricane', '', '', 'local', NULL, NULL, NULL, NULL, 0, 0, '', 0, 'dart 18', NULL, 0, 10000, 'any', 'any', 'M', 0, 100, 0, 10, '2014-05-11 19:58:23', 'transfer'),
(14, 14, 1, 1, '', 'avge-lap-race', 'average lap test race', '', 'national', NULL, NULL, NULL, NULL, 3, 1, '', 0, 'dart 18,hurricane SX, hurricane 5.9', NULL, 1, 2000, 'any', 'any', 'any', 0, 100, 0, 10, '2014-05-11 19:58:23', 'transfer'),
(15, 14, 2, 2, '', 'level-race', 'level handicap test race', 'level', 'local', NULL, NULL, NULL, NULL, 2, 0, 'RS200,RS400', 1, '', NULL, 1, 2000, 'any', 'any', 'any', 0, 100, 0, 10, '2014-05-11 19:58:23', 'transfer'),
(16, 14, 2, 3, '', 'handicap-race', 'handicap test race -singlehander/mono', '', 'local', NULL, NULL, NULL, NULL, 1, 0, '', 0, '', NULL, 1, 2000, '1', 'any', 'D', 0, 100, 0, 10, '2014-05-11 19:58:23', 'transfer');

--
-- Dumping data for table `t_cfgrace`
--

INSERT INTO `t_cfgrace` (`id`, `race_code`, `race_name`, `race_desc`, `pursuit`, `numstarts`, `start_scheme`, `start_interval`, `active`, `comp_pick`, `upddate`, `updby`) VALUES
(2, 'TR', 'trophy race', 'All in handicap races for named trophies - multihulls and monohulls in separate races', 0, 2, '6-3-0', 3, 1, 0, '2014-07-25 20:33:38', 'admin'),
(3, 'HS', 'handicap series', 'Three starts/fleets (all average lap timing):  Fast Monohulls (PY < 1020), Slow Monohulls (PY >= 1020), Multihulls', 0, 3, '6-3-0', 3, 1, 0, '2014-07-25 20:33:07', 'admin'),
(4, 'PR', 'pursuit race', 'Starts determined by PY number - slower boats start first.  Race finishes at specified time limit.', 1, 1, '6-3-0', 0, 1, 0, '2014-07-25 20:33:22', 'admin'),
(10, 'CS', 'club series', 'Four starts/fleets (all average lap timing):  Asymmetrics, Handicap, Lasers/Toppers, Hurricanes/Darts\r\n', 0, 4, '6-3-0', 3, 1, 0, '2014-07-25 20:33:01', 'admin'),
(14, 'TTT', 'test', 'a test event - with level, handicap and average lap races', 0, 2, '5-4-1-0', 10, 1, 0, '2014-07-25 20:34:17', 'admin'),
(15, 'DR', 'dummy race', 'race to demonstrate non-active format', 0, 4, '6-3-0', 6, 1, 1, '2014-07-25 20:44:51', 'admin');

--
-- Dumping data for table `t_cfgseries`
--

INSERT INTO `t_cfgseries` (`id`, `seriestype`, `discard`, `nodiscard`, `doublepoint`, `avgscheme`, `dutypoints`, `dutynum`, `pyused`, `notes`, `active`, `upddate`, `updby`) VALUES
(1, 'special', '0,1,1,2,2,3,3', '1,2,3,4', NULL, 'avge-2', 3, 10, 'local', '', 1, '2015-04-26 16:33:52', 'transfer'),
(2, 'long', '0,1,1,2,2,3,3,4,4,5,5,6,6,7,7', NULL, NULL, 'avge-1', 0, 10, 'local', 'hello world', 1, '2015-04-26 16:33:57', 'transfer'),
(3, 'short', '0,0,1,1', NULL, '4', 'avge-1', 0, 10, 'national', '', 1, '2015-04-26 16:34:01', 'transfer'),
(4, 'club', '0,0,1,1', NULL, NULL, 'avge-1', 0, 10, 'personal', NULL, 0, '2015-04-26 16:34:05', 'transfer');

--
-- Dumping data for table `t_class`
--

INSERT INTO `t_class` (`id`, `acronym`, `classname`, `info`, `popular`, `nat_py`, `local_py`, `rya_id`, `category`, `crew`, `rig`, `spinnaker`, `engine`, `keel`, `updby`, `upddate`) VALUES
(1, 'RS200', 'RS200', NULL, 1, 1055, 1055, NULL, 'D', '2', 'S', 'A', 'OB', 'D', 'marke', '2014-11-15 12:06:39'),
(2, 'ENT', 'Enterprise', NULL, 0, 1130, 1130, NULL, 'D', '2', 'S', 'O', 'OB', 'D', 'marke', '2014-11-15 12:06:39'),
(3, 'HURSX', 'Hurricane SX', 'Hurricane 5.9 with gennaker', 1, 690, 690, 'HURSX2SA', 'M', '2', 'S', 'A', 'OB', 'D', NULL, '2015-01-02 19:46:04'),
(10, 'Q''BA', 'Q''ba', NULL, 0, 789, 789, NULL, 'D', '1', 'U', 'O', 'OB', 'D', 'OOD', '2015-05-05 23:27:02');

--
-- Dumping data for table `t_code_result`
--

INSERT INTO `t_code_result` (`id`, `code`, `info`, `scoring`, `timing`, `visibility`, `nonexclude`, `rank`, `upddate`, `updby`) VALUES
(1, 'DNF', 'Competitor did not finish', 'N + 1', 0, 1, 0, 1, '2014-10-18 22:32:33', ''),
(5, 'RET', 'Competitor retired ', 'N + 1', 0, 0, 0, 1, '2014-10-18 23:32:09', 'admin'),
(3, 'AVG', 'Competitor scores average points in series (e.g. for doing OOD or safety duty)', 'A ??? 2 schemes', 0, 1, 0, 1, '2014-10-18 22:33:24', ''),
(4, 'DSQ', 'boat disqualified - OOD should only use this if local SIs allow - otherwise only applied as a result of a protest', 'N + 1', 1, 1, 0, 1, '2014-10-19 21:23:58', ''),
(6, 'BFD', 'Competitor black flagged at start', 'N + 1', 1, 1, 0, 1, '2014-10-18 23:34:59', 'admin'),
(7, 'DNC', 'Competitor did not compete', 'S + 1', 0, 0, 0, 1, '2014-10-18 23:35:58', 'admin'),
(8, 'DNS', 'Competitor did not come to start', 'N + 1', 0, 1, 0, 1, '2014-10-18 23:36:50', 'admin'),
(9, 'OCS', 'Did not start; on the course side of the starting line at her starting signal and failed to start, or broke rule 30.1', 'N + 1', 1, 1, 0, 1, '2014-10-18 23:37:45', 'admin'),
(10, 'RDG', 'Competitor given redress following hearing', 'manual', 0, 0, 0, 1, '2014-10-19 21:22:57', 'admin'),
(11, 'ZFP', 'Competitor OCS - Z flag in place - 20% penalty applied', 'P * 1.2', 1, 1, 0, 1, '2014-10-18 23:41:50', 'admin'),
(12, 'SCP', 'Took a Scoring Penalty under rule 44.3(a) in accordance with Sailing Instructions', 'manual', 1, 1, 0, 1, '2014-10-19 21:22:18', 'admin'),
(13, 'DNE', 'DNE  Disqualification (other than DGM) not excludable under rule 90.3(b) ', 'N + 1', 1, 1, 1, 1, '2014-10-19 15:34:40', 'admin'),
(14, 'DUT', 'duty points as defined for the series type', 'seriesconfig', 0, 1, 0, 1, '2015-04-27 22:45:45', 'admin'),
(15, 'UFD', 'Competitor U flagged at start', 'N + 1', 1, 1, 0, 1, '2014-10-18 23:34:59', 'admin');

--
-- Dumping data for table `t_code_system`
--

INSERT INTO `t_code_system` (`id`, `groupname`, `code`, `label`, `rank`, `defaultval`, `deletable`, `upddate`, `updby`) VALUES
(1, 'class_category', 'D', 'dinghy', 5, 1, 0, '2014-07-27 12:46:03', 'admin'),
(2, 'class_category', 'M', 'multihull', 10, 0, 0, '2014-07-27 12:46:03', 'admin'),
(3, 'class_category', 'K', 'keelboat', 15, 0, 0, '2014-07-27 12:46:03', 'admin'),
(4, 'class_category', 'C', 'cruiser', 25, 0, 0, '2014-07-27 12:46:03', 'admin'),
(5, 'class_rig', 'U', 'una rig', 1, 1, 0, '2014-07-27 12:46:03', 'admin'),
(6, 'class_rig', 'S', 'sloop', 2, 0, 0, '2014-07-27 12:46:03', 'admin'),
(7, 'class_rig', 'K', 'ketch or yawl', 3, 0, 0, '2014-07-27 12:46:03', 'admin'),
(8, 'class_spinnaker', 'O', 'no spinnaker', 1, 1, 0, '2014-07-27 12:46:03', 'admin'),
(9, 'class_spinnaker', 'C', 'conventional spinnaker', 2, 0, 0, '2014-07-27 12:46:03', 'admin'),
(10, 'class_spinnaker', 'A', 'asymmetric spinnaker', 3, 0, 0, '2014-07-27 12:46:03', 'admin'),
(11, 'class_keel', 'D', 'centreboard', 5, 1, 0, '2014-07-27 12:46:03', 'admin'),
(12, 'class_keel', 'F', 'fixed', 10, 0, 0, '2014-07-27 12:46:03', 'admin'),
(13, 'class_keel', '2K', 'twin', 15, 0, 0, '2014-07-27 12:46:03', 'admin'),
(14, 'class_keel', '3K', 'triple', 20, 0, 0, '2014-07-27 12:46:03', 'admin'),
(15, 'class_engine', 'OB', 'none/outboard', 1, 1, 0, '2014-07-27 12:46:03', 'admin'),
(16, 'class_engine', 'IBF', 'inboard - folding prop', 10, 0, 0, '2014-07-27 12:46:03', 'admin'),
(17, 'class_engine', 'IB2', 'inboard - 2 bladed prop', 15, 0, 0, '2014-07-27 12:46:03', 'admin'),
(18, 'class_engine', 'IB3', 'inboard - 3 bladed prop', 20, 0, 0, '2014-07-27 12:46:03', 'admin'),
(19, 'class_category', 'F', 'foiler', 20, 0, 0, '2014-07-27 12:46:03', 'admin'),
(20, 'class_crew', '1', 'single handed', 5, 1, 0, '2014-07-27 13:43:36', 'admin'),
(21, 'class_crew', '2', 'double handed', 10, 0, 0, '2014-07-27 13:43:41', 'admin'),
(22, 'class_crew', 'N', 'more than 2', 12, 0, 0, '2014-07-27 13:43:45', 'admin'),
(23, 'entry_type', 'signon', 'sign on system (no sign off)', 2, 1, 0, '2015-04-25 15:18:33', 'admin'),
(24, 'entry_type', 'signon-retire', 'sign on system (and retire)', 2, 0, 0, '2015-04-25 15:17:51', 'admin'),
(25, 'entry_type', 'ood', 'OOD entry', 1, 0, 0, '2015-04-25 15:18:37', 'admin'),
(26, 'entry_type', 'signon-declare', 'sign on system (and declare)', 4, 0, 0, '2015-04-25 15:17:51', 'admin'),
(27, 'event_type', 'racing', 'racing', 1, 1, 0, '2015-04-27 07:24:04', 'admin'),
(28, 'event_type', 'training', 'training', 5, 0, 0, '2015-04-27 07:24:30', 'admin'),
(29, 'event_type', 'social', 'social', 10, 0, 0, '2015-04-27 07:25:04', 'admin'),
(30, 'event_status', 'running', 'race underway', 4, 0, 0, '2015-04-27 09:44:07', 'admin'),
(31, 'event_status', 'selected', 'race selected', 2, 0, 0, '2015-04-27 09:44:07', 'admin'),
(32, 'event_status', 'cancelled', 'race cancelled', 12, 0, 0, '2015-04-27 09:44:07', 'admin'),
(33, 'event_status', 'abandoned', 'race abandoned', 10, 0, 0, '2015-04-27 09:44:07', 'admin'),
(34, 'event_status', 'sailed', 'race complete', 6, 0, 0, '2015-04-27 09:44:07', 'admin'),
(35, 'event_status', 'completed', 'race closed', 8, 0, 0, '2015-04-27 09:44:07', 'admin'),
(36, 'event_status', 'scheduled', 'race scheduled', 1, 1, 0, '2015-04-27 09:44:07', 'admin'),
(37, 'duty_type', 'ood', 'race officer', 1, 1, 0, '2015-04-27 13:04:50', 'admin'),
(38, 'duty_type', 'aood', 'assistant race officer', 2, 0, 1, '2015-04-27 13:04:53', 'admin'),
(39, 'duty_type', 'tood', 'timekeeper', 3, 0, 1, '2015-04-27 13:04:59', 'admin'),
(40, 'duty_type', 'sboat', 'safety boat driver', 10, 0, 0, '2015-04-27 13:05:24', 'admin'),
(41, 'duty_type', 'screw', 'safety boat crew', 11, 0, 1, '2015-04-27 13:05:29', 'admin'),
(42, 'duty_type', 'galley', 'galley', 20, 0, 1, '2015-04-27 13:05:11', 'admin'),
(43, 'duty_type', 'bar', 'bar', 21, 0, 1, '2015-04-27 13:05:20', 'admin'),
(44, 'start_scheme', '6-3-0', '6-3-start', 1, 1, 0, '2015-05-08 08:51:52', 'admin'),
(45, 'start_scheme', '5-4-1-0', '5-4-1-start', 2, 0, 0, '2015-05-08 08:51:52', 'admin'),
(46, 'start_scheme', '10-5-0', '10-5-start', 3, 0, 0, '2015-05-08 08:51:52', 'admin'),
(47, 'race_format', 'fleet', 'fleet racing', 5, 1, 0, '2015-05-31 12:59:37', 'marke'),
(48, 'race_format', 'flight', 'flights', 10, 0, 0, '2015-05-31 13:00:22', 'marke'),
(49, 'race_type', 'handicap', 'PY handicap', 5, 1, 0, '2015-06-25 22:17:12', 'admin'),
(50, 'race_type', 'average', 'average lap', 10, 0, 0, '2015-06-25 22:17:05', 'admin'),
(51, 'race_type', 'level', 'no handicap', 15, 0, 0, '2015-05-31 13:04:56', 'admin'),
(52, 'race_type', 'pursuit', 'pursuit', 20, 0, 0, '2015-05-31 13:04:56', 'admin'),
(53, 'wind_dir', 'N', 'north', 1, 0, 0, '2015-06-18 21:42:01', 'admin'),
(54, 'wind_dir', 'E', 'east', 3, 0, 0, '2015-06-18 21:42:01', 'admin'),
(55, 'wind_dir', 'W', 'west', 7, 0, 0, '2015-06-18 21:42:01', 'admin'),
(56, 'wind_dir', 'NW', 'north-west', 8, 0, 0, '2015-06-18 21:42:01', 'admin'),
(57, 'wind_dir', 'SW', 'south-west', 6, 0, 0, '2015-06-18 21:42:01', 'admin'),
(58, 'wind_dir', 'S', 'south', 5, 0, 0, '2015-06-18 21:42:01', 'admin'),
(59, 'wind_dir', 'SE', 'south-east', 4, 0, 0, '2015-06-18 21:42:01', 'admin'),
(60, 'wind_dir', 'NE', 'north-east', 2, 0, 0, '2015-06-18 21:42:01', 'admin'),
(61, 'wind_speed', '20+', '20 + knots', 5, 0, 0, '2015-06-18 21:42:01', 'admin'),
(62, 'wind_speed', '15-20', '15 - 20 knots', 4, 0, 0, '2015-06-18 21:42:01', 'admin'),
(63, 'wind_speed', '10-15', '10 - 15 knots', 3, 0, 0, '2015-06-18 21:42:01', 'admin'),
(64, 'wind_speed', '5-10', '5 - 10 knots', 2, 0, 0, '2015-06-18 21:42:01', 'admin'),
(65, 'wind_speed', '0-5', '0 - 5 knots', 1, 0, 0, '2015-06-18 21:42:01', 'admin');

--
-- Dumping data for table `t_code_type`
--

INSERT INTO `t_code_type` (`id`, `groupname`, `label`, `info`, `rank`, `type`) VALUES
(1, 'class_category', 'class type', 'general type of boat used in RYA classification scheme used when adding a new class', 1, 'system'),
(2, 'class_engine', 'class engine type', 'classification of engine type used in RYA scheme (only relevant to cruisers) used when adding a new class', 1, 'system'),
(3, 'class_keel', 'class keel type', 'classification of keel used when adding a new class', 1, 'system'),
(4, 'class_crew', 'class crew number', 'number of crew classification used when adding a new boat', 2, 'system'),
(5, 'class_rig', 'class rig type', 'rig type classification used when adding a new class', 1, 'system'),
(6, 'class_spinnaker', 'class spinnaker type', 'spinnaker type classification used when adding a new class', 1, 'system'),
(7, 'entry_type', 'entry type', 'options for entering competitors into a race', 1, 'system'),
(8, 'event_type', 'event type', 'type of event (e.g. racing, cruising, etc.)', 1, 'system'),
(9, 'event_status', 'race status', 'the system states for a programmed race', 1, 'system'),
(10, 'duty_type', 'duty type', 'codes used for different types of duty', 1, 'club'),
(11, 'start_scheme', 'start scheme', 'Timing schemes for starting sequence', 1, 'system');

--
-- Dumping data for table `t_competitor`
--

INSERT INTO `t_competitor` (`id`, `classid`, `boatnum`, `sailnum`, `boatname`, `helm`, `helm_dob`, `helm_email`, `crew`, `crew_dob`, `crew_email`, `club`, `personal_py`, `skill_level`, `flight`, `regular`, `last_entry`, `last_event`, `status`, `grouplist`, `memberid`, `updby`, `upddate`) VALUES
(1, 1, '1477', '1477', 'Aardvark', 'Mark Elkington', NULL, 'mark.elkington@blueyonder.co.uk', 'Robbie Elkington', NULL, '', 'Starcross YC', NULL, '6', '', 1, '2015-06-13', 902, 'current', 'member,junior', '', NULL, '2015-06-13 16:18:11'),
(2, 2, '21242', '1477', 'Hells Fart', 'Dan Bridger', NULL, NULL, 'Jayne Morris', NULL, NULL, 'Salcombe YC', NULL, NULL, NULL, 1, '2015-06-05', 902, 'current', 'visitor', NULL, 'marke', '2015-06-05 21:38:55'),
(3, 3, '454', '454', '', 'John Donovan', NULL, '', 'Nigel Hingston', NULL, '', 'Starcross YC', NULL, '0', '', 0, '2015-05-28', 1101, 'current', 'member', '', NULL, '2015-05-28 15:14:14'),
(5, 2, '12345', '12345', NULL, 'Mark Elkington', NULL, NULL, 'Fred Jones', NULL, NULL, 'Starcross YC', NULL, NULL, NULL, 0, NULL, NULL, 'current', NULL, NULL, 'OOD', '2015-05-21 20:58:43');

--
-- Dumping data for table `t_entry`
--

INSERT INTO `t_entry` (`id`, `action`, `status`, `eventid`, `competitorid`, `memberid`, `change_crew`, `change_sailnum`, `entryid`, `upddate`, `updby`) VALUES
(3, 'enter', 'N', 913, 1, '', '', '', NULL, '2015-01-04 11:15:34', NULL),
(4, 'enter', 'N', 913, 2, '', '', '', NULL, '2015-01-04 11:19:00', NULL),
(5, 'update', 'L', 902, 1, '', 'Rosie Elkington', '1477', 85, '2015-05-28 14:11:03', NULL),
(6, 'update', 'N', 913, 1, '', 'Rosie Elkington', '1477', NULL, '2015-01-04 11:22:27', NULL),
(7, 'update', 'F', 902, 27, '', 'Robbie Elkington', '1479', NULL, '2015-05-28 14:10:00', NULL),
(8, 'update', 'N', 913, 2, '', 'Mark Elkington', '1479', NULL, '2015-01-04 11:25:53', NULL),
(10, 'update', 'L', 902, 2, '', '', '', 84, '2015-05-28 14:11:02', NULL),
(11, 'update', 'N', 913, 2, '', '', '', NULL, '2015-01-04 11:36:42', NULL),
(12, 'update', 'N', 913, 2, '', '', '', NULL, '2015-01-04 11:37:58', NULL),
(13, 'enter', 'N', 913, 3, '', 'Rebecca Elkington', '454', NULL, '2015-01-04 11:41:21', NULL),
(14, 'update', 'L', 902, 1, '', '', '', 81, '2015-05-28 14:11:03', NULL),
(15, 'update', 'N', 913, 1, '', '', '', NULL, '2015-05-17 13:26:22', NULL),
(16, 'enter', 'N', 1101, 1, '', '', '', NULL, '2015-05-17 13:26:22', NULL),
(17, 'retire', 'L', 902, 1148, NULL, NULL, NULL, 0, '2015-06-13 19:29:17', 'marke'),
(18, 'declare', 'L', 902, 878, NULL, NULL, NULL, 0, '2015-06-13 19:29:17', 'marke');

--
-- Dumping data for table `t_event`
--

INSERT INTO `t_event` (`id`, `event_date`, `event_start`, `event_order`, `event_name`, `seriescode`, `event_type`, `event_format`, `event_entry`, `event_status`, `event_open`, `tide_time`, `tide_height`, `start_scheme`, `start_interval`, `ws_start`, `wd_start`, `ws_end`, `wd_end`, `event_notes`, `result_notes`, `display_code`, `upddate`, `updby`) VALUES
(902, '2012-04-01', '10:30', 1, 'DEMO Spring', 'SPRING', 'racing', 3, 'signon-declare', 'selected', 'local', '14:01', '2.60', '5-4-1-0', NULL, '0-5', 'S', '5-10', 'SE', 'hello world', 'hellow world results 2', '', '2015-09-07 11:58:07', 'transfer'),
(903, '2014-07-16', '', 1, 'Spring', '', 'racing', 3, 'ood', 'scheduled', 'local', '14:01:00', '2.60', '6-3-0', 3, '5-10', 'SE', '5-10', 'SE', 'You might need to be quick for the start', 'The results are all screwed up', '', '2015-03-10 11:03:55', 'transfer'),
(904, '2015-01-30', '18:30', 1, 'Evening', 'EVENING12', 'racing', 3, 'on/retire', 'scheduled', 'local', '17:50', '3.50', NULL, NULL, '5-10', 'NE', '11-15', 'N', NULL, 'Early start', '', '2015-01-10 22:15:57', 'transfer'),
(907, '2014-06-10', '09:30', 1, 'Easter', 'EASTER12', 'racing', 12, 'on/retire', 'complete', 'local', '8:39', '4.30', NULL, NULL, '0-5', 'NW', '5-10', 'NW', NULL, '', '', '2014-11-02 22:50:32', 'transfer'),
(908, '2012-04-09', '09:30', 1, 'Easter', 'EASTER12', 'racing', 12, 'on/retire', 'complete', 'local', '9:22', '4.20', NULL, NULL, '11-15', 'SW', '5-10', 'SW', NULL, '', '', '2015-01-10 22:15:57', 'transfer'),
(909, '2012-04-09', '', 1, 'Easter', 'EASTER12', 'racing', 12, 'on/retire', 'complete', 'local', '9:22', '4.20', NULL, NULL, '11-15', 'SW', '16-20', 'SW', NULL, '', '', '2015-01-10 22:15:57', 'transfer'),
(913, '2012-04-15', '14:00', 2, 'Kathleen/Debutant/Buxton Belle DEMO', 'KATHLEEN12', 'racing', 2, 'signon-retire', 'selected', 'local', '15:00', '2.70', NULL, NULL, '11-15', 'N', '11-15', 'N', NULL, 'Results updated', '', '2015-06-15 20:14:11', 'transfer'),
(914, '2012-04-18', '19:00', 1, 'Evening', 'EVENING12', 'racing', 3, 'on/retire', 'complete', 'local', '18:00', '3.40', NULL, NULL, '16-20', 'NW', '11-15', 'NW', NULL, '', '', '2015-01-10 22:15:57', 'transfer'),
(916, '2012-04-22', '09:30', 1, 'Spring', 'SPRING12', 'racing', 9, 'on/retire', 'complete', 'local', '8:10', '3.80', NULL, NULL, '5-10', 'W', '5-10', 'NW', NULL, '', '', '2015-01-10 22:15:57', 'transfer'),
(917, '2012-04-25', '19:00', 1, 'Evening', 'EVENING12', 'racing', 3, 'on/retire', 'complete', 'local', '21:49', '3.60', NULL, NULL, '', '', '', '', NULL, '', '', '2015-01-10 22:15:57', 'transfer'),
(923, '2012-05-06', '17:00', 1, 'Spring', 'SPRING12', 'racing', 9, 'on/retire', 'complete', 'local', '19:54', '4.20', NULL, NULL, '11-15', 'SE', '11-15', 'SE', NULL, '', '', '2015-01-10 22:15:57', 'transfer'),
(925, '2012-05-09', '19:00', 1, 'Evening', 'EVENING12', 'racing', 3, 'on/retire', 'complete', 'local', '22:06', '4.10', NULL, NULL, '11-15', 'SE', '11-15', 'SE', NULL, '', '', '2015-01-10 22:15:57', 'transfer'),
(928, '2014-11-15', '12:00', 1, 'Kathleen/Debutant/Buxton Belle', 'KATHLEEN12', 'racing', 12, 'on/retire', 'complete', 'local', '13:15', '2.90', NULL, NULL, '11-15', 'S', '11-15', 'S', NULL, '', '', '2015-01-10 22:15:57', 'transfer'),
(929, '2012-05-13', '', 1, 'Spring', 'SPRING12', 'racing', 9, 'on/retire', 'complete', 'local', '13:15', '2.90', NULL, NULL, '11-15', 'S', '11-15', 'S', NULL, 'updated results', '', '2015-01-10 22:15:57', 'transfer'),
(930, '2012-05-16', '19:00', 1, 'Evening', 'EVENING12', 'racing', 3, 'on/retire', 'complete', 'local', '16:25', '3.00', NULL, NULL, '5-10', 'SW', '0-5', 'NW', NULL, '', '', '2015-01-10 22:15:57', 'transfer'),
(932, '2012-05-20', '17:00', 1, 'Spring', 'SPRING12', 'racing', 9, 'on/retire', 'sailed', 'local', '19:22', '3.70', NULL, NULL, '', '', '', '', NULL, '', '', '2015-01-10 22:15:57', 'transfer'),
(933, '2012-05-23', '19:00', 1, 'Evening', 'EVENING12', 'racing', 3, 'on/retire', 'complete', 'local', '21:04', '3.70', NULL, NULL, '11-15', 'NW', '11-15', 'NW', NULL, '', '', '2015-01-10 22:15:57', 'transfer'),
(935, '2012-05-27', '10:00', 1, 'Crash  Boat/Upwright Trophies', '', 'racing', 12, 'on/retire', 'complete', 'local', '11:17', '3.10', NULL, NULL, '0-5', 'SE', '0-5', 'S', NULL, '', '', '2015-01-10 22:15:57', 'transfer'),
(936, '2012-05-27', '', 1, 'Spring', 'SPRING12', 'racing', 9, 'on/retire', 'complete', 'local', '11:17', '3.10', NULL, NULL, '5-10', 'S', '5-10', 'W', NULL, '', '', '2015-01-10 22:15:57', 'transfer'),
(939, '2012-06-04', '17:00', 1, 'Patrick Kelley Pursuit', '', 'racing', 4, 'on/retire', 'complete', 'local', '19:33', '4.10', NULL, NULL, '', '', '', '', NULL, '120 minute race', '', '2015-01-10 22:15:57', 'transfer'),
(940, '2012-06-04', '16:45', 1, 'Simon Dunsford Trophy', '', 'racing', 12, 'on/retire', 'complete', 'local', '19:33', '4.10', NULL, NULL, '', '', '', '', NULL, 'DIY BBQ and Band', '', '2015-01-10 22:15:57', 'transfer'),
(941, '2012-06-06', '19:00', 1, 'Evening', 'EVENING12', 'racing', 3, 'on/retire', 'complete', 'local', '21:10', '4.20', NULL, NULL, '5-10', 'SW', '0-5', 'SW', NULL, '', '', '2015-01-10 22:15:57', 'transfer'),
(943, '2012-06-10', '10:00', 1, 'Committee Boat Start A', 'COMMITTEEA12', 'racing', 9, 'on/retire', 'scheduled', 'local', '11:53', '3.30', NULL, NULL, '', '', '', '', NULL, 'Hurricane Open continues', '', '2015-01-10 22:15:57', 'transfer'),
(944, '2012-06-10', '', 1, 'Committee Boat Start A', 'COMMITTEEA12', 'racing', 9, 'on/retire', 'scheduled', 'local', '11:53', '3.30', NULL, NULL, '', '', '', '', NULL, '', '', '2015-01-10 22:15:57', 'transfer'),
(945, '2012-06-10', '', 1, 'Committee Boat Start A', 'COMMITTEEA12', 'racing', 9, 'on/retire', 'scheduled', 'local', '11:53', '3.30', NULL, NULL, '', '', '', '', NULL, '', '', '2015-01-10 22:15:57', 'transfer'),
(948, '2012-06-17', '16:30', 1, 'Summer', 'SUMMER12', 'racing', 9, 'on/retire', 'scheduled', 'local', '18:11', '3.50', NULL, NULL, '', '', '', '', NULL, '', '', '2015-01-10 22:15:57', 'transfer'),
(949, '2012-06-20', '19:00', 1, 'Evening', 'EVENING12', 'racing', 3, 'on/retire', 'scheduled', 'local', '20:17', '3.80', NULL, NULL, '', '', '', '', NULL, '', '', '2015-01-10 22:15:57', 'transfer'),
(954, '2012-06-24', '10:30', 1, 'Squires Cup', '', 'racing', 12, 'on/retire', 'scheduled', 'local', '10:28', '3.40', NULL, NULL, '', '', '', '', NULL, 'Committee Boat start run by SYC', '', '2015-01-10 22:15:57', 'transfer'),
(957, '2012-07-04', '19:00', 1, 'Evening', 'EVENING12', 'racing', 3, 'on/retire', 'scheduled', 'local', '20:09', '4.20', NULL, NULL, '', '', '', '', NULL, '', '', '2015-01-10 22:15:57', 'transfer'),
(960, '2012-07-08', '9:30', 1, 'George Eaton Trophy', '', 'racing', 12, 'on/retire', 'scheduled', 'local', '10:48', '3.60', NULL, NULL, '', '', '', '', NULL, '', '', '2015-01-10 22:15:57', 'transfer'),
(961, '2012-07-08', '', 1, 'Summer', 'SUMMER12', 'racing', 9, 'on/retire', 'scheduled', 'local', '10:48', '3.60', NULL, NULL, '', '', '', '', NULL, '', '', '2015-01-10 22:15:57', 'transfer'),
(964, '2012-07-15', '15:00', 1, 'July 12th/John Donovan', '', 'racing', 12, 'on/retire', 'scheduled', 'local', '16:41', '3.10', NULL, NULL, '', '', '', '', NULL, '', '', '2015-01-10 22:15:57', 'transfer'),
(965, '2012-07-15', '', 1, 'Summer', 'SUMMER12', 'racing', 9, 'on/retire', 'scheduled', 'local', '16:41', '3.10', NULL, NULL, '', '', '', '', NULL, '', '', '2015-01-10 22:15:57', 'transfer'),
(966, '2012-07-18', '19:00', 1, 'Evening', 'EVENING12', 'racing', 3, 'on/retire', 'scheduled', 'local', '19:17', '3.70', NULL, NULL, '', '', '', '', NULL, '', '', '2015-01-10 22:15:57', 'transfer'),
(969, '2012-07-22', '10:00', 1, 'Kathleen/Debutant/Buxton Belle', 'KATHLEEN12', 'racing', 12, 'on/retire', 'scheduled', 'local', '9:40', '3.70', NULL, NULL, '', '', '', '', NULL, '', '', '2015-01-10 22:15:57', 'transfer'),
(972, '2012-07-29', '14:30', 1, 'Lanham/Crellin/Herbert', '', 'racing', 12, 'on/retire', 'scheduled', 'local', '15:47', '3.20', NULL, NULL, '', '', '', '', NULL, 'Age group event (monohull only)', '', '2015-01-10 22:15:57', 'transfer'),
(973, '2012-07-29', '', 1, 'Summer', 'SUMMER12', 'racing', 9, 'on/retire', 'scheduled', 'local', '15:47', '3.20', NULL, NULL, '', '', '', '', NULL, '', '', '2015-01-10 22:15:57', 'transfer'),
(974, '2012-08-01', '19:00', 1, 'Evening', 'EVENING12', 'racing', 3, 'on/retire', 'scheduled', 'local', '19:03', '4.00', NULL, NULL, '', '', '', '', NULL, '', '', '2015-01-10 22:15:57', 'transfer'),
(977, '2012-08-05', '9:30', 1, 'Single Handed/Hander/Luce/Deborah', '', 'racing', 12, 'on/retire', 'scheduled', 'local', '9:42', '3.80', NULL, NULL, '', '', '', '', NULL, '', '', '2015-01-10 22:15:57', 'transfer'),
(979, '2012-08-12', '13:00', 1, 'Long Distance Charity Race', '', 'racing', 12, 'on/retire', 'scheduled', 'local', '14:31', '2.70', NULL, NULL, '', '', '', '', NULL, 'Laser Radial & Faster', '', '2015-01-10 22:15:57', 'transfer'),
(981, '2012-08-15', '19:00', 1, 'Evening', 'EVENING12', 'racing', 3, 'on/retire', 'scheduled', 'local', '18:04', '3.50', NULL, NULL, '', '', '', '', NULL, '', '', '2015-01-10 22:15:57', 'transfer'),
(983, '2012-08-19', '9:15', 1, 'Summer', 'SUMMER12', 'racing', 9, 'on/retire', 'scheduled', 'local', '8:44', '3.80', NULL, NULL, '', '', '', '', NULL, '', '', '2015-01-10 22:15:57', 'transfer'),
(985, '2012-08-26', '12:30', 1, 'Committee Boat Start B', 'COMMITTEEB12', 'racing', 9, 'on/retire', 'scheduled', 'local', '14:03', '3.00', NULL, NULL, '', '', '', '', NULL, '', '', '2015-01-10 22:15:57', 'transfer'),
(986, '2012-08-26', '', 1, 'Committee Boat Start B', 'COMMITTEEB12', 'racing', 9, 'on/retire', 'scheduled', 'local', '14:03', '3.00', NULL, NULL, '', '', '', '', NULL, '', '', '2015-01-10 22:15:57', 'transfer'),
(987, '2012-08-26', '', 1, 'Committee Boat Start B', 'COMMITTEEB12', 'racing', 9, 'on/retire', 'scheduled', 'local', '14:03', '3.00', NULL, NULL, '', '', '', '', NULL, '', '', '2015-01-10 22:15:57', 'transfer'),
(989, '2012-08-29', '19:00', 1, 'Evening', 'EVENING12', 'racing', 3, 'on/retire', 'scheduled', 'local', '17:57', '3.80', NULL, NULL, '', '', '', '', NULL, '', '', '2015-01-10 22:15:57', 'transfer'),
(991, '2012-09-02', '9:30', 1, 'Kathleen/Debutant/Buxton Belle', 'KATHLEEN12', 'racing', 12, 'on/retire', 'scheduled', 'local', '8:38', '3.90', NULL, NULL, '', '', '', '', NULL, '', '', '2015-01-10 22:15:57', 'transfer'),
(992, '2012-09-05', '19:00', 1, 'Evening', 'EVENING12', 'racing', 3, 'on/retire', 'scheduled', 'local', '22:13', '3.60', NULL, NULL, '', '', '', '', NULL, '', '', '2015-01-10 22:15:57', 'transfer'),
(994, '2012-09-09', '10:30', 1, 'Committee Boat Start C', 'COMMITTEEC12', 'racing', 9, 'on/retire', 'scheduled', 'local', '12:25', '2.80', NULL, NULL, '', '', '', '', NULL, '', '', '2015-01-10 22:15:57', 'transfer'),
(995, '2012-09-09', '', 1, 'Committee Boat Start C', 'COMMITTEEC12', 'racing', 9, 'on/retire', 'scheduled', 'local', '12:25', '2.80', NULL, NULL, '', '', '', '', NULL, '', '', '2015-01-10 22:15:57', 'transfer'),
(996, '2012-09-09', '', 1, 'Committee Boat Start C', 'COMMITTEEC12', 'racing', 9, 'on/retire', 'scheduled', 'local', '12:25', '2.80', NULL, NULL, '', '', '', '', NULL, '', '', '2015-01-10 22:15:57', 'transfer'),
(997, '2012-09-12', '18:30', 1, 'Evening', 'EVENING12', 'racing', 3, 'on/retire', 'scheduled', 'local', '16:37', '3.20', NULL, NULL, '', '', '', '', NULL, 'early start', '', '2015-01-10 22:15:57', 'transfer'),
(1001, '2012-09-16', '17:00', 1, 'Summer', 'SUMMER12', 'racing', 9, 'on/retire', 'scheduled', 'local', '19:54', '4.20', NULL, NULL, '', '', '', '', NULL, '', '', '2015-01-10 22:15:57', 'transfer'),
(1005, '2012-09-23', '10:30', 1, 'Committee Boat Start D', 'COMMITTEED12', 'racing', 9, 'on/retire', 'scheduled', 'local', '12:27', '3.20', NULL, NULL, '', '', '', '', NULL, '', '', '2015-01-10 22:15:57', 'transfer'),
(1006, '2012-09-23', '', 1, 'Committee Boat Start D', 'COMMITTEED12', 'racing', 9, 'on/retire', 'scheduled', 'local', '12:27', '3.20', NULL, NULL, '', '', '', '', NULL, '', '', '2015-01-10 22:15:57', 'transfer'),
(1007, '2012-09-23', '', 1, 'Committee Boat Start D', 'COMMITTEED12', 'racing', 9, 'on/retire', 'scheduled', 'local', '12:27', '3.20', NULL, NULL, '', '', '', '', NULL, '', '', '2015-01-10 22:15:57', 'transfer'),
(1010, '2012-09-30', '17:00', 1, 'Summer', 'SUMMER12', 'racing', 9, 'on/retire', 'scheduled', 'local', '19:48', '4.10', NULL, NULL, '', '', '', '', NULL, '', '', '2015-01-10 22:15:57', 'transfer'),
(1012, '2012-10-07', '10:00', 1, 'RNLI Pursuit', '', 'racing', 4, 'on/retire', 'scheduled', 'local', '11:05', '3.20', NULL, NULL, '', '', '', '', NULL, '120 minute race', '', '2015-01-10 22:15:57', 'transfer'),
(1013, '2012-10-07', '9:45', 1, 'Rough and Tumble', '', 'racing', 12, 'on/retire', 'scheduled', 'local', '11:05', '3.20', NULL, NULL, '', '', '', '', NULL, '', '', '2015-01-10 22:15:57', 'transfer'),
(1014, '2012-10-14', '16:30', 1, 'Autumn', 'AUTUMN12', 'racing', 9, 'on/retire', 'scheduled', 'local', '18:36', '4.00', NULL, NULL, '', '', '', '', NULL, '', '', '2015-01-10 22:15:57', 'transfer'),
(1017, '2012-10-21', '10:00', 1, 'Autumn', 'AUTUMN12', 'racing', 10, 'on/retire', 'scheduled', 'local', '11:22', '3.70', NULL, NULL, '', '', '', '', NULL, '', '', '2015-01-10 22:15:57', 'transfer'),
(1018, '2012-10-21', '', 1, 'Autumn', 'AUTUMN12', 'racing', 10, 'on/retire', 'scheduled', 'local', '11:22', '3.70', NULL, NULL, '', '', '', '', NULL, '', '', '2015-01-10 22:15:57', 'transfer'),
(1020, '2012-10-28', '15:00', 1, 'Autumn', 'AUTUMN12', 'racing', 10, 'on/retire', 'scheduled', 'local', '17:41', '3.90', NULL, NULL, '', '', '', '', NULL, '', '', '2015-01-10 22:15:57', 'transfer'),
(1021, '2012-11-04', '9:30', 1, 'Autumn', 'AUTUMN12', 'racing', 10, 'on/retire', 'scheduled', 'local', '9:08', '3.60', NULL, NULL, '', '', '', '', NULL, '', '', '2015-01-10 22:15:57', 'transfer'),
(1023, '2012-11-11', '15:00', 1, 'Autumn', 'AUTUMN12', 'racing', 10, 'on/retire', 'scheduled', 'local', '16:05', '3.70', NULL, NULL, '', '', '', '', NULL, '', '', '2015-01-10 22:15:57', 'transfer'),
(1024, '2012-11-18', '10:00', 1, 'Autumn', 'AUTUMN12', 'racing', 10, 'on/retire', 'scheduled', 'local', '9:30', '4.10', NULL, NULL, '', '', '', '', NULL, '', '', '2015-01-10 22:15:57', 'transfer'),
(1026, '2012-11-25', '14:30', 1, 'Autumn', 'AUTUMN12', 'racing', 10, 'on/retire', 'scheduled', 'local', '16:21', '3.50', NULL, NULL, '', '', '', '', NULL, '', '', '2015-01-10 22:15:57', 'transfer'),
(1028, '2012-12-02', '9:30', 1, 'Autumn', 'AUTUMN12', 'racing', 10, 'on/retire', 'scheduled', 'local', '8:24', '3.80', NULL, NULL, '', '', '', '', NULL, '', '', '2015-01-10 22:15:57', 'transfer'),
(1029, '2012-12-09', '12:30', 1, 'Autumn', 'AUTUMN12', 'racing', 10, 'on/retire', 'scheduled', 'local', '14:09', '3.40', NULL, NULL, '', '', '', '', NULL, '', '', '2015-01-10 22:15:57', 'transfer'),
(1030, '2012-12-09', '', 1, 'Autumn', 'AUTUMN12', 'racing', 10, 'on/retire', 'scheduled', 'local', '', '', NULL, NULL, '', '', '', '', NULL, '', '', '2015-01-10 22:15:57', 'transfer'),
(1031, '2012-12-16', '9:30', 1, 'Autumn', 'AUTUMN12', 'racing', 10, 'on/retire', 'scheduled', 'local', '8:35', '4.40', NULL, NULL, '', '', '', '', NULL, '', '', '2015-01-10 22:15:57', 'transfer'),
(1032, '2012-12-23', '14:00', 1, 'Boxing Day/Humbug', 'HUMBUG12', 'racing', 12, 'on/retire', 'scheduled', 'local', '14:33', '3.00', NULL, NULL, '', '', '', '', NULL, '', '', '2015-01-10 22:15:57', 'transfer'),
(1035, '2013-01-01', '9:30', 1, 'Winter Woolley/Multi Wooley/Humbug', 'HUMBUG12', 'racing', 12, 'on/retire', 'scheduled', 'local', '8:48', '3.80', NULL, NULL, '', '', '', '', NULL, '', '', '2015-01-10 22:15:57', 'transfer'),
(1036, '2013-01-06', '11:30', 1, 'Humbug', 'HUMBUG12', 'racing', 12, 'on/retire', 'scheduled', 'local', '12:19', '3.20', NULL, NULL, '', '', '', '', NULL, '', '', '2015-01-10 22:15:57', 'transfer'),
(1038, '2013-01-20', '11:00', 1, 'Starcross Steamer', '', 'racing', 4, '', 'scheduled', 'local', '12:02', '2.90', NULL, NULL, '', '', '', '', NULL, '', '', '2015-01-10 22:15:57', 'transfer'),
(1040, '2013-02-03', '10:30', 1, 'Frostbite', 'FROSTBITE13', 'racing', 10, 'on/retire', 'scheduled', 'local', '10:57', '3.40', NULL, NULL, '', '', '', '', NULL, '', '', '2015-01-10 22:15:57', 'transfer'),
(1042, '2013-02-17', '10:00', 1, 'Frostbite', 'FROSTBITE13', 'racing', 10, 'on/retire', 'scheduled', 'local', '10:36', '3.20', NULL, NULL, '', '', '', '', NULL, '', '', '2015-01-10 22:15:57', 'transfer'),
(1044, '2013-02-24', '16:00', 1, 'Frostbite', 'FROSTBITE13', 'racing', 10, 'on/retire', 'scheduled', 'local', '18:06', '3.50', NULL, NULL, '', '', '', '', NULL, '', '', '2015-01-10 22:15:57', 'transfer'),
(1045, '2013-03-03', '10:00', 1, 'Frostbite', 'FROSTBITE13', 'racing', 10, 'on/retire', 'scheduled', 'local', '9:59', '3.70', NULL, NULL, '', '', '', '', NULL, '', '', '2015-01-10 22:15:57', 'transfer'),
(1046, '2013-03-10', '16:00', 1, 'Frostbite', 'FROSTBITE13', 'racing', 10, 'on/retire', 'scheduled', 'local', '17:56', '3.80', NULL, NULL, '', '', '', '', NULL, '', '', '2015-01-10 22:15:57', 'transfer'),
(1047, '2013-03-17', '10:00', 1, 'Frostbite', 'FROSTBITE13', 'racing', 10, 'on/retire', 'scheduled', 'local', '9:34', '3.50', NULL, NULL, '', '', '', '', NULL, '', '', '2015-01-10 22:15:57', 'transfer'),
(1049, '2013-03-24', '15:30', 1, 'Frostbite', 'FROSTBITE13', 'racing', 10, 'on/retire', 'scheduled', 'local', '16:46', '3.20', NULL, NULL, '', '', '', '', NULL, '', '', '2014-11-03 13:38:10', 'transfer'),
(1052, '2013-03-31', '10:00', 1, 'Easter', 'EASTER13', 'racing', 12, 'on/retire', 'scheduled', 'local', '10:12', '3.90', NULL, NULL, '', '', '', '', NULL, '', '', '2015-01-10 22:15:57', 'transfer'),
(1053, '2013-04-01', '9:30', 1, 'Easter', 'EASTER13', 'racing', 12, 'on/retire', 'scheduled', 'local', '10:51', '3.70', NULL, NULL, '', '', '', '', NULL, '', '', '2015-01-10 22:15:57', 'transfer'),
(1054, '2013-04-01', '', 1, 'Easter', 'EASTER13', 'racing', 12, 'on/retire', 'scheduled', 'local', '10:51', '3.70', NULL, NULL, '', '', '', '', NULL, '', '', '2015-01-10 22:15:57', 'transfer'),
(1057, '2014-03-13', '13:00', 1, 'YS Pursuit', '', 'racing', 4, 'on/retire', 'in progress', 'local', '12:15', '3.7', NULL, NULL, '', '', '', '', NULL, '', '', '2015-01-10 22:15:57', 'transfer'),
(1058, '2012-08-25', '11:00', 1, 'Topper Open Meeting', '', 'racing', 12, 'ood', 'scheduled', 'local', '', '', NULL, NULL, '', '', '', '', NULL, 'Rescheduled from April', '', '2015-01-10 22:15:57', 'transfer'),
(1059, '2012-06-09', '10:00', 1, 'Hurricane Open', 'HURRICANE12', 'racing', 13, 'on/retire', 'scheduled', 'local', '11:11', '3.5', NULL, NULL, '', '', '', '', NULL, '', '', '2015-01-10 22:15:57', 'transfer'),
(1060, '2012-06-09', '11:00', 1, 'Hurricane Open', 'HURRICANE12', 'racing', 13, 'on/retire', 'scheduled', 'local', '11:11', '3.5', NULL, NULL, '', '', '', '', NULL, '', '', '2015-01-10 22:15:57', 'transfer'),
(1061, '2012-06-09', '12:00', 1, 'Hurricane Open', 'HURRICANE12', 'racing', 13, 'on/retire', 'scheduled', 'local', '11:11', '3.5', NULL, NULL, '', '', '', '', NULL, '', '', '2015-01-10 22:15:57', 'transfer'),
(1062, '2014-01-13', '9:30', 1, 'Dead Heat Test', '', 'racing', 2, 'on/retire', 'complete', 'local', '10:51', '3.70', NULL, NULL, '', '', '', '', NULL, '', '', '2015-01-10 22:15:57', 'transfer'),
(1063, '2014-02-15', '15:30', 1, 'SYC Trophy Race', '', 'racing', 2, 'on/retire', 'complete', 'local', '14:15', '3.5', NULL, NULL, '5-10', 'NE', '11-15', 'E', NULL, '', '', '2015-01-10 22:15:57', 'transfer'),
(1064, '2014-03-06', '16:30', 1, 'SYC Series Race', 'FROSTBITE14', 'racing', 10, 'on/retire', 'selected', 'local', '14:15', '3.0', NULL, NULL, '', '', '', '', NULL, '', '', '2015-01-10 22:15:57', 'transfer'),
(1065, '2014-03-17', '15:30', 1, 'TEST RACE', '', 'racing', 14, 'on/retire', 'in progress', 'local', '14:15', '3.0', NULL, NULL, '0-5', 'NE', '0-5', 'NE', NULL, '', '', '2015-01-10 22:15:57', 'transfer'),
(1066, '2014-05-11', '13:10', 1, 'named event', '', 'racing', 4, 'ood', 'scheduled', 'local', '', '', NULL, NULL, '', '', '', '', '', '', '', '2015-01-10 22:15:57', 'transfer'),
(1099, '2014-07-20', '14:50', 1, 'Sprint Series', '', 'racing', 4, 'ood', 'scheduled', 'local', NULL, NULL, NULL, NULL, NULL, NULL, NULL, NULL, NULL, NULL, 'P', '2015-01-10 22:15:57', 'rm_racebox'),
(1098, '2014-07-20', '14:50', 1, 'Sprint O''Series', '', 'racing', 3, 'ood', 'complete', 'local', NULL, NULL, NULL, NULL, NULL, NULL, NULL, NULL, NULL, NULL, 'P', '2015-01-10 22:15:57', 'rm_racebox'),
(1089, '2014-07-20', '12:30', 1, 'Spring Series', 'SPRING', 'racing', 3, 'ood', 'selected', 'local', NULL, NULL, NULL, NULL, NULL, NULL, NULL, NULL, NULL, NULL, 'P', '2015-01-10 22:15:57', 'rm_racebox'),
(1087, '2014-08-11', '14:50', 1, 'Test Spring', '', 'racing', 3, 'ood', 'scheduled', 'local', '11:47', '3.7', NULL, NULL, NULL, NULL, NULL, NULL, NULL, NULL, 'P', '2015-01-10 22:15:57', 'rm_racebox'),
(1088, '2014-07-20', '12:30', 1, 'Spring Series', '', 'racing', 3, 'ood', 'gnangle', 'local', NULL, NULL, NULL, NULL, NULL, NULL, NULL, NULL, NULL, NULL, 'P', '2015-01-10 22:15:57', 'rm_racebox'),
(1079, '2014-06-17', '09:30', 1, 'Spring Series', 'SPRING', 'racing', 3, 'signon', 'scheduled', 'local', NULL, NULL, NULL, NULL, NULL, NULL, NULL, NULL, NULL, NULL, '', '2015-01-10 22:15:57', 'rm_racebox'),
(1081, '2014-06-28', '12:23', 1, 'Spring Series', 'SPRING', 'racing', 3, 'signon', 'scheduled', 'local', NULL, NULL, NULL, NULL, NULL, NULL, NULL, NULL, NULL, NULL, '', '2015-01-10 22:15:57', 'rm_racebox'),
(1100, '2014-08-12', '09:30', 1, 'The Name', '', 'racing', 10, 'ood', 'scheduled', 'local', NULL, NULL, NULL, NULL, NULL, NULL, NULL, NULL, NULL, NULL, 'P', '2015-01-10 22:15:57', 'rm_racebox'),
(1101, '2012-04-15', '14:00', 3, 'DEMO pursuit race', '', 'racing', 4, 'signon-retire', 'scheduled', 'local', '15:00', '2.70', NULL, NULL, '11-15', 'N', '11-15', 'N', NULL, 'Results updated', '', '2015-05-23 19:50:30', 'transfer'),
(1113, '0000-00-00', NULL, 1, '', NULL, '', 0, '', 'scheduled', 'local', NULL, NULL, NULL, NULL, NULL, NULL, NULL, NULL, NULL, NULL, NULL, '2015-08-24 12:10:53', NULL);

--
-- Dumping data for table `t_eventduty`
--

INSERT INTO `t_eventduty` (`id`, `eventid`, `dutycode`, `person`, `notes`, `memberid`) VALUES
(1, 902, 'ood', 'Paul Bartlett', NULL, NULL),
(2, 904, 'timekeeper', 'Nicky Bartlett', NULL, NULL),
(3, 907, 'ood', 'Michael Webster', 'not confirmed', NULL),
(4, 907, 'timekeeper', 'Chris Cunningham', NULL, NULL),
(5, 907, 'bar', 'Catherine Fileman-Wright', NULL, NULL),
(6, 1078, 'ood', 'Ben Ainslie', NULL, NULL),
(7, 1079, 'ood', 'Ben Ainslie', NULL, NULL),
(8, 1080, 'ood', 'Ben Ainslie', NULL, NULL),
(9, 913, 'ood', 'Ben Ainslie', NULL, NULL),
(10, 1082, 'ood', 'Ben Ainslie', NULL, NULL),
(11, 1083, 'ood', 'Ben Ainslie', NULL, NULL),
(12, 1084, 'ood', 'Ben Ainslie', NULL, NULL),
(13, 1085, 'ood', 'mark elkington', NULL, NULL),
(14, 1087, 'ood', 'Ben Ainslie', NULL, NULL),
(15, 1088, 'ood', 'Ben Ainslie', NULL, NULL),
(16, 1089, 'ood', 'Ben Ainslie', NULL, NULL),
(17, 903, 'ood', 'mark elkington', 'just a test', NULL),
(18, 1087, 'sboat', 'fred ballantine', '', NULL),
(24, 1100, 'ood', 'The Race Officer', NULL, NULL),
(23, 1099, 'ood', 'John O''Brien', NULL, NULL),
(22, 1098, 'ood', 'John O''Brien', NULL, NULL),
(25, 1087, 'sboat', 'Fred Jones', NULL, NULL),
(26, 1087, 'sboat', 'Bill Jones', NULL, NULL),
(27, 1087, 'galley', 'Billy Whizz', NULL, NULL),
(28, 1087, 'bar', 'aaron bush', NULL, NULL),
(35, 1111, 'ood', 'Mark O''reilly', NULL, NULL),
(36, 1112, 'ood', 'Mark Elkington', NULL, NULL);

--
-- Dumping data for table `t_help`
--

INSERT INTO `t_help` (`id`, `category`, `question`, `answer`, `notes`, `link1_url`, `link1_label`, `link2_url`, `link2_label`, `author`, `rank`) VALUES
(1, 'results', 'There is a WARNING message on the results display', 'This warning message is displayed to indicate that there are still competitors in this fleet that have either not completed the finishing lap or not been given a finishing code (e.g. DNF OCS etc.).&lt;br&gt;&lt;br&gt;  Go to the Timer page and you should see the boats that have not ''finished''.  When you find the offending boat(s) use the Edit page to either:&lt;br&gt;&lt;br&gt;\r\n&lt;div style=&quot;margin-left: 20px;&quot;&gt;\r\n(1) set the finishing code to DNF DSQ etc. , or &lt;br&gt;&lt;br&gt;\r\n(2) set the laps to the finishing lap and estimate the elapsed time at which the competitor finished (if you can''t guess talk to the competitors to establish roughly where they finished in relation to other boats and use their times to estimate the finishing time).\r\n&lt;/div&gt;', 'Remember to press the Update button after making any changes to a competitor on the Edit page.', '', '', '', '', 'mark elkington', 3),
(2, 'close', 'I can''t CLOSE the race', 'You cannot close the race until every competitor has completed the finishing lap or has been given a finishing code (e.g. DNF OCS etc.).  Go to the &lt;b&gt;TIMER&lt;/b&gt; page and you should see the boats that have not ''finished''.  When you find the offending boat(s) use the &lt;b&gt;EDIT&lt;/b&gt; page to either:&lt;br&gt;&lt;br&gt;\r\n&lt;div style=&quot;margin-left: 20px;&quot;&gt;\r\n(1)   set the finishing code to DNF DSQ etc., OR&lt;br&gt;&lt;br&gt;\r\n(2)   set the laps to the finishing lap and estimate the elapsed time at which the competitor finished (if you can''t guess -  talk to the competitors to establish roughly where they finished in relation to other boats and use their times to estimate the finishing time).\r\n&lt;/div&gt;', 'Remember to press the Update button after making any changes to a competitor on the Edit page.', '', '', '', '', 'mark elkington', 7),
(3, 'results', 'I get an ERROR message when I try to PRINT the results.', 'The Print function does a lot of things.  It not only provides a printable version of the results, it also archives the results, updates the series results, changes the status of the fixture list to indicate the race has been sailed and transfers the results files to the SYC website.&lt;br&gt;&lt;br&gt;\r\nThe success or failure of each step will be reported - as long as it provides you with a printable results link that is correct (i.e. has the results in it!) then you can ignore the errors (they will have been automatically been reported to the results manager)&lt;br&gt;&lt;br&gt;\r\nPrint the results and close the race as normal.', 'If the print option doesn''t produce a printable version try to find a member of the Results Team to help fix the problem.  If you can''t find them and the Results Page is displaying the results correctly then just print that, but DO NOT close the race.', '', '', '', '', 'mark elkington', 6),
(4, 'timer', 'Help - the wind has gone/decimated the fleet - I want to ABANDON the race and take the results from a previous lap.', 'First make sure that you have set the finishing codes for boats that have retired or been disqualified (e.g. DNF DSQ etc.).  Then select the Change Finish Lap button on the EDIT or RESULTS page to set the required finish lap for relevant fleets - you can set a different lap for each fleet.  All of the boats should now have disappeared from the Lap page.', 'Some of the boats might be showing a code of NSL - this stands for &lt;b&gt;Not Same Lap&lt;/b&gt; and this happens if there are boats that had not completed the finishing lap when you abandoned the race - it is equivalent to DNF.  If you have a lot of boats recorded as NSL for the finish lap you chose you might want to consider finishing the race at an even earlier lap. &lt;br&gt;&lt;br&gt;If you change your mind about setting the finishing lap - you can set the laps back to the original value using the same method.', '', '', '', '', 'mark elkington', 9),
(5, 'timer', 'I shortened the course using the light box and finished the race but forgot to change the number of laps on RaceManager', 'The Timer page will still be showing some boats for the fleets that you shortened and you will be getting WARNING messages on the results page.&lt;br&gt;&lt;br&gt;To resolve this first make sure that you have set the finishing codes for boats that have retired or been disqualified (e.g. DNF DSQ etc.).  Then use the ''Change Finish Lap'' button on the EDIT or RESULTS pages to set the finish lap for relevant fleets - you can set a different laps for each fleet.  All of the boats should now have disappeared from the Lap page.', 'Some of the boats might be showing a code of NSL - this stands for &lt;b&gt;Not Same Lap&lt;/b&gt; and happens if there are boats that had not completed the finishing lap when you abandoned the race.  If you have a lot of boats recorded as NSL for the finish lap you chose you might want to consider finishing the race at an even earlierlap. &lt;br&gt;&lt;br&gt;If you change your mind about setting the finishing lap - you can set the laps back to the original value using the same method.', '', '', '', '', 'mark elkington', 10),
(6, 'timer', 'I missed finishing a boat.', 'First find out where the boat in question finished (e.g you remember that it finished about 15 seconds after RS400 239). If you don''t know ask the helm or someone who was racing in the fleet to tell you who they finished closest too.  &lt;br&gt;&lt;br&gt;Now go to the Edit page - change the laps for the boat in question to the finish lap AND at the same time set the elapsed time based on your estimate of when the boat finished.  Click the &lt;b&gt;Update&lt;/b&gt; button to apply the changes.&lt;br&gt;&lt;br&gt;The boat should now be showing in the results as finished and it should not be showing on the Lap page.', 'You must set the lap counter to the finishing lap for this fleet - RaceManager will stop you setting an elapsed time for an earlier lap.&lt;br&gt;&lt;br&gt;Remember to press the Update button after making any changes to a competitor on the Edit page.', '', '', '', '', 'mark elkington', 7),
(7, 'timer', 'How do I SHORTEN the course on RaceManager.', 'There are several ways to do this. &lt;br&gt;&lt;br&gt;\r\nIf you want to shorten a particular race - just click the &quot;Shorten Race&quot; button above each race on the TIMER page.  This will automatically set the finish lap to be the end of the lap that the leader is currently on.  If it is an &quot;average lap timing&quot; race - it will set all competitors to finish on their next lap.&lt;br&gt;&lt;br&gt;\r\n&lt;span style=&quot;color: darkred;&quot;&gt;&lt;b&gt;REMEMBER&lt;/b&gt; - If you shorten course you MUST signal the competitors that the race has been shortened either using the light box or flags as described in the sailing instructions. (Orange Beacon + the relevant fleet light + sound the horn)&lt;br&gt;&lt;br&gt;\r\nNormal practice is to signal a shortened course BEFORE the leading boat reaches the last mark before their finish.)&lt;/span&gt;&lt;br&gt;&lt;br&gt;\r\n\r\n&lt;/div&gt;', 'The system will not allow you to shorten the course to a lap which the leading boats have already completed.&lt;br&gt;&lt;br&gt;  HOWEVER If you want to finish a race at a lap that has already been completed (e.g. because you forgot to change the lap counter in RaceManager) use the &lt;b&gt;Change Finish Lap&lt;/b&gt; button on the EDIT or RESULTS pages.  &lt;br&gt;&lt;br&gt;You can use this approach to abandon a race - signal this using the Red Beacon, the relevant fleet light and sound the horn.  You can then change the finish lap to previous lap for the leaders.', '', '', '', '', 'mark elkington', 8),
(8, 'enter', 'How do I change the Sail Number for a competitor who is using a different sail number for this race.', 'Enter the competitor under their normal sail number (e.g. 1048) and then go to the Edit page and change the sail number to the number they are using today (e.g. 12345).  &lt;br&gt;&lt;br&gt;This will change the sail number for &lt;u&gt;this race only&lt;/u&gt; - and still give the result to the correct competitor', 'If this is a permanent change - e.g. the user has bought a new boat of the same class as his previous boat - ask them to modify their details using the signon system the next time they enter a race.', '', '', '', '', 'mark elkington', 5),
(10, 'fixture', 'This is not the correct event - or the event description is not correct', 'If the details suggest you should be running a different event from the one shown please contact a member of the Sailing Committee to check that the sailing programme hasn''t been changed.&lt;br&gt;&lt;br&gt;\r\nIf the details need to be changed - just change the details on the form and click the Change Details button.', 'You cannot change the race format once boats have been entered.  If you need to do this you will need to use the RESET button, then change the race format, and then add the competitors again.', '', '', '', '', 'mark elkington', 1),
(11, 'fixture', 'What is this page for?', 'Very little! In most cases you won''t need to use this page at all.  \r\n&lt;br&gt;&lt;br&gt;\r\nIt provides some links to information that you may find useful (course suggestions, sailing instructions, PY numbers, etc.).\r\n&lt;br&gt;&lt;br&gt;\r\nYou can use it to change the event details if they are wrong - but this should be extremely rare.  You cannot change the event type once you have entered boats.\r\n&lt;br&gt;&lt;br&gt;\r\nIt also provides a RESET button if you need to reset RaceManager for this race.', 'CAREFUL - only use the reset button if you are sure you want to start &lt;b&gt;COMPLETELY&lt;/b&gt; again - all competitor entries and race timings will be lost.', '', '', '', '', 'mark elkington', 0),
(12, 'fixture', 'Where are the SYC Sailing Instructions ', 'There should be a printed version of the Sailing Instructions in the OODs handbook.&lt;br&gt;&lt;br&gt;\r\nAlternatively click the ''SYC SIs'' button on the Fixture Page.', 'If you cannot find the information you are looking for in the Sailing Instructions - please ask someone on the Sailing Committee.', '', '', '', '', 'mark elkington', 2),
(13, 'fixture', 'I don''t know what courses to set.', 'The SYC Sailing Instructions suggest the type of course (windward/leeward or round the cans ) each fleet should be set.  For the round the cans courses - there are some suggested courses for each wind direction available - click the Course Notes button.&lt;br&gt;&lt;br&gt;\r\nThe windward/leeward courses can be set with the fleet not crossing the line on each lap - only crossing the line on the finishing lap (i.e. set the finish lap to ''1'' on the Start Page.  This needs to be made clear to the competitors.  The NORMAL approach even for windward/leeward courses is to cross the line on each lap.\r\n\r\nAlthough the wind direction is important in setting a course - you should also take into account\r\n- wind strength (don''t set very large courses in light winds)\r\n- tides (make sure the turning marks will always have enought water around them)\r\n- safety (in very strong winds avoid sandbanks and spreading the fleet out too far - be sensible with placing gybe marks)\r\n\r\nYou can use a combination of fixed (navigation) buoys and four inflatable buoys for setting the course.  Inflatable buoys are set by the Safety Boats - use the radio to explain exactly where you want the buoys laid.', 'If in any doubt ASK - there are always experienced sailors from each of the fleets around - check with them what they think a good course might be.', '', '', '', '', 'mark elkington', 3),
(14, 'enter', 'What is this page for?', 'On this page you enter competitors in the race.  There are two ways to do this:&lt;br&gt;&lt;br&gt;\r\n&lt;div style=&quot;margin-left: 60px;&quot;&gt;\r\n1) enter competitors by clicking on them in the list shown - they are highlighted in orange when they are entered - click again to remove the entry.&lt;br&gt;&lt;br&gt;\r\n2) using the Sign on system - competitors create their own entry.  To load these entries, click the &lt;b&gt;Get Entries&lt;/b&gt; button - entries made in this way are highlighted in green.&lt;br&gt;&lt;br&gt;\r\n&lt;/div&gt;\r\nThe Enter page is divided by fleet - click on the buttons at the top of the page to move between the various fleets in the race you are running.&lt;br&gt;&lt;br&gt;\r\n\r\nThe RaceManager competitor database is also divided into various ''lists'' the Change Lists button allows you to change which lists you are using for this race (e.g. junior racing list)&lt;br&gt;&lt;br&gt;\r\n\r\nFinally if you need to get a list of competitors - for use as a signing off sheet for example - use the Print Entry List option.', 'You can click the Get Entries button as many times as you like - normally you would make sure you had collected all entries by clicking the button a minute before the first start - the Sailing Instructions require competitors to sign on before the 3 minute signal for the first start.', '', '', '', '', 'mark elkington', 0),
(15, 'enter', 'How do I load the Sign On system entries?', 'Just click the &lt;b&gt;Get Entries&lt;/b&gt; button before the start.  This will load the entries and tell you how many it has loaded.&lt;br&gt;&lt;br&gt;\r\n\r\nEntries are highlighted in green on the Enter page.  Click the ''fleet'' buttons above the list to see the entries in each fleet.', 'You can mix Sign On entries with entries that you create yourself.  If a competitor is having problems with signing on you can do it for them.', '', '', '', '', 'mark elkington', 1),
(16, 'enter', 'The loading of Sign On system entries is reporting an error - help!', 'If Sign On finds a problem entry it should tell you who it was trying to enter when it found the problem (if you have forgotten who it was - just click &lt;b&gt;Get Entries&lt;/b&gt; to repeat the process).&lt;br&gt;&lt;br&gt;\r\n\r\nTry to enter this person manually by either clicking the boat on the enter page - or add a new competitor ussing the &lt;b&gt;Add New Boat&lt;/b&gt; button.', 'If you still can''t enter the person - record their finish time and calculate their elapsed time for the race on paper and either get someone from the results team to help you enter them into the results after the race OR send a message with the details to the results manager (use the Send Message button on the Fixture page).', '', '', '', '', 'mark elkington', 2),
(17, 'enter', 'How can I get a hard copy Entry List?', 'Use the Print Entry List button on the Enter page', 'You can use this as a signing off list.', '', '', '', '', 'mark elkington', 7),
(18, 'fixture', 'I am a RaceManager virgin - HELP!', 'If you are really stuck - ask. &lt;br&gt;&lt;br&gt;\r\nSome basic concepts:&lt;br&gt;&lt;br&gt;\r\nThe system is organised into individual pages - you can move from page to page using the green menu options at the top of the page.  In general you will move from left to right across the menu as the race progresses.&lt;br&gt;&lt;br&gt;\r\n&lt;div style=&quot;margin-left: 30px;&quot;&gt;\r\n&lt;b&gt;RACE&lt;/b&gt; - just confirms the race details and provides links to some useful information.&lt;br&gt;&lt;br&gt;\r\n&lt;b&gt;ENTRIES&lt;/b&gt; - enter boats or collect entries from the SignOn system&lt;br&gt;&lt;br&gt;\r\n&lt;b&gt;START&lt;/b&gt; - set laps for each race and start the timer clock&lt;br&gt;&lt;br&gt;\r\n&lt;b&gt;TIMER&lt;/b&gt; - record the lap/finish times for each boat - also set DNF etc.&lt;br&gt;&lt;br&gt;\r\n&lt;b&gt;EDIT&lt;/b&gt; - correct any mistakes after the race&lt;br&gt;&lt;br&gt;\r\n&lt;b&gt;RESULTS&lt;/b&gt; - get the printed results, create the series results, and export to the club website&lt;br&gt;&lt;br&gt;\r\n&lt;b&gt;CLOSE&lt;/b&gt; - closes the race and cleans up.&lt;br&gt;&lt;br&gt;\r\n&lt;/div&gt;', 'The Results Team will be happy to demonstrate the system.  A DEMO system is also available for practising - you can find it on the Racing menu on the club website.', '', '', '', '', 'mark elkington', 4),
(19, 'enter', 'How do I create a new competitor or a new class - I can''t find them in the list', 'First make sure that you have the correct competitor lists showing - use the &lt;b&gt;Change Lists&lt;/b&gt; option to check.&lt;br&gt;&lt;br&gt;\r\n\r\nIf you still can''t find them use the &lt;b&gt;Add New Boat&lt;/b&gt; button.&lt;br&gt;&lt;br&gt;\r\n\r\nSelect the class and then enter the sail number , helm and crew name.  The system will look for possible duplicates - if it finds one it will allow you to choose that one (e.g. same boat but using a different sail number) - or the one that you have just entered.&lt;br&gt;&lt;br&gt;\r\n\r\nIf the competitor is sailing a NEW class that is not in the list, you will first need to create the class - to do this use the Add New Class button.  Enter the class name, PY number, mono or multihull, assymetric spinnaker (yes/no).  From this information the system can work out which start the boat should be in.', 'The results manager will be informed automatically whenever a new class is created so they will check the details later.', '', '', '', '', 'mark elkington', 3),
(20, 'enter', 'A competitor is sailing with a different sail or different crew today', 'Enter the competitor with their usual details and then go to the Edit page and change the sail number and/or crew name.', 'This change will only apply for the current race.  if the change is permanent either send a message to the results manager (Send Message on Fixture page) requesting the change or (better) get the competitor to enter their own details using the Sign On system.', '', '', '', '', 'mark elkington', 4),
(21, 'start', 'What is this page for?', 'On this page you can:&lt;br&gt;&lt;br&gt;\r\n&lt;div style=&quot;margin-left: 20px;&quot;&gt;\r\n-  Set the laps for each race (note: different races in the same start can have different number of laps)&lt;br&gt;&lt;br&gt;\r\n-  Start the clock Timer (the Green button) when you start the light box system&lt;br&gt;&lt;br&gt;\r\n-  Set a time delay on the start time  for a fleet if they have a general recall\r\n&lt;br&gt;&lt;br&gt;&lt;/div&gt;\r\n\r\n', '', '', '', '', '', 'mark elkington', 0),
(22, 'start', 'How many laps should I set?', 'Most races (unless otherwise specified) should last about 1 hour.  Typical courses at SYC in moderate winds seem to be 3-4 laps for faster boats and 2-3 laps for slower boats.&lt;br&gt;&lt;br&gt;\r\nYou may need to set more for windward/leeward courses which are relatively short (e.g. east to west across the estuary). &lt;br&gt;&lt;br&gt;\r\nYou should also make a decision whether windward/leeward courses include coming through the finish line each time - the club SIs recommend that they should - however if you set a course where they do not cross the finish line each lap then set the no. of laps to 1 as they will only be crossing the finish line once (at the end of the race).', 'If in doubt, always set more laps than you think you''ll need - you can always shorten course at any time.', '', '', '', '', 'mark elkington', 10),
(23, 'start', 'I can''t seem to change the no. of laps', 'RaceManager should pop up a warning message if you are attempting to change the laps incorrectly.&lt;br&gt;&lt;br&gt;\r\nIt stops you changing the lap counter setting in two circumstances:&lt;br&gt;&lt;br&gt;\r\n&lt;div style=&quot;margin-left: 20px;&quot;&gt;\r\n- you must have some entries in the race you are trying to set the laps for (SOLUTION - enter some boats)&lt;br&gt;&lt;br&gt;\r\n- you can''t set the laps to a lap that the leading boat in the race has already completed (SOLUTION - set the finish lap to the next lap for the leading competitor)\r\n&lt;/div&gt;\r\n', '', '', '', '', '', 'mark elkington', 15),
(24, 'close', 'What is this page for', 'This page closes the race and tidies up RaceManager - it is VERY important that you close down the race.&lt;br&gt;&lt;br&gt;\r\nYou have four options to close a race:&lt;br&gt;&lt;br&gt;\r\n&lt;div style=&quot;margin-left: 30px&quot;&gt;\r\n&lt;b&gt;COMPLETE&lt;/b&gt; - complete the race - you will not be able to do this unless you have finished all the entered boats AND printed the results.&lt;br&gt;&lt;br&gt;\r\n&lt;b&gt;POSTPONE&lt;/b&gt; - stop running the race and mark the fixture as postponed.&lt;br&gt;&lt;br&gt;\r\n&lt;b&gt;ABANDON&lt;/b&gt; - stop running the race and mark the fixture as abandoned*&lt;br&gt;&lt;br&gt;\r\n&lt;b&gt;CANCEL&lt;/b&gt; - stop running the race and mark the fixture as cancelled.&lt;br&gt;\r\n&lt;br&gt;\r\n* With this option you will be given the opportunity to take the results from a previous lap.\r\n&lt;/div&gt;', '&lt;b&gt;SAFETY:&lt;/b&gt;  If you have boats shown as not finished, and you can''t account for them on the water or on the shore, then make sure the safety boats are aware of a possible missing boat and start a search of the trolley''s on shore to check for a boat that may have not come ashore.', '', '', '', '', 'mark elkington', 0),
(25, 'close', 'RaceManager won''t let me COMPLETE the race?', 'Is the page showing that you have some boats not finished?  If so you need to finish them - either give them a finishing time or a result code (e.g DNF, DNS, OCS etc.).  Then check the results and Print them before returning to the &lt;b&gt;CLOSE&lt;/b&gt; page to complete the race.&lt;br&gt;&lt;br&gt;\r\n\r\nAlternatively, if you have finished all the boats then the problem is probably that you haven''t selected the Print option on the &lt;b&gt;RESULTS&lt;/b&gt; page, or you have changed the results in some way since you Printed the results.  The print button archives and publishes the results - so we need to make sure this has the correct version of the results.  Go back to the &lt;b&gt;RESULTS&lt;/b&gt; page and click the Print button and then return to this page.', '', '', '', '', '', 'mark elkington', 1),
(26, 'close', 'The wind has gone - I want to take the race results from a previous lap', 'You need to ''abandon'' the race and take results at a previously completed lap.&lt;br&gt;&lt;br&gt;\r\nTo do this either:&lt;br&gt;&lt;br&gt;\r\n- on the &lt;b&gt;EDIT&lt;/b&gt; or &lt;b&gt;RESULTS&lt;/b&gt; page, select ''Change Finish Lap''&lt;br&gt;&lt;br&gt;\r\n- on the &lt;b&gt;CLOSE&lt;/b&gt; page, select Abandon and then ''Finish at Previous Lap'' option&lt;br&gt;&lt;br&gt;\r\n\r\nYou will then be presented with a list of races and you can then set the lap you want to take the results from for each race - it can be a different lap for each race.  ', 'When picking the lap to take the results from, pick a lap which MOST boats have completed - rather than just the lap the leader is on.', '', '', '', '', 'mark elkington', 2),
(27, 'results', 'What is this page for?', 'This page presents the current state of the race results. &lt;br&gt;&lt;br&gt; \r\nIf boats are still racing (i.e. don''t have a finishing time or a race code like DNF, DSQ) a warning will be shown under the relevant race.  You should not Print the results if there are warnings still showing.&lt;br&gt;&lt;br&gt;  \r\nIf you change the results on the Edit page - they will be reflected on this page.&lt;br&gt;&lt;br&gt;\r\nThe &lt;b&gt;Print&lt;/b&gt; option not only provides a link to a printable version of the results page (without all the menu options) - it also archives the results, updates the series results and posts the results on the website. .&lt;br&gt;&lt;br&gt;You should print a copy of the race results and post them in the club house - if it is the last race of a series you may also want to print the series result.', 'Check the results carefully to see that they make sense - it is much easier to change the results before you close the race.', '', '', '', '', 'mark elkington', 0),
(28, 'fixture', 'I need to let somone know about a problem I had with running RaceManager or a mistake in the results', 'You can send a message to the results manager (Clare McKillop) who will either try to sort out the problems with the result or let the software developers know about the problem.&lt;br&gt;&lt;br&gt;\r\nUse the Send Message button on the Race Page.&lt;br&gt;&lt;br&gt;\r\nYou will also be given the opportunity to send a message when you Close the race.', 'Don''t be shy about letting us know about problems - this information will help us make the system better.', '', '', '', '', 'mark elkington', 5),
(29, 'enter', 'How can I find out a PY number for a new class', 'If you are adding a new class and don''t know the PY - try the following:&lt;br&gt;&lt;br&gt;\r\n&lt;div style=&quot;margin-left: 20px;&quot;&gt;\r\n- check the PY lists (button on Fixture page) to see if the RYA list has it&lt;br&gt;\r\n- ask the person sailing the boat&lt;br&gt;\r\n- guess (based on PY numbers from the RYA list for similar classes)&lt;br&gt;\r\n&lt;/div&gt;', 'If you are unsure about the PY number you used - send a message to the Results Manager who will adjust it if necessary.\r\n\r\nSYC does make local adjustments to the PY numbers - don''t be surprised if the numbers allocated by raceManager are different from the official RYA published list.', '', '', '', '', 'mark elkington', 6),
(30, 'start', 'Oops I forgot to synchonise the RaceManager clock with the light box start', 'If you started the light box system less than a couple of minutes ago - just click the RaceManager timer now.  The difference in clock times will make little difference to the calculated corrected times.&lt;br&gt;&lt;br&gt;\r\n\r\nIf a longer time has elapsed you can use the &quot;Adjust Fleet Start Time&quot; to apply an offset to the timer.  In this case you need to set an EARLIER offset for the timer.  For example if the light box was started just over 4 minutes ago, wait until the light box has been running for six minutes (i.e the start of the first fleet) and then set offsets for ALL the fleets to &quot;6 minutes earlier&quot;.\r\n', '', '', '', '', '', 'mark elkington', 7),
(31, 'results', 'The printer is not working', 'Standard operating procedure - turn it off and on again!.&lt;br&gt;&lt;br&gt;\r\nHave you put paper in the feed tray at the bottom? -there should be spare paper in the grey storage cupboard.&lt;br&gt;&lt;br&gt;\r\nIf you still can''t get the printer to work - don''t worry the results will be on the website.  When you close the race you can send a message to the results team to check the printer out.', '', '', '', '', '', 'mark elkington', 20),
(32, 'results', 'How do I get a paper printout of the results?', 'The Print button on the Results page will produce a printable version of the results and give you a button to this version.&lt;br&gt;&lt;br&gt;\r\nClick the button and a new window will open - check the results look ok.&lt;br&gt;&lt;br&gt;\r\nTo print them use the normal browser print option under the file menu.&lt;br&gt;&lt;br&gt;&lt;b&gt;If the printing fails for any reason let the competitors know and tell them that the results are available on the club website.', 'Remember to check that the printer is switched on.  &lt;br&gt;&lt;br&gt;\r\nIf the printer is out of paper, there should be more supplies in the grey storage cupboard.  &lt;br&gt;&lt;br&gt;If the print quality is poor (toner running out) do not try and fix the printer - just send a message (from the Race page) and someone will get a replacement cartridge.', '', '', '', '', 'mark elkington', 8),
(33, 'edit', 'What is this page for?', 'This page allows you to make corrections to the results during and after a race.&lt;br&gt;&lt;br&gt;\r\nTypical changes might be:&lt;br&gt;&lt;br&gt;\r\n&lt;div style=&quot;margin-left: 20px;&quot;&gt;\r\n- Adding a boat that you missed in the signon and giving them a finish time. &lt;br&gt;&lt;br&gt;\r\n- Correcting the finish time for a boat.&lt;br&gt;&lt;br&gt;\r\n- Adding the correct crew name for the race&lt;br&gt;&lt;br&gt;\r\n- Removing boats that signed on but didn''t launch.&lt;br&gt;&lt;br&gt;\r\n&lt;/div&gt;\r\n\r\nTo make a change you simply make the changes for the competitor in question and then click the &lt;b&gt;Update&lt;/b&gt; button - the changes are not saved until you click this button.  You can only make changes to one competitor at a time.\r\n\r\nThe &lt;b&gt;Add New Boat&lt;/b&gt; option allows you to add a new competitor.  The &lt;b&gt;Delete&lt;/b&gt; option for each competitor allows you remove them from the results - careful, you cannot undo this.\r\n\r\nSome changes are not permitted - you cannot change the class of boat that a competitor was sailing, and you can only change the elapsed time if the competitor has finished (i.e the number of laps is equal to the finish lap). \r\n', '', '', '', '', '', 'mark elkington', 0),
(34, 'edit', 'I can''t edit the Corrected Time or Position', 'This is not allowed - change the Elapsed Time and the system will calculate the Corrected Time and Position for you.', 'If you don''t know the exact Elapsed Time, estimate it based on the times for boats that finished close to the boat in question.\r\n\r\nWhen updating the elapsed time - you need to calculate the time difference between the start for the individual boat and its finish time.  ', '', '', '', '', 'mark elkington', 1),
(35, 'edit', 'I''m trying to edit the elapsed time without success', 'This is because the no. of laps showing for that competitor is not equal to the finishing lap for the race that the competitor is in. &lt;br&gt;&lt;br&gt;\r\nSet the laps to the finishing lap shown on the Start page and enter the elapsed finishing time for the boat in question.', 'When updating the elapsed time - you need to calculate the time difference between the start for the individual boat and its finish time.  ', '', '', '', '', 'mark elkington', 2),
(36, 'edit', 'I need to add another boat that I missed.', 'If the boat is in the competitor list on the &lt;/b&gt;ENTER&lt;/b&gt; page - just click it and it will be entered.  Now using the &lt;b&gt;EDIT&lt;/b&gt; page change the elapsed time and no. of laps to your estimated elapsed time and finishing lap and click the Update button.  The results will be updated.&lt;br&gt;&lt;br&gt;\r\nIf the boat isn''t in the competitor list on the Enter Page - use the &lt;b&gt;Add New Boat&lt;/b&gt; button to create the missing competitor.  Then use the &lt;b&gt;EDIT&lt;/b&gt; page to add the elapsed finishing time and the no. of laps for the new competitor.', 'When updating the elapsed time - you need to calculate the time difference between the start for the individual boat and its finish time.', '', '', '', '', 'mark elkington', 3),
(37, 'start', 'How do I deal with a General Recall', 'Signal the fleet that is recalled - two hoots and red beacon for at least 1 minute.&lt;br&gt;&lt;br&gt;\r\nThis fleet will now start after the rest of the fleets have started.\r\n&lt;br&gt;&lt;br&gt;\r\nThe light box does not handle a restart automatically so you will have to start the recalled class manually.  To do this:&lt;br&gt;&lt;br&gt;\r\n&lt;div style=&quot;margin-left: 20px;&quot;&gt;\r\n- at the same time as the last normal start, press the light button for the class that is restarting.&lt;br&gt;&lt;br&gt;\r\n- exactly three minutes later sound the start signal and turn off the light button for the recalled class - they should have now restarted.&lt;br&gt;&lt;br&gt;\r\n- set the delay in the time for the start - e.g if there are four starts and the third start is recalled you should set the delay on the third start to 6 minutes.&lt;br&gt;&lt;br&gt;\r\n&lt;/div&gt;', 'There may be circumstances where it is not feasible to continue with the normal sequence for the recalled fleet(s) e.g. if the fleet recalled is the last one.&lt;br&gt;&lt;br&gt;\r\nIn this case wait until you are ready and then use the process above but sound the horn when you display the light for the restart of the recalled class (i.e there is a three minute start sequence).', '', '', '', '', 'mark elkington', 25),
(38, 'timer', 'What is this page for?', 'You will spend most of your time in RaceManager on this page.  It allows you to record lap and finish times for each competitor and also to mark them as DNF, DSQ etc.\r\n&lt;br&gt;&lt;br&gt;\r\nTiming a boat is simple - just click the boat in the list as it crosses the line. [Alternatively - you can use the &lt;b&gt;QuickTimer&lt;/b&gt; or &lt;b&gt;easyTimer&lt;/b&gt; options].\r\n&lt;br&gt;&lt;br&gt;\r\nTo change the race code for a competitor (DNF, DSQ, etc.) just use the drop down menu of codes against the relevant menu.\r\n&lt;br&gt;&lt;br&gt;\r\nThis page also allows you to Shorten Course and UNDO timings.\r\n', 'On the finish lap you need to sound the horn to indicate the finish.  To warn you to do this the laps counter is highlighted in yellow for the boats that are on the last lap.&lt;br&gt;&lt;br&gt;\r\n\r\n&lt;b&gt;If a boat finishes (i.e. has done the number of laps that you set for the race) or you set to DNF, DNS) it will automatically disappear from the Timer page as it has finished.  Its result can be found on the Results page.&lt;/b&gt;&lt;br&gt;&lt;br&gt;\r\n\r\nIf you set a boat to DSQ or OCS it will still appear in the Timer list - this is because you should continue to time them as they may contest your decision at a redress hearing.', '', '', '', '', 'mark elkington', 0),
(39, 'timer', 'How do I use quickTimer?', 'As you spot boats closing on the finishing line, simply type the first digit of their sail number e.g. ''7''.  A list of boats with a sail number starting with ''7'' is shown (e.g. B14 762, RS200 724) - click the relevant boat.  When the boat crosses the line - click the &lt;b&gt;Timer&lt;/b&gt; button.&lt;br&gt;&lt;br&gt;\r\n&lt;b&gt;QuickTimer&lt;/b&gt; is particularly useful if you have several boats arriving in a bunch and you are not sure who is going to arrive first.  Use QuickTimer in the normal way but instead of clicking the Timer button, click the &lt;b&gt;List&lt;/b&gt; button - this will create a new button labelled with class and sailnumber.  You can use this method to create buttons for each boat in the bunch.  Then when the bunch crosses the line you can click the buttons in the right order.', 'You can swap between using &lt;b&gt;QuickTimer&lt;/b&gt; and simply clicking the competitor row to time the boats at any time.&lt;br&gt;&lt;br&gt;\r\nThe &lt;b&gt;UNDO&lt;/b&gt; button works for timings made using both methods', '', '', '', '', 'mark elkington', 5),
(40, 'timer', 'Oops I made a mistake - what do I do?', 'If you recognise that you have made a timing mistake immediately (e.g. wrong boat) - just click the &lt;b&gt;UNDO&lt;/b&gt; button at the top right of the screen.&lt;br&gt;&lt;br&gt;\r\nClicking the UNDO button will step back each of the timings that you have made.&lt;br&gt;&lt;br&gt;\r\nIf you realise that the mistake you made was some time ago (i.e. you have made some correct timings since then), it is probably better to go to the &lt;b&gt;EDIT&lt;/b&gt; page and make the correction to the elapsed time and laps.  You can estimate the elapsed time from the boats that crossed the finish line just before or after the boat you are correcting.', 'The &lt;b&gt;UNDO&lt;/b&gt; button does not undo any changes you make to the race codes (e.g. setting a competitor as DNF).  If you need to undo these changes - just set the code to blank again.', '', '', '', '', 'mark elkington', 6),
(41, 'close', 'I need to let somone know about a problem I had with running RaceManager or a mistake in the results', 'You can send a message to the results manager (Clare McKillop) who will either try to sort out the problems with the result or let the software developers know about the problem.&lt;br&gt;&lt;br&gt;\r\nUse the Send Message button on the &lt;b&gt;FIXTURE&lt;/b&gt; Page.&lt;br&gt;&lt;br&gt;\r\nYou will also be given the opportunity to send a message when you &lt;b&gt;CLOSE&lt;/b&gt; the race.', 'Don''t be shy about letting us know about problems - this information will help us make the system better.', '', '', '', '', 'mark elkington', 5),
(42, 'start', 'How do I start the timer  (... and how do I stop it!)', 'Just click the green button on the START page at the &lt;b&gt;SAME TIME&lt;/b&gt; as you press the green button on the lights box (or start the flag sequence).  The button will go red&lt;br&gt;&lt;br&gt;\r\nIf you are starting a race from a Committee boat, but using the club line to finish boats, just get the OOD to radio in the start of the flag sequence.&lt;br&gt;&lt;br&gt;\r\n\r\nThe elapsed time from the start is shown next to the finish lap setting for each fleet.&lt;br&gt;&lt;br&gt;\r\n\r\nThere is normally no need to stop the timer - but if you made a mistake and want to reset the timer just click the Red button and it will go green (until you restart it).  Do NOT do this if you have already timed boats through a lap as ALL TIMINGS WILL BE LOST.', 'It is a &lt;b&gt;VERY GOOD IDEA&lt;/b&gt; to start the race on a whole minute as shown on the wall clock above your head.  &lt;b&gt;WRITE DOWN&lt;/b&gt; the wall clock time when you clicked the RaceManager timer - just in case everything goes pear shaped and you need to revert to manual paper recording.', '', '', '', '', 'mark elkington', 5),
(43, 'timer', 'How do I collect retirements', 'SYC requires anyone who completes the course and wishes to retire to report to the race box and inform the OOD.  You would then use the TIMER page or EDIT page to set their race code to DNF&lt;br&gt;&lt;br&gt;\r\nYou must also mark any competitors who don''t complete the course as DNF.  &lt;br&gt;&lt;br&gt;\r\n', 'If you are using the Sign On System to collect retirements - just click the &lt;b&gt;Get Competitors&lt;/b&gt; button.  Any retirements entered by competitors will be loaded automatically.  You can use the Get Competitors button as many times as you want.\r\n&lt;br&gt;&lt;br&gt;\r\n', '', '', '', '', 'mark elkington', 10),
(44, 'timer', 'How do I finish a PURSUIT race', '&lt;div &gt; Finishing a pursuit race is a little different from ordinary races - because a single fixed finish line does not produce a fair finish.  There are two types of finish you can use.&lt;br&gt;&lt;br&gt; &lt;div style=&quot;margin-left: 30px&quot;&gt; &lt;b&gt;Moving Finish:&lt;/b&gt; This is the preferred approach form club pursuit races.  You can use this approach if only one RIB can be allocated to finishing.  In this case the finishing RIB tracks the leading boat - when the end of the race is signalled from the OOD box.  The RIB motors back from the finishing boat around the course in the reverse direction as quickly as possible, finishing boats as they pass them.  This is relatively easy to do on downwind legs, but harder to do on windward legs.&lt;br&gt;&lt;br&gt;&lt;b&gt;Multiple Finish Lines:&lt;/b&gt;  If you have a large number of competitors a better approach is to set up several fixed finishing lines.  A RIB (No. 1) tracks the leading boat.  A few minutes before the scheduled end of the race it creates a finish line at what will be the NEXT buoy for the leading boat.  At the same time RIBs No. 2 and No. 3 set up finish lines at the two preceeding buoys on the course.  This is coordinated by the OOD box or RIB No. 1 (decide this well before the end of the race!).  Each RIB finishes the finishing order of boats that cross the finish line at their buoy. [Note: you can use the club finish line as one of the finish lines - but record the finishing order on paper]. It makes sense to have one person at each finishing line recording finishing positions on paper and if possible the other person on some sort of speech recording device.&lt;/div&gt;&lt;br&gt;&lt;br&gt;Now follow these steps:&lt;/div&gt;', '&lt;div&gt; &lt;ol&gt; &lt;li&gt;When the results from each finish line get ashore you need to enter the finishing sequence - note that this may not be the same as the overall position as some boats will have done fewer laps.  Click the &lt;b&gt;Set Finish Order&lt;/b&gt; button on the timer page.  This will present you with a list of boats and multiple finish lines.  The boats will will be displayed in blue - when you give them a finishing order they will change to black and the overall positions updated.&lt;br&gt;&lt;br&gt;&lt;/li&gt;&lt;li&gt;If you only used a RIB moving line - then just enter the finishing order from their results into the column for Finish 1.&lt;br&gt;&lt;br&gt;&lt;/li&gt;&lt;li&gt;If you used multiple fixed finishing lines then starting with Line 1 (the leaders) enter the boats for each finishing line in the order recorded at that finish line.&lt;br&gt;&lt;br&gt;&lt;/li&gt;&lt;li&gt;You may have boats that were recorded at more than one finishing line - these will be highlighted in red.  The system will assume that their ''earliest'' finish is the correct one.  Remove the position that is incorrect (i.e. set it to blank in the drop down menu).&lt;br&gt;&lt;br&gt;&lt;/li&gt;&lt;li&gt;If you are using multiple finishes it can be useful to flip between viewing the boats in finishing order position and overall position - just click the button on the right hand side to toggle between these two views.&lt;br&gt;&lt;br&gt;&lt;/li&gt;&lt;li&gt;You should also check that you have marked ALL boats that are DNF, DNS, DSQ, OCS etc.&lt;br&gt;&lt;br&gt;&lt;/li&gt;&lt;li&gt;Once you are happy with the overall positions - go to the Results Page, check that all is correct, and ''print'' them in the normal way.&lt;br&gt;&lt;br&gt;&lt;/li&gt;&lt;li&gt;If you find a mistake later you can get back to the ''Finishing Page'' from the main EDIT page.&lt;br&gt;&lt;br&gt;&lt;/li&gt;&lt;li&gt;You can use the EDIT page as normal to correct boat/crew details and change the lap count - if you do change the lap go back to the ''Finishing Page'' to check its impact on the results&lt;/li&gt;&lt;/ol&gt; &lt;/div&gt;', '', '', '', '', 'Mark Elkington', 20),
(45, 'edit', 'How do I remove a boat that was entered by mistake', 'If a boat enters the race, but then doesn''t launch, or you made a mistake an entered the wrong boat you can remove them from the race.&lt;br&gt;&lt;br&gt;\r\nOn the EDIT page, just click the &quot;Delete&quot; button next to boat you want to remove.&lt;br&gt;&lt;br&gt;\r\nAlternatively go to the ENTER page and click the boat you want to remove.  The system will ask you to confirm the action and then remove the entry.&lt;br&gt;&lt;br&gt;', 'It is just possible that a boat entered and you are not sure whether they &quot;came to the start area&quot; (i.e. launched and approached the start line).  In this case the safest thing to do is mark them as DNC (did not compete).  If it turns out that they did indeed approach the start line, or event start the race, it is then much simpler to change their race code to DNS or DNF.&lt;br&gt;&lt;br&gt;\r\nDistinguishing between DNC and DNS/DNF is important for calculating the series results.', '', '', '', '', 'mark elkington', 12),
(46, 'timer', 'What does the chequered flag icon do?', 'The chequered flag is a system configuration option which allows the OOD to finish a boat even if they are not on the last lap.  &lt;br&gt;&lt;br&gt;\r\n\r\nThis can be useful if a boat has been missed on a previous lap.  You can then use the Edit page to correct the lap count. &lt;br&gt;&lt;br&gt;\r\n\r\nIt is also useful in a average lap race where usually the race runs until the leader finishes and then all other boats finish the next time they cross the line.  For relatively slow boats in a fleet (e.g. Topper, Mirror) this can mean they end up finishing a long time after the leader.  The red flag allows you to force the finish of particular boat whenever they cross the line - just click the red flag and the boat will be finished, whatever else is happening in the race.&lt;br&gt;&lt;br&gt;\r\n\r\nSee example below.', 'About 50 minutes into a 4 lap race a group of toppers is approaching the line to complete their second lap.  The leading Hornet is about 400m behind the Toppers and on their last lap - they are not going to finish before the Toppers cross the line.&lt;br&gt;&lt;br&gt;\r\nIn this situation the OOD can opt to &quot;force finish&quot; the Toppers as they cross the line by clicking the red flag next to each boat and sounding the horn.  The rest of the boats in the race finish normally.  The Toppers get an average lap time based on 2 laps and the Hornet on 4 laps, and the Toppers are not required to sail another complete lap taking 20 minutes or more.', '', '', '', '', 'mark elkington', 30),
(47, 'timer', 'How does an average lap race work?', 'The concept of average lap racing is straightforward - instead of calculating a corrected time on the total elapsed time for each boat, it is calculated using the average elapsed time per lap.  This means that for example a Hornet takes 60 minutes to sail 4 laps and a Topper takes 62 minutes to sail 2 laps.  The advantages of this approach are:\r\n&lt;ul&gt;&lt;li&gt;the time between the first and last boat finishing is shortened,&lt;/li&gt; &lt;br&gt;\r\n&lt;li&gt;the faster boats can be given a longer race, &lt;/li&gt;&lt;br&gt;\r\n&lt;li&gt;the entire fleet tends to sail in similar conditions.&lt;/li&gt;&lt;/ul&gt;&lt;br&gt;&lt;br&gt;\r\nFor average lap races, the raceManager system automatically performs the modified calculation.  You just run the race normally - clicking each boat as they complete each lap.  The two differences are:&lt;br&gt;\r\n&lt;ul&gt;&lt;li&gt;When the leader finishes, all rest of the boats will finish the next time they cross the line - you will notice that once the first boat is finished all the other boats will have their laps count shown in yellow to indicate that they are going to finish on the next lap.&lt;/li&gt;&lt;br&gt;\r\n&lt;li&gt;As OOD you can force the finish of any boat at any time using the little red flag icon - see the Help text on this topic for more details&lt;/ul&gt;\r\n&lt;/li&gt;&lt;/ul&gt;', '', '', '', '', '', 'mark elkington', 35);
INSERT INTO `t_help` (`id`, `category`, `question`, `answer`, `notes`, `link1_url`, `link1_label`, `link2_url`, `link2_label`, `author`, `rank`) VALUES
(48, 'edit', 'How do I finish/correct a PURSUIT race result', '&lt;div &gt; Finishing a pursuit race is a little different from ordinary races - because a single fixed finish line does not produce a fair finish.  There are two types of finish you can use.&lt;br&gt;&lt;br&gt; &lt;div style=&quot;margin-left: 30px&quot;&gt; &lt;b&gt;Moving Finish:&lt;/b&gt; This is the preferred approach form club pursuit races.  You can use this approach if only one RIB can be allocated to finishing.  In this case the finishing RIB tracks the leading boat - when the end of the race is signalled from the OOD box.  The RIB motors back from the finishing boat around the course in the reverse direction as quickly as possible, finishing boats as they pass them.  This is relatively easy to do on downwind legs, but harder to do on windward legs.&lt;br&gt;&lt;br&gt;&lt;b&gt;Multiple Finish Lines:&lt;/b&gt;  If you have a large number of competitors a better approach is to set up several fixed finishing lines.  A RIB (No. 1) tracks the leading boat.  A few minutes before the scheduled end of the race it creates a finish line at what will be the NEXT buoy for the leading boat.  At the same time RIBs No. 2 and No. 3 set up finish lines at the two preceeding buoys on the course.  This is coordinated by the OOD box or RIB No. 1 (decide this well before the end of the race!).  Each RIB finishes the finishing order of boats that cross the finish line at their buoy. [Note: you can use the club finish line as one of the finish lines - but record the finishing order on paper]. It makes sense to have one person at each finishing line recording finishing positions on paper and if possible the other person on some sort of speech recording device.&lt;/div&gt;&lt;br&gt;&lt;br&gt;Now follow these steps:&lt;/div&gt;', '&lt;div&gt; &lt;ol&gt; &lt;li&gt;When the results from each finish line get ashore you need to enter the finishing sequence - note that this may not be the same as the overall position as some boats will have done fewer laps.  Click the &lt;b&gt;Set Finish Order&lt;/b&gt; button on the timer page.  This will present you with a list of boats and multiple finish lines.  The boats will will be displayed in blue - when you give them a finishing order they will change to black and the overall positions updated.&lt;br&gt;&lt;br&gt;&lt;/li&gt;&lt;li&gt;If you only used a RIB moving line - then just enter the finishing order from their results into the column for Finish 1.&lt;br&gt;&lt;br&gt;&lt;/li&gt;&lt;li&gt;If you used multiple fixed finishing lines then starting with Line 1 (the leaders) enter the boats for each finishing line in the order recorded at that finish line.&lt;br&gt;&lt;br&gt;&lt;/li&gt;&lt;li&gt;You may have boats that were recorded at more than one finishing line - these will be highlighted in red.  The system will assume that their ''earliest'' finish is the correct one.  Remove the position that is incorrect (i.e. set it to blank in the drop down menu).&lt;br&gt;&lt;br&gt;&lt;/li&gt;&lt;li&gt;If you are using multiple finishes it can be useful to flip between viewing the boats in finishing order position and overall position - just click the button on the right hand side to toggle between these two views.&lt;br&gt;&lt;br&gt;&lt;/li&gt;&lt;li&gt;You should also check that you have marked ALL boats that are DNF, DNS, DSQ, OCS etc.&lt;br&gt;&lt;br&gt;&lt;/li&gt;&lt;li&gt;Once you are happy with the overall positions - go to the Results Page, check that all is correct, and ''print'' them in the normal way.&lt;br&gt;&lt;br&gt;&lt;/li&gt;&lt;li&gt;If you find a mistake later you can get back to the ''Finishing Page'' from the main EDIT page.&lt;br&gt;&lt;br&gt;&lt;/li&gt;&lt;li&gt;You can use the EDIT page as normal to correct boat/crew details and change the lap count - if you do change the lap go back to the ''Finishing Page'' to check its impact on the results&lt;/li&gt;&lt;/ol&gt; &lt;/div&gt;', '', '', '', '', 'Mark Elkington', 20),
(49, 'results', 'How do I get OOD points', 'Go back to the Enter page, click the relevant fleet tab, and enter yourself (and the safety boat teams if relevant).  Now go to the Edit page and again click the relevant fleet and set the code for the boats you have just entered to OOD.  This will ensure that they get average points if this race is part of a series.\r\n', 'OOD points should be applied to any boats sailed by the OOD, assistant OOD, Safety Boay drivers and crews, and members on galley or bar duty.  It is not your responsibility as OOD to identify everyone who should get average points - they need to ask.', '', '', '', '', 'mark elkington', 2),
(50, 'timer', 'How do I use easyTimer?', 'WARNING - this is still a prototype function&lt;br&gt;&lt;br&gt;\r\n&lt;b&gt;easyTimer&lt;/b&gt; is an alternative approach to recording lap times which has some advantages if you have a big fleet as it avoids having to scroll the screen - it may not be available in your system.&lt;br&gt;&lt;br&gt;\r\nClick the easyTimer button and you will see a screen where the boats are organised in columns by sail number.  Hover the mouse over a sail number and you''ll see the boat details.  Click on the sail number and it will record a lap/finish as for the normal Timer page.&lt;br&gt;&lt;br&gt;\r\nWarnings will be displayed as for the Timer page and you can UNDO your last timing.  It doesn''t allow you to set a race code (OCS, DNF etc.) and you''ll need to switch back to the Timer page to do that.  You can flick backwards and forwards between the Timer, quickTimer and easyTimer at will - use the one that suits you best. ', 'For experienced OODs - you can use easyTimer to adjust the sequence of timings during a race.  Click on the Sequence button, select the boat you want to move and then select the number of seconds you want to add or subtract from their time - click Change to apply the change.', '', '', '', '', 'mark elkington', 5);

--
-- Dumping data for table `t_ini`
--

INSERT INTO `t_ini` (`id`, `category`, `parameter`, `label`, `value`, `notes`, `upddate`, `updby`) VALUES
(4, 'club', 'clubname', 'club name', 'Starcross Yacht Club', 'enter full name of club (e.g Starcross Yacht Club)', '2014-11-03 20:47:59', 'admin'),
(5, 'club', 'clubcode', 'club short name', 'SYC', 'common acronym for club e.g. SYC', '2014-11-03 20:48:10', 'admin'),
(6, 'club', 'clubweb', 'website address', 'www.starcrossyc.org.uk', 'web address without http: e.g. www.starcrossyc.org.uk', '2014-11-03 20:48:21', 'admin'),
(7, 'settings', 'yearstart', 'sailing season start', '04-01', 'date that your sailing season starts - use mm-dd format (e.g. 04-01)', '2014-11-03 21:13:04', 'admin'),
(8, 'club', 'appsupport', 'support team', 'For help contact: Mark Elkington [Merlin 3718] or Tony Blackmore [B14 764]', 'who should the user contact if they have problem with the system', '2014-11-03 21:13:50', 'marke');

--
-- Dumping data for table `t_link`
--

INSERT INTO `t_link` (`id`, `label`, `url`, `tip`, `category`, `rank`) VALUES
(2, 'Course Notes', 'http://localhost/racemanager9/documents/courses/CourseSlides.php', 'Some diagrams with suggested courses for different wind directions.  If in doubt ask one of the experienced racers', 'fixture', 1),
(3, 'SYC SIs', 'http://localhost/racemanager9/documents/sailinginstructions/syc_sailinginstructions.html', 'Latest SYC sailing instructions for club racing - if you have any doubts about the SYC rules please ask an experienced racer.<br><br>Different SIs usually apply to open meetings.', 'fixture', 2),
(4, 'PY Numbers', 'http://localhost/racemanager9/racemanager/pyView.php', 'Current list of portsmouth yardstick numbers used for SYC racing.  When adding boats the system will automatically set the correct PY for that class of boat.', 'fixture', 3),
(5, 'Weather ', 'http://www.windguru.cz/int/index.php?sc=712', 'Wind forecast for Exmouth from Windguru.', 'fixture', 4),
(7, 'Results Team', 'http://localhost/racemanager9/documents/general/resultsTeam.html', 'List of people involved with the results keeping at SYC and who have experience using RaceManager', 'fixture', 6);

--
-- Dumping data for table `t_message`
--

INSERT INTO `t_message` (`id`, `eventid`, `name`, `subject`, `message`, `email`, `response`, `status`, `upddate`) VALUES
(215, 1035, 'sign on process', 'new competitor created', 'A new competitor has been created:<br>class: Laser sail no.: 202202 helm: Paul Kelley<br>Please check that the information is correct and there is no duplicate', ' ', NULL, '', '2013-01-01 09:20:49'),
(134, 907, 'raceManager - Add Class', 'new class created', 'A new class configuration has been created for class - <strong>RS100</strong>.<br><br>Please check that the information is correct and consistent for all race types', ' ', NULL, '', '2012-04-08 08:51:47'),
(216, 1035, 'sign on process', 'new competitor created', 'A new competitor has been created:<br>class: Laser 4.7 sail no.: 1627940 helm: Russ Gibbs<br>Please check that the information is correct and there is no duplicate', ' ', NULL, '', '2013-01-01 09:32:42'),
(217, 1038, 'sign on process', 'new competitor created', 'A new competitor has been created:<br>class: Merlin sail no.: 3691 helm: Mike Calvert<br>Please check that the information is correct and there is no duplicate', ' ', NULL, '', '2013-01-13 12:13:07'),
(137, 908, 'Paul Jacobs', 'Incorrect fleet', 'Steve Harling and Greg Bartlett entered wrong fleet.  Results need to be amended to show them in main mono fleet. They both started in the mono fleet', '', NULL, '', '2012-04-09 10:03:28'),
(138, 908, 'Paul Jacobs', 'Incorrect fleet', 'Steve Harling and Greg Bartlett entered wrong fleet.  Results need to be amended to show them in main mono fleet. They both started in the mono fleet', '', NULL, '', '2012-04-09 10:03:36'),
(218, 1038, 'sign on process', 'new competitor created', 'A new competitor has been created:<br>class: Phantom sail no.: 55 helm: Simon Hawkes<br>Please check that the information is correct and there is no duplicate', ' ', NULL, '', '2013-01-13 12:13:07'),
(219, 1038, 'sign on process', 'new competitor created', 'A new competitor has been created:<br>class: RS100 - 8.4  sail no.: 124 helm: Garry Phare<br>Please check that the information is correct and there is no duplicate', ' ', NULL, '', '2013-01-13 12:13:07'),
(220, 1038, 'sign on process', 'new competitor created', 'A new competitor has been created:<br>class: RS200 sail no.: 1330 helm: Pete Haddrell<br>Please check that the information is correct and there is no duplicate', ' ', NULL, '', '2013-01-13 12:13:07'),
(221, 1038, 'sign on process', 'new competitor created', 'A new competitor has been created:<br>class: Phantom sail no.: 1345 helm: Andy Couch<br>Please check that the information is correct and there is no duplicate', ' ', NULL, '', '2013-01-13 12:13:07'),
(222, 1038, 'sign on process', 'new competitor created', 'A new competitor has been created:<br>class: Phantom sail no.: 1332 helm: Adam Ellery<br>Please check that the information is correct and there is no duplicate', ' ', NULL, '', '2013-01-13 12:13:07'),
(144, 1057, 'sign on process', 'new class created', 'A new class configuration has been created for class - <strong>Feva</strong>.<br><br>Please check that the information is correct and consistent for all race types', ' ', NULL, '', '2012-05-12 12:08:38'),
(244, 1038, 'sign on process', 'new competitor created', 'A new competitor has been created:<br>class: 49er sail no.: 142 helm: Chris Tilbrook<br>Please check that the information is correct and there is no duplicate', ' ', NULL, '', '2013-01-13 12:13:07'),
(243, 1038, 'sign on process', 'new competitor created', 'A new competitor has been created:<br>class: 420 sail no.: 53644 helm: Rosie Watkins<br>Please check that the information is correct and there is no duplicate', ' ', NULL, '', '2013-01-13 12:13:07'),
(242, 1038, 'sign on process', 'new competitor created', 'A new competitor has been created:<br>class: Finn sail no.: 748 helm: Andy Bartram<br>Please check that the information is correct and there is no duplicate', ' ', NULL, '', '2013-01-13 12:13:07'),
(241, 1038, 'sign on process', 'new competitor created', 'A new competitor has been created:<br>class: Laser sail no.: 180680 helm: Martin Gibson<br>Please check that the information is correct and there is no duplicate', ' ', NULL, '', '2013-01-13 12:13:07'),
(240, 1038, 'sign on process', 'new competitor created', 'A new competitor has been created:<br>class: Laser sail no.: 169031 helm: David Hitchings<br>Please check that the information is correct and there is no duplicate', ' ', NULL, '', '2013-01-13 12:13:07'),
(239, 1038, 'sign on process', 'new competitor created', 'A new competitor has been created:<br>class: Lark sail no.: 2411 helm: Chris Whitehouse<br>Please check that the information is correct and there is no duplicate', ' ', NULL, '', '2013-01-13 12:13:07'),
(238, 1038, 'sign on process', 'new competitor created', 'A new competitor has been created:<br>class: Int. Canoe sail no.: 321 helm: Gareth Caldwell<br>Please check that the information is correct and there is no duplicate', ' ', NULL, '', '2013-01-13 12:13:07'),
(223, 1038, 'sign on process', 'new competitor created', 'A new competitor has been created:<br>class: Merlin sail no.: 3743 helm: Matt Biggs<br>Please check that the information is correct and there is no duplicate', ' ', NULL, '', '2013-01-13 12:13:07'),
(224, 1038, 'sign on process', 'new competitor created', 'A new competitor has been created:<br>class: Merlin sail no.: 3744 helm: Chris Martin<br>Please check that the information is correct and there is no duplicate', ' ', NULL, '', '2013-01-13 12:13:07'),
(225, 1038, 'sign on process', 'new competitor created', 'A new competitor has been created:<br>class: Osprey sail no.: 1206 helm: Oliver Hobson<br>Please check that the information is correct and there is no duplicate', ' ', NULL, '', '2013-01-13 12:13:07'),
(226, 1038, 'sign on process', 'new competitor created', 'A new competitor has been created:<br>class: Osprey sail no.: 1280 helm: Steve George<br>Please check that the information is correct and there is no duplicate', ' ', NULL, '', '2013-01-13 12:13:07'),
(227, 1038, 'sign on process', 'new competitor created', 'A new competitor has been created:<br>class: RS200 sail no.: 472 helm: Ian Mills<br>Please check that the information is correct and there is no duplicate', ' ', NULL, '', '2013-01-13 12:13:07'),
(228, 1038, 'sign on process', 'new competitor created', 'A new competitor has been created:<br>class: RS800 sail no.: 1064 helm: Chris Haworth<br>Please check that the information is correct and there is no duplicate', ' ', NULL, '', '2013-01-13 12:13:07'),
(229, 1038, 'sign on process', 'new competitor created', 'A new competitor has been created:<br>class: Solo sail no.: 3215 helm: Richard Coleman<br>Please check that the information is correct and there is no duplicate', ' ', NULL, '', '2013-01-13 12:13:07'),
(230, 1038, 'sign on process', 'new competitor created', 'A new competitor has been created:<br>class: Solo sail no.: 5271 helm: Peter Hammond<br>Please check that the information is correct and there is no duplicate', ' ', NULL, '', '2013-01-13 12:13:07'),
(231, 1038, 'sign on process', 'new competitor created', 'A new competitor has been created:<br>class: Tasar sail no.: 2833 helm: Jeremy Hawkins<br>Please check that the information is correct and there is no duplicate', ' ', NULL, '', '2013-01-13 12:13:07'),
(232, 1038, 'sign on process', 'new competitor created', 'A new competitor has been created:<br>class: RS400 sail no.: 1069 helm: Chris Mulholland<br>Please check that the information is correct and there is no duplicate', ' ', NULL, '', '2013-01-13 12:13:07'),
(233, 1038, 'sign on process', 'new competitor created', 'A new competitor has been created:<br>class: RS400 sail no.: 1157 helm: James Jaffa<br>Please check that the information is correct and there is no duplicate', ' ', NULL, '', '2013-01-13 12:13:07'),
(234, 1038, 'sign on process', 'new competitor created', 'A new competitor has been created:<br>class: Wayfarer sail no.: 9650 helm: Ken Adams<br>Please check that the information is correct and there is no duplicate', ' ', NULL, '', '2013-01-13 12:13:07'),
(235, 1038, 'sign on process', 'new competitor created', 'A new competitor has been created:<br>class: 29er sail no.: 1122 helm: Emma Phillips<br>Please check that the information is correct and there is no duplicate', ' ', NULL, '', '2013-01-13 12:13:07'),
(236, 1038, 'sign on process', 'new competitor created', 'A new competitor has been created:<br>class: Fireball sail no.: 14483 helm: Allan Tyler<br>Please check that the information is correct and there is no duplicate', ' ', NULL, '', '2013-01-13 12:13:07'),
(237, 1038, 'sign on process', 'new competitor created', 'A new competitor has been created:<br>class: Fireball sail no.: 14889 helm: Ben Ballard/Hannah Showell<br>Please check that the information is correct and there is no duplicate', ' ', NULL, '', '2013-01-13 12:13:07'),
(169, 960, 'sign on process', 'new class created', 'A new class configuration has been created for class - <strong>Hurricane M5</strong>.<br><br>Please check that the information is correct and consistent for all race types', ' ', NULL, '', '2012-07-08 08:16:24'),
(246, 1038, 'sign on process', 'new competitor created', 'A new competitor has been created:<br>class: B14 sail no.: 672 helm: Tom Gatehouse<br>Please check that the information is correct and there is no duplicate', ' ', NULL, '', '2013-01-13 12:13:07'),
(245, 1038, 'sign on process', 'new competitor created', 'A new competitor has been created:<br>class: 505 sail no.: 8474 helm: Chris Thorne<br>Please check that the information is correct and there is no duplicate', ' ', NULL, '', '2013-01-13 12:13:07'),
(172, 960, 'Tony', 'Trophy race 8th july', 'Nishok only did 2 laps!!!', '', NULL, '', '2012-07-08 09:54:47'),
(247, 1038, 'sign on process', 'new competitor created', 'A new competitor has been created:<br>class: Comet Trio sail no.: 472 helm: Andrew McAusland<br>Please check that the information is correct and there is no duplicate', ' ', NULL, '', '2013-01-13 12:13:07'),
(248, 1038, 'sign on process', 'new competitor created', 'A new competitor has been created:<br>class: Laser sail no.: 191701 helm: Robert Dyer<br>Please check that the information is correct and there is no duplicate', ' ', NULL, '', '2013-01-13 12:13:07'),
(249, 1038, 'sign on process', 'new competitor created', 'A new competitor has been created:<br>class: Laser sail no.: 192722 helm: Jon Williams<br>Please check that the information is correct and there is no duplicate', ' ', NULL, '', '2013-01-13 12:13:07'),
(250, 1038, 'sign on process', 'new competitor created', 'A new competitor has been created:<br>class: Laser Radial sail no.: 203910 helm: Ben Hawkes<br>Please check that the information is correct and there is no duplicate', ' ', NULL, '', '2013-01-13 12:13:07'),
(251, 1038, 'sign on process', 'new competitor created', 'A new competitor has been created:<br>class: Laser Radial sail no.: 77634 helm: Will Maunder<br>Please check that the information is correct and there is no duplicate', ' ', NULL, '', '2013-01-13 12:13:07'),
(252, 1038, 'sign on process', 'new competitor created', 'A new competitor has been created:<br>class: Merlin sail no.: 3448 helm: Sam Thompson<br>Please check that the information is correct and there is no duplicate', ' ', NULL, '', '2013-01-13 12:13:07'),
(253, 1038, 'sign on process', 'new competitor created', 'A new competitor has been created:<br>class: Laser Radial sail no.: 197494 helm: Ellie Hitching<br>Please check that the information is correct and there is no duplicate', ' ', NULL, '', '2013-01-13 12:13:07'),
(254, 1038, 'sign on process', 'new competitor created', 'A new competitor has been created:<br>class: Laser sail no.: 198515 helm: Dave Stockton<br>Please check that the information is correct and there is no duplicate', ' ', NULL, '', '2013-01-13 12:13:07'),
(255, 1038, 'sign on process', 'new competitor created', 'A new competitor has been created:<br>class: Laser sail no.: 201857 helm: Charlie Maunder<br>Please check that the information is correct and there is no duplicate', ' ', NULL, '', '2013-01-13 12:13:07'),
(183, 992, 'Nigel McKay', 'Evening 14', 'The AOOD Ben Fricker didn''t turn up but fortunately Justin Eddy did - I''m sure you will let him know!     Topper 44747 was sailed by Brian Etherington but did not finish - he may want to be recorded on the race results.     We only had one safety boat - the orange rib. The yellow rib''s engine cover was off and so the rescue boat team tried to use the grey rib but it appears the battery is flat - please can you let the relevant person know.     I should be grateful if you would confirm you have received this message. Many thanks ', 'nigelmckay@gilbertstephens.co.uk', NULL, '', '2012-09-05 20:04:03'),
(256, 1038, 'sign on process', 'new competitor created', 'A new competitor has been created:<br>class: Laser 2000 sail no.: 21816 helm: Ay Fitter<br>Please check that the information is correct and there is no duplicate', ' ', NULL, '', '2013-01-13 12:13:07'),
(257, 1038, 'sign on process', 'new competitor created', 'A new competitor has been created:<br>class: Laser 2000 sail no.: 406 helm: Andy Figgins<br>Please check that the information is correct and there is no duplicate', ' ', NULL, '', '2013-01-13 12:13:07'),
(258, 1038, 'sign on process', 'new competitor created', 'A new competitor has been created:<br>class: Laser 2000 sail no.: 407 helm: James Taylor<br>Please check that the information is correct and there is no duplicate', ' ', NULL, '', '2013-01-13 12:13:07'),
(259, 1038, 'sign on process', 'new competitor created', 'A new competitor has been created:<br>class: Laser Radial sail no.: 184963 helm: Jamie Roberts<br>Please check that the information is correct and there is no duplicate', ' ', NULL, '', '2013-01-13 12:13:08'),
(188, 1001, 'sign on process', 'new class created', 'A new class configuration has been created for class - <strong>Byte Cii</strong>.<br><br>Please check that the information is correct and consistent for all race types', ' ', NULL, '', '2012-09-16 15:50:37'),
(260, 1038, 'sign on process', 'new competitor created', 'A new competitor has been created:<br>class: Merlin sail no.: 3684 helm: Andy Davis<br>Please check that the information is correct and there is no duplicate', ' ', NULL, '', '2013-01-13 12:13:08'),
(261, 1038, 'sign on process', 'new competitor created', 'A new competitor has been created:<br>class: RS Feva sail no.: 4974 helm: Victoria Upton<br>Please check that the information is correct and there is no duplicate', ' ', NULL, '', '2013-01-19 16:00:50'),
(262, 1038, 'sign on process', 'new competitor created', 'A new competitor has been created:<br>class: Topper sail no.: 45437 helm: James Ripley<br>Please check that the information is correct and there is no duplicate', ' ', NULL, '', '2013-01-19 16:00:50'),
(263, 1038, 'sign on process', 'new competitor created', 'A new competitor has been created:<br>class: Osprey sail no.: 1318 helm: Simon Hawkes<br>Please check that the information is correct and there is no duplicate', ' ', NULL, '', '2013-01-19 16:00:50'),
(264, 1038, 'sign on process', 'new competitor created', 'A new competitor has been created:<br>class: Osprey sail no.: 1374 helm: Philip Meakins<br>Please check that the information is correct and there is no duplicate', ' ', NULL, '', '2013-01-19 16:00:50'),
(265, 1038, 'sign on process', 'new competitor created', 'A new competitor has been created:<br>class: RS200 sail no.: 374 helm: Pete Middleton<br>Please check that the information is correct and there is no duplicate', ' ', NULL, '', '2013-01-19 16:00:50'),
(266, 1038, 'sign on process', 'new competitor created', 'A new competitor has been created:<br>class: Laser Radial sail no.: 197782 helm: Chris Jones<br>Please check that the information is correct and there is no duplicate', ' ', NULL, '', '2013-01-19 16:00:50'),
(267, 1038, 'RM - Add Competitor', 'new competitor created', 'A new competitor has been created:<br>class: Phantom sail no.: 55 helm: Sam Barker<br>Please check that the information is correct and there is no duplicate', ' ', NULL, '', '2013-01-20 11:08:41'),
(268, 1040, 'sign on process', 'new competitor created', 'A new competitor has been created:<br>class: Laser sail no.: 203299 helm: Paul Bartlett<br>Please check that the information is correct and there is no duplicate', ' ', NULL, '', '2013-02-03 09:41:19'),
(269, 1040, 'Colin Lee', 'Results for Frostbite 1', 'Race abandoned for Handicap and Laser fleets ater Lap 1 as time limit approaching and no wind.  Wind then filled in!  Some people feel race abandoned prematurely but RO''s judgement that no boat in these fleets likely to finish in time limit.  Assymetric and Multihull fleets OK as course could be shortened.  However, some boats failed to complete 2 laps so they have been classed DNF.', 'colin.lee@seal-safety.co.uk', NULL, '', '2013-02-03 13:01:40'),
(270, 1042, 'sign on process', 'new competitor created', 'A new competitor has been created:<br>class: Laser Radial sail no.: 167886 helm: Russ Gibbs<br>Please check that the information is correct and there is no duplicate', ' ', NULL, '', '2013-02-17 09:56:28'),
(202, 1007, 'Simon Greenslade', '', 'Too much wind for a third race!!', '', NULL, '', '2012-09-23 11:29:29'),
(271, 1042, 'sign on process', 'new competitor created', 'A new competitor has been created:<br>class: Laser sail no.: 75241 helm: Jamie Dunn<br>Please check that the information is correct and there is no duplicate', ' ', NULL, '', '2013-02-17 10:00:08'),
(272, 1044, 'sign on process', 'new competitor created', 'A new competitor has been created:<br>class: Laser sail no.: 182345 helm: D Turner<br>Please check that the information is correct and there is no duplicate', ' ', NULL, '', '2013-02-24 15:23:56'),
(273, 1044, 'Mike Webster', 'Results of frostbite 3', 'Please note that a protest has been lodged by RS400 411 which may affect the result of this race. The protest is against RS800 1101.', 'michael@spencer-webster.co.uk', NULL, '', '2013-02-24 17:56:26'),
(274, 1100, 'sign on process', 'new competitor created', 'A new competitor has been created:<br>class: Laser Radial sail no.: 162794 helm: Graham Bamforth<br>Please check that the information is correct and there is no duplicate', ' ', NULL, '', '2013-04-07 15:02:16'),
(275, 1103, 'sign on process', 'new competitor created', 'A new competitor has been created:<br>class: Hornet sail no.: 2178 helm: Eric Marchbanks<br>Please check that the information is correct and there is no duplicate', ' ', NULL, '', '2013-04-21 13:49:29'),
(276, 1103, 'sign on process', 'new competitor created', 'A new competitor has been created:<br>class: Laser sail no.: 150502 helm: Bruce Watt<br>Please check that the information is correct and there is no duplicate', ' ', NULL, '', '2013-04-21 16:34:18'),
(277, 1105, 'sign on process', 'new competitor created', 'A new competitor has been created:<br>class: Laser Radial sail no.: 186020 helm: Eddie Attenburrow<br>Please check that the information is correct and there is no duplicate', ' ', NULL, '', '2013-04-28 09:21:39'),
(278, 1106, 'sign on process', 'new competitor created', 'A new competitor has been created:<br>class: Merlin sail no.: 3693 helm: Colin Lee<br>Please check that the information is correct and there is no duplicate', ' ', NULL, '', '2013-05-05 14:05:32'),
(211, 1024, 'Colin Lee', 'Atumn 7 - 18 November 2012', 'Most of Assymetric fleet disqualified and marked as DSQ because they rounded the Bank mark the wrong way.  Bank mark was deliberately set as PORT rounding to ensure same direction as the Handicap fleet.  Course board for Assymetrics displayed Salmonpool (S),Bank (P), 29 (S).', 'lee.colin@btconnect.com', NULL, '', '2012-11-18 11:53:11'),
(279, 1106, 'sign on process', 'new competitor created', 'A new competitor has been created:<br>class: RS100 - 10.2 sail no.: 469 helm: Paul Jacobs<br>Please check that the information is correct and there is no duplicate', ' ', NULL, '', '2013-05-05 14:05:32'),
(280, 1106, 'sign on process', 'new competitor created', 'A new competitor has been created:<br>class: RS500 sail no.: 632 helm: Mark Whalley<br>Please check that the information is correct and there is no duplicate', ' ', NULL, '', '2013-05-05 14:21:35'),
(281, 1107, 'David Burley', 'Safety Boat 8.05.13', 'Have book OOD and 1 safety but not 2nd - maybe Mark Philips.  Also Dave Lee lodged protest against RS100 421. Outcome not known.  Regard  David', 'mail@davidburleyarchitects.co.uk', NULL, '', '2013-05-08 20:01:43'),
(282, 1108, 'sign on process', 'new competitor created', 'A new competitor has been created:<br>class: RS200 sail no.: 426 helm: Emma Phillips<br>Please check that the information is correct and there is no duplicate', ' ', NULL, '', '2013-05-12 08:01:49'),
(283, 1112, 'sign on process', 'new competitor created', 'A new competitor has been created:<br>class: RS100 - 8.4 sail no.: 470 helm: Alistair Glen<br>Please check that the information is correct and there is no duplicate', ' ', NULL, '', '2013-05-26 17:14:19'),
(284, 1112, 'sign on process', 'new competitor created', 'A new competitor has been created:<br>class: Laser sail no.: 8345 helm: Mark Ledgard<br>Please check that the information is correct and there is no duplicate', ' ', NULL, '', '2013-05-26 17:14:19'),
(285, 1112, 'sign on process', 'new competitor created', 'A new competitor has been created:<br>class: Laser sail no.: 120532 helm: Marcus Lyward<br>Please check that the information is correct and there is no duplicate', ' ', NULL, '', '2013-05-26 17:14:19'),
(286, 1114, 'sign on process', 'new competitor created', 'A new competitor has been created:<br>class: Laser sail no.: 191331 helm: Jonathan Newall<br>Please check that the information is correct and there is no duplicate', ' ', NULL, '', '2013-06-02 11:43:41'),
(287, 1115, 'sign on process', 'new competitor created', 'A new competitor has been created:<br>class: RS300 sail no.: 342 helm: Vyv Game<br>Please check that the information is correct and there is no duplicate', ' ', NULL, '', '2013-06-02 12:57:09'),
(288, 1117, 'sign on process', 'new competitor created', 'A new competitor has been created:<br>class: Laser sail no.: 140945 helm: Liam Mcgrath<br>Please check that the information is correct and there is no duplicate', ' ', NULL, '', '2013-06-05 17:12:52'),
(289, 1117, 'sign on process', 'new competitor created', 'A new competitor has been created:<br>class: Dart 18 sail no.: 6077 helm: Mike Arstall<br>Please check that the information is correct and there is no duplicate', ' ', NULL, '', '2013-06-05 17:12:52'),
(290, 1117, 'sign on process', 'new competitor created', 'A new competitor has been created:<br>class: Laser Radial sail no.: 150502 helm: Bruce Watt<br>Please check that the information is correct and there is no duplicate', ' ', NULL, '', '2013-06-05 17:12:52'),
(291, 1118, 'sign on process', 'new competitor created', 'A new competitor has been created:<br>class: Laser sail no.: 128798 helm: Theo Greenslade<br>Please check that the information is correct and there is no duplicate', ' ', NULL, '', '2013-06-09 17:06:54'),
(292, 1119, 'sign on process', 'new competitor created', 'A new competitor has been created:<br>class: Hornet sail no.: 2108 helm: Strangler<br>Please check that the information is correct and there is no duplicate', ' ', NULL, '', '2013-06-12 17:30:25'),
(293, 1125, 'sign on process', 'new competitor created', 'A new competitor has been created:<br>class: Hornet sail no.: 2108 helm: Nigel Skudder<br>Please check that the information is correct and there is no duplicate', ' ', NULL, '', '2013-07-07 16:34:21'),
(294, 1126, 'Jayne Johnson', 'Finishing - July 12th', 'For info Hornet 2154 and RS100 421 finished between race box and inner distance mark, not sure of the rules, but letting you know in case of any protests.', 'jaynejohnson@mypostoffice.co.uk', NULL, '', '2013-07-10 19:27:10'),
(295, 1147, 'sign on process', 'new competitor created', 'A new competitor has been created:<br>class: Hurricane SX sail no.: 454 helm: Tony Blackmore<br>Please check that the information is correct and there is no duplicate', ' ', NULL, '', '2013-07-21 15:22:38'),
(296, 1150, 'sign on process', 'new competitor created', 'A new competitor has been created:<br>class: RS200 sail no.: 1127 helm: Russ Gibbs<br>Please check that the information is correct and there is no duplicate', ' ', NULL, '', '2013-07-28 09:25:35'),
(297, 1153, 'sign on process', 'new competitor created', 'A new competitor has been created:<br>class: RS100 - 8.4 sail no.: 129 helm: Tony Blackmore<br>Please check that the information is correct and there is no duplicate', ' ', NULL, '', '2013-08-11 08:18:24'),
(298, 1153, 'sign on process', 'new competitor created', 'A new competitor has been created:<br>class: Merlin sail no.: 3721 helm: Carly Gurr<br>Please check that the information is correct and there is no duplicate', ' ', NULL, '', '2013-08-11 08:44:31'),
(299, 1156, 'sign on process', 'new competitor created', 'A new competitor has been created:<br>class: Laser sail no.: 81079 helm: Luke Rutley<br>Please check that the information is correct and there is no duplicate', ' ', NULL, '', '2013-08-21 17:50:21'),
(300, 1157, 'sign on process', 'new competitor created', 'A new competitor has been created:<br>class: RS500 sail no.: 959 helm: Paul Bartlett<br>Please check that the information is correct and there is no duplicate', ' ', NULL, '', '2013-08-25 08:48:25'),
(301, 1160, 'sign on process', 'new competitor created', 'A new competitor has been created:<br>class: Mirror S/H sail no.: 61912 helm: Nishok<br>Please check that the information is correct and there is no duplicate', ' ', NULL, '', '2013-08-31 12:51:46'),
(302, 1160, 'sign on process', 'new competitor created', 'A new competitor has been created:<br>class: Laser sail no.: 159537 helm: David Matthews<br>Please check that the information is correct and there is no duplicate', ' ', NULL, '', '2013-08-31 12:51:46'),
(303, 1160, 'sign on process', 'new competitor created', 'A new competitor has been created:<br>class: RS100 - 8.4 sail no.: 458 helm: Edward Venmore<br>Please check that the information is correct and there is no duplicate', ' ', NULL, '', '2013-08-31 13:10:29'),
(304, 1160, 'sign on process', 'new competitor created', 'A new competitor has been created:<br>class: Topper sail no.: 45092 helm: Charlie Wickins<br>Please check that the information is correct and there is no duplicate', ' ', NULL, '', '2013-08-31 13:10:29'),
(305, 1160, 'sign on process', 'new competitor created', 'A new competitor has been created:<br>class: Topper 4.2 sail no.: 35822 helm: Tilly Gregson<br>Please check that the information is correct and there is no duplicate', ' ', NULL, '', '2013-08-31 13:10:29'),
(306, 1166, 'sign on process', 'new competitor created', 'A new competitor has been created:<br>class: Dart 18 sail no.: 7431 helm: Will Mcgrath<br>Please check that the information is correct and there is no duplicate', ' ', NULL, '', '2013-09-04 17:42:06'),
(307, 1167, 'sign on process', 'new competitor created', 'A new competitor has been created:<br>class: Hornet sail no.: 2108 helm: Dick Garry<br>Please check that the information is correct and there is no duplicate', ' ', NULL, '', '2013-09-08 07:53:53'),
(308, 1167, 'sign on process', 'new competitor created', 'A new competitor has been created:<br>class: Hornet sail no.: 2108 helm: Dick Garry<br>Please check that the information is correct and there is no duplicate', ' ', NULL, '', '2013-09-08 08:06:28'),
(309, 1170, 'RM - Add Competitor', 'new competitor created', 'A new competitor has been created:<br>class: RS200 sail no.: 1148 helm: Another<br>Please check that the information is correct and there is no duplicate', ' ', NULL, '', '2013-09-15 14:50:19'),
(310, 1178, 'sign on process', 'new competitor created', 'A new competitor has been created:<br>class: Dart 18 sail no.: 7663 helm: Liam Mcgrath<br>Please check that the information is correct and there is no duplicate', ' ', NULL, '', '2013-09-29 11:28:55'),
(311, 1178, 'sign on process', 'new competitor created', 'A new competitor has been created:<br>class: Merlin sail no.: 3566 helm: James Wells<br>Please check that the information is correct and there is no duplicate', ' ', NULL, '', '2013-09-29 11:28:55'),
(312, 1179, 'sign on process', 'new competitor created', 'A new competitor has been created:<br>class: Merlin sail no.: 3613 helm: Mark Elkington<br>Please check that the information is correct and there is no duplicate', ' ', NULL, '', '2013-10-06 08:15:31'),
(313, 1180, 'sign on process', 'new competitor created', 'A new competitor has been created:<br>class: Topper sail no.: 10346 helm: Olivia Mckay<br>Please check that the information is correct and there is no duplicate', ' ', NULL, '', '2013-10-12 10:22:27'),
(314, 1180, 'sign on process', 'new competitor created', 'A new competitor has been created:<br>class: Laser sail no.: 167886 helm: Jamie Barker<br>Please check that the information is correct and there is no duplicate', ' ', NULL, '', '2013-10-12 10:31:05'),
(315, 1184, 'sign on process', 'new competitor created', 'A new competitor has been created:<br>class: Laser Radial sail no.: 191622 helm: Nick Barker<br>Please check that the information is correct and there is no duplicate', ' ', NULL, '', '2013-10-13 11:09:54'),
(316, 1183, 'sign on process', 'new competitor created', 'A new competitor has been created:<br>class: RS200 sail no.: 385 helm: A / M Way<br>Please check that the information is correct and there is no duplicate', ' ', NULL, '', '2013-10-13 11:12:15'),
(317, 1184, 'sign on process', 'new competitor created', 'A new competitor has been created:<br>class: Mirror sail no.: 61912 helm: Nishok<br>Please check that the information is correct and there is no duplicate', ' ', NULL, '', '2013-10-13 11:33:44'),
(318, 1187, 'sign on process', 'new competitor created', 'A new competitor has been created:<br>class: Hornet sail no.: 2108 helm: Dick Garry<br>Please check that the information is correct and there is no duplicate', ' ', NULL, '', '2013-11-03 14:59:40'),
(323, 1101, '', 'DEMO pursuit race 1 - OOD message', 'hello world 2      ', 'mark.elkington@blueyonder.co.uk', NULL, 'received', '2015-04-21 19:05:11'),
(324, 1101, '', 'DEMO pursuit race 1 - OOD message', 'new world \r\n                ', 'mark.elkington@blueyonder.co.uk', NULL, 'received', '2015-04-21 19:17:51'),
(320, 1101, '', 'DEMO pursuit race 1 - OOD message', 'hello world \r\n                ', 'mark.elkington@blueyonder.co.uk', NULL, 'received', '2015-04-20 20:44:53'),
(321, 1101, '', 'DEMO pursuit race 1 - OOD message', ' hello\r\n                ', 'mark.elkington@blueyonder.co.uk', NULL, 'received', '2015-04-21 18:57:03'),
(322, 1101, '', 'DEMO pursuit race 1 - OOD message', ' hello world\r\n                ', 'mark.elkington@blueyonder.co.uk', NULL, 'received', '2015-04-21 18:59:30'),
(325, 1101, 'mark elkington', 'DEMO pursuit race 1 - OOD message', ' \r\n       12        ', 'mark.elkington@blueyonder.co.uk', NULL, 'received', '2015-04-21 19:53:04'),
(326, 1101, 'mark elkington', 'DEMO pursuit race 1 - OOD message', ' 12\r\n                ', 'racebox', NULL, 'received', '2015-04-21 20:01:20'),
(327, 1101, 'mark elkington', 'DEMO pursuit race 1 - OOD message', ' hello\r\n                ', 'racebox', NULL, 'received', '2015-04-21 20:02:14'),
(328, 1101, 'marke', 'DEMO pursuit race 1 - OOD message', ' 123\r\n                ', 'mark.elkington@blueyonder.co.uk', NULL, 'received', '2015-04-21 20:09:19'),
(329, 902, 'mark elkington', 'DEMO Spring 1 - OOD message', 'hello big bad world \r\n                ', 'mark.elkington@blueyonder.co.uk', NULL, 'received', '2015-04-21 20:34:03'),
(330, 1101, 'marke', 'DEMO pursuit race 1 - OOD message', ' \r\n                b', 'mark.elkington@blueyonder.co.uk', NULL, 'received', '2015-04-21 20:48:47'),
(331, 902, 'mark elkington', 'DEMO Spring 1 - OOD message', ' hello world\r\n                ', 'mark.elkington@blueyonder.co.uk', NULL, 'received', '2015-04-24 10:32:32'),
(332, 902, 'fred james', 'DEMO Spring 1 - OOD message', ' hellow second world\r\n                ', 'mark.elkington@blueyonder.co.uk', NULL, 'received', '2015-04-24 10:36:41'),
(333, 902, 'joe bloggs', 'DEMO Spring 1 - OOD message', 'mark elkington \r\n                ', 'racebox', NULL, 'received', '2015-04-24 10:38:00'),
(334, 902, 'jeff bridges', 'DEMO Spring 1 - OOD message', ' hello world', 'racebox', NULL, 'received', '2015-04-24 10:42:05'),
(335, 902, 'mark brand', 'DEMO Spring - OOD message', ' Test message\r\n        ', 'mark.elkington@blueyonder.co.uk', NULL, 'received', '2015-05-08 13:22:29'),
(336, 902, 'mark elkington', 'DEMO Spring - OOD message', ' A message from the results page\r\n        ', 'mark.elkington@blueyonder.co.uk', NULL, 'received', '2015-05-28 17:35:08'),
(337, 902, 'mark elkington', 'DEMO Spring - OOD message', ' A message from the results page\r\n        ', 'mark.elkington@blueyonder.co.uk', NULL, 'received', '2015-05-28 17:35:08'),
(338, 902, 'mark brand', 'DEMO Spring - OOD message', ' and another one\r\n        ', 'mark.elkington@blueyonder.co.uk', NULL, 'received', '2015-05-28 17:37:41');

--
-- Dumping data for table `t_race`
--

INSERT INTO `t_race` (`id`, `eventid`, `start`, `fleet`, `competitorid`, `helm`, `crew`, `club`, `class`, `classcode`, `sailnum`, `pn`, `starttime`, `clicktime`, `lap`, `finishlap`, `etime`, `ctime`, `atime`, `ptime`, `code`, `penalty`, `points`, `declaration`, `note`, `status`) VALUES
(3, 902, 4, 5, 17, 'Jim Carter', 'Jonathan Gosling', 'Starcross YC', 'Dart 18', NULL, '6886', 846, '15:47:02', '16:51:02', 2, 0, 3120, 1844, 0, 4680, '', 0, 3, 0, NULL, ''),
(4, 902, 4, 5, 341, 'Ben Neild', 'Gibson', 'Starcross YC', 'Dart 18', NULL, '6788', 846, '15:47:02', '16:45:45', 1, 0, 2803, 3313, 0, 5606, 'DNF', 0, 8, 0, NULL, ''),
(6, 902, 2, 2, 1324, 'Dick Garry', 'Sam Woolner', 'Starcross YC', 'Hornet', NULL, '2108', 969, '15:47:02', '16:39:51', 2, 0, 1199, 1237, 0, 4214, '', 0, 2, 0, NULL, ''),
(7, 902, 2, 2, 376, 'Andy Hohl', 'Philippa Greenslade', 'Starcross YC', 'Hornet', NULL, '2165', 969, '15:47:02', '16:49:36', 2, 0, 1614, 1666, 0, 5091, '', 0, 11, 0, NULL, ''),
(8, 902, 2, 2, 425, 'Mike Mackie', 'Clare Knight', 'Starcross YC', 'Merlin', NULL, '3580', 991, '15:47:02', '16:39:31', 2, 0, 1248, 1259, 0, 4184, '', 0, 3, 0, NULL, ''),
(9, 902, 2, 2, 673, 'Steve Harling', 'Eleanor Thomas', 'Starcross YC', 'Merlin', NULL, '3713', 991, '15:47:02', '16:44:38', 2, 0, 1515, 1529, 0, 4644, '', 0, 7, 0, NULL, ''),
(10, 902, 2, 2, 386, 'David Kingdon', '', 'Starcross YC', 'Finn', NULL, '99', 1062, '15:47:02', '16:22:08', 1, 0, 1746, 1644, 0, 3492, '', 0, 9, 0, NULL, ''),
(11, 902, 2, 2, 30, 'Vyv Game', 'Mike Tucket', 'Starcross YC', 'Merlin', NULL, '3576', 991, '15:47:02', '16:50:48', 2, 0, 1603, 1618, 0, 5199, '', 0, 8, 0, NULL, ''),
(12, 902, 4, 5, 1312, 'Will Mcgrath', '', 'Starcross YC', 'Dart 18', NULL, '7431', 846, '15:47:02', '16:51:49', 2, 0, 3167, 1872, 0, 4751, '', 0, 5, 0, NULL, ''),
(13, 902, 1, 1, 878, 'Olly Greenslade', 'Andrew Gladstone', 'Starcross YC', 'RS400', NULL, '1264', 946, '15:47:02', '16:33:42', 2, 0, 2620, 1385, 0, 3930, '', 0, 3, 1, NULL, 'F'),
(14, 902, 2, 2, 1325, 'Michael Webster', 'Nicholas Barker', 'Starcross YC', 'Merlin', NULL, '3597', 991, '15:47:02', '16:54:41', 1, 0, 3699, 3733, 0, 7398, '', 0, 12, 0, NULL, ''),
(15, 902, 4, 5, 1172, 'Graham Buxton-smith', 'Alex Hawkes', 'Starcross YC', 'Hurricane SX', NULL, '278', 698, '15:47:02', '16:37:54', 2, 0, 2332, 1670, 0, 3498, '', 0, 2, 0, NULL, ''),
(17, 902, 2, 2, 159, 'Grant Simmons', '', 'Starcross YC', 'Finn', NULL, '603', 1062, '15:47:02', '16:45:35', 2, 0, 1544, 1454, 0, 4730, '', 0, 6, 0, NULL, ''),
(19, 902, 2, 2, 345, 'Dave Lee', 'Juliet Pealing', 'Starcross YC', 'Merlin', NULL, '3711', 991, '15:47:02', '16:42:34', 2, 0, 1303, 1315, 0, 4458, '', 0, 4, 0, NULL, ''),
(20, 902, 1, 1, 876, 'Chris Cunningham', '', 'Starcross YC', 'RS100 - 8.4', NULL, '421', 1003, '15:47:02', '16:56:00', 2, 0, 3086, 1538, 0, 5937, '', 0, 9, 0, NULL, 'R'),
(21, 902, 3, 3, 950, 'Roger Williams', '', 'Starcross YC', 'Laser Radial', NULL, '174693', 1140, '15:47:02', '16:23:34', 1, 0, 1652, 1449, 0, 3304, '', 0, 1, 0, NULL, ''),
(22, 902, 2, 2, 1222, 'Wilf OKeefe', '', 'Starcross YC', 'Laser Vago', NULL, '617', 1060, '15:47:02', '00:00:00', 0, 0, 0, 0, 0, 0, 'DNF', 0, 14, 0, NULL, ''),
(23, 902, 1, 1, 1309, 'Edward Venmore', '', 'Starcross YC', 'RS100 - 8.4', NULL, '458', 1003, '15:47:02', '16:22:22', 1, 0, 1940, 1934, 0, 3880, '', 0, 12, 0, NULL, 'F'),
(25, 902, 2, 2, 1317, 'James Wells', 'Liz Wells', 'Starcross YC', 'Merlin', NULL, '3566', 991, '15:47:02', '16:42:41', 2, 0, 1334, 1346, 0, 4469, '', 0, 5, 0, NULL, ''),
(26, 902, 1, 1, 1148, 'Mark Pollard', 'mark', 'Starcross YC', 'B14', NULL, '777', 999, '15:47:02', '16:34:48', 2, 0, 5600, 1554, 0, 4029, 'RET', 0, 40, 0, NULL, 'X'),
(27, 902, 3, 3, 1277, 'Paul Bartlett', '', 'Starcross YC', 'Laser', NULL, '203299', 1112, '15:47:02', '16:53:07', 2, 0, 1631, 1467, 0, 5138, '', 0, 2, 0, NULL, ''),
(28, 902, 1, 1, 605, 'Russ Gibbs', 'Meg Baker', 'Starcross YC', 'RS800', NULL, '1101', 815, '15:47:02', '16:26:00', 2, 0, 2158, 1324, 0, 3237, 'DNF', 0, 2, 0, NULL, 'X'),
(29, 902, 3, 3, 867, 'Jonathan Newall', '', 'Starcross YC', 'Laser Radial', NULL, '164572', 1140, '15:47:02', '16:59:53', 1, 0, 3831, 3361, 0, 7662, '', 0, 6, 0, NULL, ''),
(31, 902, 2, 2, 1213, 'Olly Turner', 'Alice Markham', 'Starcross YC', 'Merlin', NULL, '3656', 991, '15:47:02', '16:38:19', 2, 0, 1221, 1232, 0, 4076, '', 0, 1, 0, NULL, ''),
(32, 902, 4, 5, 1316, 'Liam Mcgrath', 'Sue Mcgrath', 'Starcross YC', 'Dart 18', NULL, '7663', 846, '15:47:02', '16:41:22', 1, 0, 2540, 3002, 0, 5080, 'DNF', 0, 8, 0, NULL, ''),
(33, 902, 3, 3, 1183, 'Greg Bartlett', '', 'Starcross YC', 'Laser Radial', NULL, '202204', 1140, '15:47:02', '00:00:00', 0, 0, 0, 0, 0, 0, 'DNF', 0, 10, 0, NULL, ''),
(34, 902, 3, 3, 1305, 'Luke Rutley', '', 'Starcross YC', 'Laser', NULL, '81079', 1112, '15:47:02', '16:49:28', 1, 0, 3206, 2883, 0, 6412, '', 0, 5, 0, NULL, ''),
(35, 902, 1, 1, 1154, 'Simon Greenslade', '', 'Starcross YC', 'RS100 - 8.4', NULL, '268', 1003, '15:47:02', '16:38:24', 2, 0, 123, 1447, 0, 4353, '', 0, 4, 0, NULL, 'R'),
(36, 902, 3, 3, 580, 'Robin Jones', '', 'Starcross YC', 'Laser Radial', NULL, '189326', 1140, '15:47:02', '16:30:15', 1, 0, 2053, 1801, 0, 4106, '', 0, 3, 0, NULL, ''),
(37, 902, 4, 5, 69, 'Doug Smith', 'Jamie King', 'Starcross YC', 'Hurricane SX', NULL, '416', 698, '15:47:02', '16:34:26', 2, 0, 2124, 1521, 0, 3186, '', 0, 1, 0, NULL, ''),
(38, 902, 4, 5, 378, 'Jon Miles', 'Bea Miles', 'Starcross YC', 'Dart 18', NULL, '7683', 846, '15:47:02', '16:51:46', 2, 0, 3164, 1870, 0, 4746, '', 0, 4, 0, NULL, ''),
(39, 902, 3, 3, 1077, 'Paul Kelley', '', 'Starcross YC', 'Laser', NULL, '202202', 1112, '15:47:02', '16:25:53', 1, 0, 1611, 1449, 0, 3222, 'DNF', 0, 10, 0, NULL, ''),
(40, 902, 3, 3, 1221, 'Alec Gladstone', '', 'Starcross YC', 'Laser Radial', NULL, '184736', 1140, '15:47:02', '16:35:03', 1, 0, 2161, 1896, 0, 4322, '', 0, 4, 0, NULL, ''),
(41, 902, 1, 1, 40, 'Richard Cain', 'Barney Dearsly', 'Starcross YC', 'RS400', NULL, '411', 946, '15:47:02', '16:30:51', 2, 0, 2269, 1199, 0, 3404, '', 0, 1, 0, NULL, 'F'),
(42, 902, 4, 5, 672, 'Mike Arstall', 'Eamon Tyrell', 'Starcross YC', 'Hurricane SX', NULL, '457', 698, '15:47:02', NULL, 0, 0, 0, 0, 0, 0, 'OOD', 0, 999, 0, NULL, ''),
(96, 902, 1, 1, 3, 'John Donovan', 'Nigel Hingston', 'Starcross YC', 'Hurricane SX', 'HURSX', '454', 690, NULL, NULL, 0, NULL, 0, 0, 0, 0, NULL, 0, 0, 0, NULL, 'E'),
(97, 902, 1, 1, 2, 'Dan Bridger', 'Jayne Morris', 'Salcombe YC', 'Enterprise', 'ENT', '1477', 1130, NULL, NULL, 0, NULL, 0, 0, 0, 0, NULL, 0, 0, 0, NULL, 'E'),
(98, 902, 1, 1, 1, 'Mark Elkington', 'Robbie Elkington', 'Starcross YC', 'RS200', 'RS200', '1477', 1055, NULL, NULL, 0, NULL, 0, 0, 0, 0, NULL, 0, 0, 0, NULL, 'E');

--
-- Dumping data for table `t_racestate`
--

INSERT INTO `t_racestate` (`id`, `race`, `racename`, `start`, `eventid`, `racetype`, `startdelay`, `starttime`, `maxlap`, `currentlap`, `entries`, `status`, `prevstatus`, `updby`, `upddate`) VALUES
(1, 1, 'fast handicap', 1, 902, '', 360, '00:00:00', 1, 0, 0, '', NULL, 'init', '2015-09-07 11:58:07'),
(2, 2, 'slow handicap', 2, 902, '', 540, '00:00:00', 6, 0, 0, '', NULL, 'init', '2015-09-07 11:58:07'),
(3, 3, 'hurricanes', 3, 902, '', 720, '00:00:00', 2, 0, 0, '', NULL, 'init', '2015-09-07 11:58:07'),
(4, 4, 'dart', 3, 902, 'level', 720, '00:00:00', 1, 0, 0, '', NULL, 'init', '2015-09-07 11:58:07');

--
-- Dumping data for table `t_result`
--

INSERT INTO `t_result` (`id`, `eventid`, `fleet`, `race_type`, `competitorid`, `class`, `sailnum`, `pn`, `helm`, `crew`, `club`, `lap`, `etime`, `ctime`, `atime`, `code`, `penalty`, `points`, `declaration`, `note`, `upddate`, `updby`) VALUES
(10197, 903, 3, 'average', 33, 'Merlin', '3721', 994, 'Nick Turner', 'Carly Turner', NULL, 3, 1, 0, 0, '', 0, 5, 0, '', '2012-04-03 22:38:57', 'transfer'),
(10198, 903, 3, 'average', 485, 'Merlin', '3624', 994, 'John Wollnough', 'Marcia Fletcher', NULL, 0, 0, 0, 0, 'DNC', 0, 18, 0, '', '2012-04-03 22:38:57', 'transfer'),
(10199, 903, 3, 'average', 386, 'Finn', '99', 1062, 'David Kingdon', '', NULL, 3, 1, 0, 0, '', 0, 4, 0, '', '2012-04-03 22:38:57', 'transfer'),
(10200, 903, 3, 'average', 174, 'Finn', '550', 1062, 'Andy Bartram', '', NULL, 3, 1, 0, 0, '', 0, 9, 0, '', '2012-04-03 22:38:57', 'transfer'),
(10201, 903, 3, 'average', 26, 'Hornet', '2154', 973, 'Richard Garry', 'Matt Mcgrath', NULL, 3, 1, 0, 0, '', 0, 2, 0, '', '2012-04-03 22:38:57', 'transfer'),
(10202, 903, 4, 'average', 632, 'Laser', '148667', 1119, 'Chris Southwell', '', NULL, 2, 0, 0, 0, '', 0, 3, 0, '', '2012-04-03 22:38:57', 'transfer'),
(10203, 903, 3, 'average', 376, 'Hornet', '2165', 973, 'Andy Hohl', 'Philippa Greenslade', NULL, 2, 0, 0, 0, 'DNF', 0, 18, 0, '', '2012-04-03 22:38:57', 'transfer'),
(10204, 903, 7, 'average', 1079, 'Dart 18', '5530', 800, 'Matthew Holmes', '', NULL, 0, 0, 0, 0, 'DNC', 0, 4, 0, '', '2012-04-03 22:38:57', 'transfer'),
(10205, 903, 3, 'average', 673, 'Merlin', '3713', 994, 'Steve Harling', 'Eleanor Thomas', NULL, 3, 1, 0, 0, '', 0, 7, 0, '', '2012-04-03 22:38:57', 'transfer'),
(10206, 903, 4, 'average', 861, 'Laser', '160333', 1119, 'Scott Taylor', '', NULL, 2, 0, 0, 0, '', 0, 8, 0, '', '2012-04-03 22:38:57', 'transfer'),
(10207, 903, 3, 'average', 878, 'RS400', '1264', 949, 'Olly Greenslade', 'Andrew Gladstone', NULL, 3, 1, 0, 0, '', 0, 11, 0, '', '2012-04-03 22:38:57', 'transfer'),
(10208, 903, 3, 'average', 1096, 'RS400', '619', 949, 'Nathan Muggeridge', 'Anita Lecocq', NULL, 0, 0, 0, 0, 'DNS', 0, 18, 0, '', '2012-04-03 22:38:57', 'transfer'),
(10209, 903, 1, 'average', 9, 'B14', '764', 864, 'Tony Blackmore', 'Char Jones', NULL, 3, 1, 0, 0, '', 0, 3, 0, '', '2012-04-03 22:38:57', 'transfer'),
(10210, 903, 4, 'average', 1077, 'Laser', '162794', 1119, 'Paul Kelley', '', NULL, 2, 0, 0, 0, '', 0, 6, 0, '', '2012-04-03 22:38:57', 'transfer'),
(10211, 903, 4, 'average', 988, 'Laser Radial', '174105', 1140, 'Juliet Pealing', '', NULL, 2, 1, 0, 0, '', 0, 7, 0, '', '2012-04-03 22:38:57', 'transfer'),
(10212, 903, 1, 'average', 1060, '29er', '1907', 909, 'Mark Elkington', 'Rebecca Elkington', NULL, 3, 1, 0, 0, '', 0, 7, 0, '', '2012-04-03 22:38:57', 'transfer'),
(10213, 903, 3, 'average', 730, 'RS Vareo', '444', 1038, 'J Carr', 'J Carr/e Carr', NULL, 3, 1, 0, 0, '', 0, 12, 0, '', '2012-04-03 22:38:57', 'transfer'),
(10214, 903, 1, 'average', 1140, 'RS500', '959', 972, 'Greg Bartlett', 'Paul Bartlett', NULL, 3, 1, 0, 0, '', 0, 4, 0, '', '2012-04-03 22:38:57', 'transfer'),
(10215, 903, 6, 'average', 672, 'Hurricane SX', '457', 689, 'Mike Arstall', 'Eamon Tyrell', NULL, 3, 1, 0, 0, '', 0, 1, 0, '', '2012-04-03 22:38:57', 'transfer'),
(10216, 903, 4, 'average', 107, 'Laser', '117185', 1119, 'N Hicks', '', NULL, 2, 0, 0, 0, '', 0, 5, 0, '', '2012-04-03 22:38:57', 'transfer'),
(10217, 903, 4, 'average', 806, 'Laser Radial', '184310', 1140, 'Will Greenslade', '', NULL, 2, 0, 0, 0, '', 0, 2, 0, '', '2012-04-03 22:38:57', 'transfer'),
(10218, 903, 1, 'average', 482, 'RS700', '715', 864, 'Steve McDonald', '', NULL, 3, 1, 0, 0, '', 0, 5, 0, '', '2012-04-03 22:38:57', 'transfer'),
(10219, 903, 5, 'average', 753, 'Topper', '47028', 1297, 'Emma Phillips', '', NULL, 0, 0, 0, 0, 'DNC', 0, 2, 0, '', '2012-04-03 22:38:57', 'transfer'),
(10220, 903, 2, 'average', 486, 'RS200', '1364', 1055, 'Simon Greenslade', 'Milly Greenslade', NULL, 3, 1, 0, 0, '', 0, 1, 0, '', '2012-04-03 22:38:57', 'transfer'),
(10221, 903, 3, 'average', 40, 'RS400', '411', 949, 'Richard Cain', 'Barney Donkey', NULL, 3, 1, 0, 0, '', 0, 1, 0, '', '2012-04-03 22:38:57', 'transfer'),
(10222, 903, 3, 'average', 1074, 'Merlin', '3643', 994, 'Alistair Glen', 'Moira Glen', NULL, 3, 1, 0, 0, '', 0, 3, 0, '', '2012-04-03 22:38:57', 'transfer'),
(10223, 903, 3, 'average', 159, 'Finn', '603', 1062, 'Grant Simmons', '', NULL, 0, 0, 0, 0, 'OOD', 0, 999, 0, '', '2012-04-03 22:38:57', 'transfer'),
(10224, 903, 6, 'average', 70, 'Hurricane 5.9', '278', 697, 'Graham Buxton-Smith', 'Nigel Hingston', NULL, 3, 1, 0, 0, '', 0, 3, 0, '', '2012-04-03 22:38:57', 'transfer'),
(10225, 903, 4, 'average', 90, 'Laser', '184736', 1119, 'Mike Kinnear', '', NULL, 2, 0, 0, 0, '', 0, 1, 0, '', '2012-04-03 22:38:57', 'transfer'),
(10226, 903, 4, 'average', 945, 'Laser Radial', '186827', 1140, 'Charlie Greenslade', '', NULL, 2, 0, 0, 0, '', 0, 4, 0, '', '2012-04-03 22:38:57', 'transfer'),
(10227, 903, 3, 'average', 657, 'RS400', '1059', 949, 'S Peat', 'S Peat', NULL, 0, 0, 0, 0, 'DNC', 0, 18, 0, '', '2012-04-03 22:38:57', 'transfer'),
(10228, 903, 3, 'average', 865, 'Merlin', '3626', 994, 'Andy Hay', 'Caroline Hay', NULL, 3, 1, 0, 0, '', 0, 8, 0, '', '2012-04-03 22:38:57', 'transfer'),
(10229, 903, 3, 'average', 39, 'RS400', '1287', 949, 'James Bowman', 'Sarah Roberts', NULL, 3, 1, 0, 0, '', 0, 10, 0, '', '2012-04-03 22:38:57', 'transfer'),
(10230, 903, 1, 'average', 876, 'RS100 - 8.4', '122', 1003, 'Chris Cunningham', '', NULL, 3, 1, 0, 0, '', 0, 1, 0, '', '2012-04-03 22:38:57', 'transfer'),
(10231, 903, 1, 'average', 858, 'RS100 - 8.4', '202', 1003, 'Michael Bagge', '', NULL, 3, 1, 0, 0, '', 0, 2, 0, '', '2012-04-03 22:38:57', 'transfer'),
(10232, 903, 6, 'average', 77, 'Hurricane SX', '380', 689, 'Chris Davis', 'Tom Shillitoe', NULL, 3, 1, 0, 0, '', 0, 2, 0, '', '2012-04-03 22:38:57', 'transfer'),
(10233, 903, 7, 'average', 410, 'Dart 18', '6439', 800, 'Nick Lloyd', 'Jamie Dunn', NULL, 2, 0, 0, 0, '', 0, 2, 0, '', '2012-04-03 22:38:57', 'transfer'),
(10234, 903, 7, 'average', 17, 'Dart 18', '6886', 800, 'Jim Carter', '', NULL, 3, 0, 0, 0, '', 0, 1, 0, '', '2012-04-03 22:38:57', 'transfer'),
(10235, 903, 4, 'average', 1058, 'Laser Radial', '128798', 1140, 'Theo Greenslade', '', NULL, 2, 1, 0, 0, '', 0, 9, 0, '', '2012-04-03 22:38:57', 'transfer'),
(10236, 903, 3, 'average', 28, 'Merlin', '3628', 994, 'Robin Charles', 'Dave Parry', NULL, 3, 1, 0, 0, '', 0, 6, 0, '', '2012-04-03 22:38:57', 'transfer'),
(10237, 903, 3, 'average', 1147, 'RS400', '438', 949, 'Franco Marenco', 'Keith Wheatley', NULL, 3, 1, 0, 0, '', 0, 13, 0, '', '2012-04-03 22:38:57', 'transfer'),
(10238, 903, 1, 'average', 10, 'B14', '762', 864, 'Crispin Taylor', 'Guy Harrill', NULL, 3, 1, 0, 0, '', 0, 6, 0, '', '2012-04-03 22:38:57', 'transfer'),
(10239, 904, 1, 'average', 39, 'RS400', '1287', 949, 'James Bowman', 'Sarah Roberts', NULL, 3, 1, 0, 0, '', 0, 6, 0, '', '2012-04-04 18:44:08', 'transfer'),
(10240, 904, 2, 'average', 993, 'Solo', '5026', 1158, 'Mike Webster', '', NULL, 2, 0, 0, 0, '', 0, 7, 0, '', '2012-04-04 18:44:08', 'transfer'),
(10241, 904, 1, 'average', 765, 'Phantom', '1364', 1010, 'Paul Jacobs', '', NULL, 3, 1, 0, 0, '', 0, 1, 0, '', '2012-04-04 18:44:08', 'transfer'),
(10242, 904, 1, 'average', 858, 'RS100 - 8.4', '202', 1003, 'Michael Bagge', '', NULL, 3, 1, 0, 0, '', 0, 5, 0, '', '2012-04-04 18:44:08', 'transfer'),
(10243, 904, 1, 'average', 876, 'RS100 - 8.4', '122', 1003, 'Chris Cunningham', '', NULL, 3, 1, 0, 0, '', 0, 3, 0, '', '2012-04-04 18:44:08', 'transfer'),
(10244, 904, 3, 'average', 70, 'Hurricane 5.9', '278', 697, 'Graham Buxton-Smith', 'Nigel Hingston', NULL, 2, 0, 0, 0, '', 0, 1, 0, '', '2012-04-04 18:44:08', 'transfer'),
(10245, 904, 1, 'average', 973, 'Merlin', '3713', 994, 'Charlotte Gough', 'Steve Harling', NULL, 3, 1, 0, 0, '', 0, 4, 0, '', '2012-04-04 18:44:08', 'transfer'),
(10246, 904, 2, 'average', 90, 'Laser', '184736', 1119, 'Mike Kinnear', '', NULL, 2, 0, 0, 0, '', 0, 1, 0, '', '2012-04-04 18:44:08', 'transfer'),
(10247, 904, 1, 'average', 28, 'Merlin', '3628', 994, 'Robin Charles', 'Dave Parry', NULL, 1, 0, 0, 0, 'DNF', 0, 8, 0, '', '2012-04-04 18:44:08', 'transfer'),
(10248, 904, 2, 'average', 997, 'Solo', '5008', 1158, 'Graham Tapper', '', NULL, 2, 0, 0, 0, 'DNF', 0, 12, 0, '', '2012-04-04 18:44:08', 'transfer'),
(10249, 904, 2, 'average', 751, 'Topper', '46874', 1297, 'Greg Bartlett', '', NULL, 2, 1, 0, 0, '', 0, 9, 0, '', '2012-04-04 18:44:08', 'transfer'),
(10250, 904, 2, 'average', 438, 'RS200', '1048', 1055, 'Mark Elkington', 'Rebecca Elkington', NULL, 2, 0, 0, 0, '', 0, 3, 0, '', '2012-04-04 18:44:08', 'transfer'),
(10251, 904, 2, 'average', 1064, 'Solo', '4891', 1158, 'Alistair Glen', '', NULL, 2, 0, 0, 0, '', 0, 4, 0, '', '2012-04-04 18:44:08', 'transfer'),
(10252, 904, 1, 'average', 40, 'RS400', '411', 949, 'Richard Cain', 'James Prescott', NULL, 3, 0, 0, 0, '', 0, 2, 0, '', '2012-04-04 18:44:08', 'transfer'),
(10253, 904, 2, 'average', 753, 'Topper', '47028', 1297, 'Emma Phillips', '', NULL, 2, 0, 0, 0, '', 0, 6, 0, '', '2012-04-04 18:44:08', 'transfer'),
(10254, 904, 2, 'average', 1072, 'Streaker', '1776', 1167, 'David Bartlett', '', NULL, 2, 0, 0, 0, '', 0, 2, 0, '', '2012-04-04 18:44:08', 'transfer'),
(10255, 904, 2, 'average', 752, 'Topper', '45059', 1297, 'Alec Gladstone', '', NULL, 2, 1, 0, 0, '', 0, 10, 0, '', '2012-04-04 18:44:08', 'transfer'),
(10256, 904, 2, 'average', 945, 'Laser Radial', '186827', 1140, 'Charlie Greenslade', '', NULL, 2, 0, 0, 0, '', 0, 5, 0, '', '2012-04-04 18:44:08', 'transfer'),
(10257, 904, 2, 'average', 1058, 'Laser Radial', '128798', 1140, 'Theo Greenslade', '', NULL, 2, 0, 0, 0, '', 0, 8, 0, '', '2012-04-04 18:44:08', 'transfer'),
(10258, 907, 1, 'average', 945, 'Laser Radial', '186827', 1140, 'Charlie Greenslade', '', NULL, 4, 1, 0, 0, '', 0, 11, 0, '', '2012-04-08 10:34:34', 'transfer'),
(10259, 907, 1, 'average', 806, 'Laser Radial', '184310', 1140, 'Will Greenslade', '', NULL, 4, 1, 0, 0, '', 0, 16, 0, '', '2012-04-08 10:34:34', 'transfer'),
(10260, 907, 1, 'average', 486, 'RS200', '1364', 1055, 'Simon Greenslade', 'Milly Greenslade', NULL, 4, 1, 0, 0, '', 0, 15, 0, '', '2012-04-08 10:34:34', 'transfer'),
(10261, 907, 3, 'average', 70, 'Hurricane 5.9', '278', 697, 'Graham Buxton-Smith', 'Joe Buxton-smith', NULL, 4, 1, 0, 0, '', 0, 2, 0, '', '2012-04-08 10:34:34', 'transfer'),
(10262, 907, 1, 'average', 386, 'Finn', '99', 1062, 'David Kingdon', '', NULL, 4, 1, 0, 0, '', 0, 13, 0, '', '2012-04-08 10:34:34', 'transfer'),
(10263, 907, 3, 'average', 383, 'Hurricane SX', '454', 689, 'John Donovan', 'Johnny Forster', NULL, 4, 1, 0, 0, '', 0, 1, 0, '', '2012-04-08 10:34:34', 'transfer'),
(10264, 907, 1, 'average', 40, 'RS400', '411', 949, 'Richard Cain', 'Barney Dearsly', NULL, 4, 1, 0, 0, '', 0, 8, 0, '', '2012-04-08 10:34:34', 'transfer'),
(10265, 907, 1, 'average', 878, 'RS400', '1264', 949, 'Olly Greenslade', 'Theo Greenslade', NULL, 4, 1, 0, 0, '', 0, 9, 0, '', '2012-04-08 10:34:34', 'transfer'),
(10266, 907, 2, 'average', 960, 'RS Vareo', '307', 1038, 'Rupert Poole', '', NULL, 3, 1, 0, 0, '', 0, 3, 0, '', '2012-04-08 10:34:34', 'transfer'),
(10267, 907, 1, 'average', 429, 'Laser Radial', '184736', 1140, 'Mike Kinnear', '', NULL, 4, 1, 0, 0, '', 0, 4, 0, '', '2012-04-08 10:34:34', 'transfer'),
(10268, 907, 1, 'average', 9, 'B14', '764', 864, 'Tony Blackmore', 'Char Jones', NULL, 4, 0, 0, 0, '', 0, 1, 0, '', '2012-04-08 10:34:34', 'transfer'),
(10269, 907, 1, 'average', 438, 'RS200', '1048', 1055, 'Mark Elkington', 'Rebecca Elkington', NULL, 4, 1, 0, 0, '', 0, 10, 0, '', '2012-04-08 10:34:34', 'transfer'),
(10270, 907, 1, 'average', 986, 'Laser', '197947', 1119, 'Max Williams', '', NULL, 4, 1, 0, 0, '', 0, 7, 0, '', '2012-04-08 10:34:34', 'transfer'),
(10271, 907, 1, 'average', 174, 'Finn', '550', 1062, 'Andy Bartram', '', NULL, 4, 1, 0, 0, '', 0, 19, 0, '', '2012-04-08 10:34:34', 'transfer'),
(10272, 907, 1, 'average', 673, 'Merlin', '3713', 994, 'Steve Harling', 'Eleanor Thomas', NULL, 4, 1, 0, 0, '', 0, 5, 0, '', '2012-04-08 10:34:34', 'transfer'),
(10273, 907, 1, 'average', 28, 'Merlin', '3628', 994, 'Robin Charles', 'Dave Parry', NULL, 4, 1, 0, 0, '', 0, 12, 0, '', '2012-04-08 10:34:34', 'transfer'),
(10274, 907, 1, 'average', 950, 'Laser Radial', '174693', 1140, 'Roger Williams', '', NULL, 4, 1, 0, 0, '', 0, 14, 0, '', '2012-04-11 16:34:03', 'transfer'),
(10275, 907, 1, 'average', 107, 'Laser', '117185', 1119, 'N Hicks', '', NULL, 4, 1, 0, 0, '', 0, 17, 0, '', '2012-04-08 10:34:34', 'transfer'),
(10276, 907, 1, 'average', 869, 'Laser', '169031', 1119, 'James Bowman', '', NULL, 4, 1, 0, 0, '', 0, 18, 0, '', '2012-04-08 10:34:34', 'transfer'),
(10277, 907, 1, 'average', 32, 'RS400', '598', 949, 'Ralph Wogan', 'Ian Taylor', NULL, 4, 1, 0, 0, '', 0, 21, 0, '', '2012-04-08 10:34:34', 'transfer'),
(10278, 907, 1, 'average', 358, 'Laser', '164572', 1119, 'Jonathan Newall', '', NULL, 3, 1, 0, 0, 'DNF', 0, 25, 0, '', '2012-04-08 10:34:34', 'transfer'),
(10279, 907, 1, 'average', 376, 'Hornet', '2165', 973, 'Andy Hohl', 'Philippa Greenslade', NULL, 2, 0, 0, 0, 'DNF', 0, 25, 0, '', '2012-04-08 10:34:34', 'transfer'),
(10280, 907, 1, 'average', 657, 'RS400', '1059', 949, 'S Peat', 'S Peat', NULL, 4, 1, 0, 0, '', 0, 22, 0, '', '2012-04-08 10:34:34', 'transfer'),
(10281, 907, 1, 'average', 1074, 'Merlin', '3643', 994, 'Alistair Glen', 'Moira Glen', NULL, 4, 1, 0, 0, '', 0, 3, 0, '', '2012-04-08 10:34:34', 'transfer'),
(10282, 907, 1, 'average', 712, 'Laser', '174913', 1119, 'Paul Kelley', '', NULL, 4, 1, 0, 0, '', 0, 6, 0, '', '2012-04-08 10:34:34', 'transfer'),
(10283, 907, 1, 'average', 858, 'RS100 - 8.4', '202', 1003, 'Michael Bagge', '', NULL, 4, 1, 0, 0, '', 0, 20, 0, '', '2012-04-08 17:45:15', 'transfer'),
(10284, 907, 2, 'average', 792, 'RS Vision', '240', 1085, 'Mark Whalley', 'Anne Knight', NULL, 3, 1, 0, 0, '', 0, 2, 0, '', '2012-04-08 10:34:34', 'transfer'),
(10285, 907, 1, 'average', 1148, 'B14', '758', 864, 'Mark Pollard', 'Martin Walbank', NULL, 4, 0, 0, 0, '', 0, 2, 0, '', '2012-04-08 10:34:34', 'transfer'),
(10286, 908, 3, 'average', 70, 'Hurricane 5.9', '280', 697, 'Graham Buxton-Smith', 'Nigel Hingston', NULL, 4, 0, 0, 0, '', 0, 1, 0, '', '2012-04-09 10:00:35', 'transfer'),
(10287, 908, 1, 'average', 945, 'Laser Radial', '186827', 1140, 'Charlie Greenslade', '', NULL, 3, 1, 0, 0, '', 0, 8, 0, '', '2012-04-09 11:46:43', 'transfer'),
(10288, 908, 1, 'average', 878, 'RS400', '1264', 949, 'Olly Greenslade', 'Theo Greenslade', NULL, 3, 1, 0, 0, '', 0, 12, 0, '', '2012-04-09 11:46:43', 'transfer'),
(10289, 908, 1, 'average', 876, 'RS100 - 8.4', '122', 1003, 'Chris Cunningham', '', NULL, 3, 1, 0, 0, '', 0, 1, 0, '', '2012-04-09 11:47:12', 'transfer'),
(10290, 908, 1, 'average', 174, 'Finn', '550', 1062, 'Andy Bartram', '', NULL, 2, 0, 0, 0, 'DNF', 0, 19, 0, '', '2012-04-09 11:46:43', 'transfer'),
(10291, 908, 1, 'average', 765, 'Phantom', '1364', 1010, 'Paul Jacobs', '', NULL, 0, 0, 0, 0, 'OOD', 0, 999, 0, '', '2012-04-09 10:00:35', 'transfer'),
(10292, 908, 1, 'average', 986, 'Laser', '197947', 1119, 'Max Williams', '', NULL, 3, 1, 0, 0, '', 0, 6, 0, '', '2012-04-09 11:46:43', 'transfer'),
(10293, 908, 1, 'average', 858, 'RS100 - 8.4', '202', 1003, 'Michael Bagge', '', NULL, 0, 0, 0, 0, 'OOD', 0, 999, 0, '', '2012-04-09 10:00:35', 'transfer'),
(10294, 908, 1, 'average', 1096, 'RS400', '619', 949, 'Nathan Muggeridge', 'Anita Lecocq', NULL, 3, 1, 0, 0, '', 0, 16, 0, '', '2012-04-09 11:46:43', 'transfer'),
(10295, 908, 1, 'average', 39, 'RS400', '1287', 949, 'James Bowman', 'Sarah Roberts', NULL, 3, 1, 0, 0, '', 0, 15, 0, '', '2012-04-09 11:46:43', 'transfer'),
(10296, 908, 1, 'average', 438, 'RS200', '1048', 1055, 'Mark Elkington', 'Paul Elkington', NULL, 3, 1, 0, 0, '', 0, 3, 0, '', '2012-04-09 11:47:12', 'transfer'),
(10297, 908, 1, 'average', 1148, 'B14', '657', 864, 'Mark Pollard', 'Martin Walbank', NULL, 3, 1, 0, 0, '', 0, 13, 0, '', '2012-04-09 11:46:43', 'transfer'),
(10298, 908, 1, 'average', 580, 'Laser Radial', '189326', 1140, 'Robin Jones', '', NULL, 2, 0, 0, 0, 'DNF', 0, 19, 0, '', '2012-04-09 11:46:43', 'transfer'),
(10299, 908, 1, 'average', 1074, 'Merlin', '3643', 994, 'Alistair Glen', 'Moira Glen', NULL, 3, 1, 0, 0, '', 0, 7, 0, '', '2012-04-09 11:46:43', 'transfer'),
(10300, 908, 1, 'average', 107, 'Laser', '117185', 1119, 'N Hicks', '', NULL, 3, 1, 0, 0, '', 0, 14, 0, '', '2012-04-09 11:46:43', 'transfer'),
(10301, 908, 1, 'average', 950, 'Laser Radial', '174693', 1140, 'Roger Williams', '', NULL, 3, 1, 0, 0, '', 0, 10, 0, '', '2012-04-09 11:46:43', 'transfer'),
(10302, 908, 1, 'average', 985, 'Laser', '184310', 1119, 'Simon Greenslade', '', NULL, 3, 1, 0, 0, '', 0, 9, 0, '', '2012-04-09 11:46:43', 'transfer'),
(10303, 908, 1, 'average', 1140, 'RS500', '959', 972, 'Greg Bartlett', 'Paul Bartlett', NULL, 3, 1, 0, 0, '', 0, 4, 0, '', '2012-04-09 11:47:12', 'transfer'),
(10304, 908, 1, 'average', 26, 'Hornet', '2154', 973, 'Richard Garry', 'Matt Mcgrath', NULL, 3, 1, 0, 0, '', 0, 2, 0, '', '2012-04-09 11:47:12', 'transfer'),
(10305, 908, 1, 'average', 712, 'Laser', '174913', 1119, 'Paul Kelley', '', NULL, 3, 1, 0, 0, '', 0, 5, 0, '', '2012-04-09 11:46:43', 'transfer'),
(10306, 908, 1, 'average', 673, 'Merlin', '3713', 994, 'Steve Harling', 'Eleanor Thomas', NULL, 3, 1, 0, 0, '', 0, 11, 0, '', '2012-04-09 11:46:43', 'transfer'),
(10307, 908, 3, 'average', 341, 'Dart 18', '6788', 800, 'Ben Neild', 'Gibson', NULL, 3, 1, 0, 0, '', 0, 2, 0, '', '2012-04-09 10:00:35', 'transfer'),
(10308, 909, 1, 'average', 580, 'Laser Radial', '189326', 1140, 'Robin Jones', '', NULL, 0, 0, 0, 0, 'DNS', 0, 20, 0, '', '2012-04-09 11:49:00', 'transfer'),
(10309, 909, 1, 'average', 1096, 'RS400', '619', 949, 'Nathan Muggeridge', 'Anita Lecocq', NULL, 0, 0, 0, 0, 'DNS', 0, 20, 0, '', '2012-04-09 11:49:00', 'transfer'),
(10310, 909, 1, 'average', 1148, 'B14', '657', 864, 'Mark Pollard', 'Martin Walbank', NULL, 3, 0, 0, 0, '', 0, 5, 0, '', '2012-04-09 11:41:26', 'transfer'),
(10311, 909, 1, 'average', 438, 'RS200', '1048', 1055, 'Mark Elkington', 'Paul Elkington', NULL, 0, 0, 0, 0, 'DNS', 0, 20, 0, '', '2012-04-09 11:49:00', 'transfer'),
(10312, 909, 1, 'average', 39, 'RS400', '1287', 949, 'James Bowman', 'Sarah Roberts', NULL, 3, 1, 0, 0, '', 0, 10, 0, '', '2012-04-09 11:41:26', 'transfer'),
(10313, 909, 1, 'average', 986, 'Laser', '197947', 1119, 'Max Williams', '', NULL, 3, 1, 0, 0, '', 0, 6, 0, '', '2012-04-09 11:41:26', 'transfer'),
(10314, 909, 3, 'average', 70, 'Hurricane 5.9', '280', 697, 'Graham Buxton-Smith', 'Nigel Hingston', NULL, 0, 0, 0, 0, 'DNS', 0, 3, 0, '', '2012-04-09 11:41:26', 'transfer'),
(10315, 909, 1, 'average', 878, 'RS400', '1264', 949, 'Olly Greenslade', 'Theo Greenslade', NULL, 3, 1, 0, 0, '', 0, 9, 0, '', '2012-04-09 11:41:26', 'transfer'),
(10316, 909, 1, 'average', 876, 'RS100 - 8.4', '122', 1003, 'Chris Cunningham', '', NULL, 3, 1, 0, 0, '', 0, 8, 0, '', '2012-04-09 11:41:26', 'transfer'),
(10317, 909, 1, 'average', 174, 'Finn', '550', 1062, 'Andy Bartram', '', NULL, 0, 0, 0, 0, 'DNS', 0, 20, 0, '', '2012-04-09 11:49:00', 'transfer'),
(10318, 909, 1, 'average', 858, 'RS100 - 8.4', '202', 1003, 'Michael Bagge', '', NULL, 0, 0, 0, 0, 'OOD', 0, 999, 0, '', '2012-04-09 11:41:26', 'transfer'),
(10319, 909, 1, 'average', 945, 'Laser Radial', '186827', 1140, 'Charlie Greenslade', '', NULL, 3, 1, 0, 0, '', 0, 2, 0, '', '2012-04-09 11:41:26', 'transfer'),
(10320, 909, 1, 'average', 1074, 'Merlin', '3643', 994, 'Alistair Glen', 'Moira Glen', NULL, 0, 0, 0, 0, 'DNS', 0, 20, 0, '', '2012-04-09 11:49:00', 'transfer'),
(10321, 909, 1, 'average', 26, 'Hornet', '2154', 973, 'Richard Garry', 'Matt Mcgrath', NULL, 3, 0, 0, 0, '', 0, 4, 0, '', '2012-04-09 11:41:26', 'transfer'),
(10322, 909, 1, 'average', 1140, 'RS500', '959', 972, 'Greg Bartlett', 'Paul Bartlett', NULL, 1, 0, 0, 0, 'DNS', 0, 20, 0, '', '2012-04-09 11:49:00', 'transfer'),
(10323, 909, 1, 'average', 985, 'Laser', '184310', 1119, 'Simon Greenslade', '', NULL, 1, 0, 0, 0, 'DNF', 0, 20, 0, '', '2012-04-09 11:49:00', 'transfer'),
(10324, 909, 1, 'average', 673, 'Merlin', '3713', 994, 'Steve Harling', 'Eleanor Thomas', NULL, 2, 0, 0, 0, 'DNF', 0, 20, 0, '', '2012-04-09 11:49:00', 'transfer'),
(10325, 909, 3, 'average', 341, 'Dart 18', '6788', 800, 'Ben Neild', 'Gibson', NULL, 0, 0, 0, 0, 'DNS', 0, 3, 0, '', '2012-04-09 11:41:26', 'transfer'),
(10326, 909, 1, 'average', 429, 'Laser Radial', '184736', 1140, 'Mike Kinnear', '', NULL, 3, 1, 0, 0, '', 0, 1, 0, '', '2012-04-09 11:41:26', 'transfer'),
(10327, 909, 1, 'average', 712, 'Laser', '174913', 1119, 'Paul Kelley', '', NULL, 3, 1, 0, 0, '', 0, 3, 0, '', '2012-04-09 11:41:26', 'transfer'),
(10328, 909, 1, 'average', 950, 'Laser Radial', '174693', 1140, 'Roger Williams', '', NULL, 3, 1, 0, 0, '', 0, 7, 0, '', '2012-04-09 11:41:26', 'transfer'),
(10329, 909, 1, 'average', 107, 'Laser', '117185', 1119, 'N Hicks', '', NULL, 0, 0, 0, 0, 'DNS', 0, 20, 0, '', '2012-04-09 11:49:00', 'transfer'),
(10330, 909, 1, 'average', 765, 'Phantom', '1364', 1010, 'Paul Jacobs', '', NULL, 0, 0, 0, 0, 'OOD', 0, 999, 0, '', '2012-04-09 11:41:26', 'transfer'),
(10374, 914, 1, 'average', 39, 'RS400', '1287', 949, 'James Bowman', 'Sarah Roberts', NULL, 2, 0, 0, 0, 'DNF', 0, 7, 0, '', '2012-04-18 19:09:51', 'transfer'),
(10375, 914, 2, 'average', 950, 'Laser Radial', '174693', 1140, 'Roger Williams', '', NULL, 3, 0, 0, 0, '', 0, 4, 0, '', '2012-04-18 19:09:51', 'transfer'),
(10376, 914, 1, 'average', 1147, 'RS400', '438', 949, 'Franco Marenco', 'Jack Eyre', NULL, 1, 0, 0, 0, 'DNF', 0, 7, 0, '', '2012-04-18 19:09:51', 'transfer'),
(10377, 914, 2, 'average', 986, 'Laser', '197947', 1119, 'Max Williams', '', NULL, 3, 0, 0, 0, '', 0, 3, 0, '', '2012-04-18 19:09:51', 'transfer'),
(10378, 914, 2, 'average', 211, 'RS200', '960', 1055, 'Jayne Johnson', 'Nicki McIlroy', NULL, 3, 0, 0, 0, '', 0, 6, 0, '', '2012-04-18 19:09:51', 'transfer'),
(10379, 914, 2, 'average', 725, 'Laser', '173025', 1119, 'N.McKay', '', NULL, 1, 0, 0, 0, 'DNF', 0, 10, 0, 'corrected', '2012-04-20 19:20:49', 'transfer'),
(10380, 914, 2, 'average', 1064, 'Solo', '4891', 1158, 'Alistair Glen', '', NULL, 0, 0, 0, 0, 'OOD', 0, 999, 0, '', '2012-04-18 19:09:51', 'transfer'),
(10381, 914, 2, 'average', 580, 'Laser Radial', '189326', 1140, 'Robin Jones', '', NULL, 0, 0, 0, 0, 'OOD', 0, 999, 0, '', '2012-04-18 19:09:51', 'transfer'),
(10382, 914, 1, 'average', 32, 'RS400', '598', 949, 'Ralph Wogan', 'Franco Marenco', NULL, 1, 0, 0, 0, 'DNF', 0, 7, 0, '', '2012-04-18 19:09:51', 'transfer'),
(10383, 914, 2, 'average', 1072, 'Streaker', '1776', 1167, 'David Bartlett', '', NULL, 3, 0, 0, 0, '', 0, 2, 0, '', '2012-04-18 19:09:51', 'transfer'),
(10384, 914, 2, 'average', 997, 'Solo', '5008', 1158, 'Graham Tapper', '', NULL, 0, 0, 0, 0, 'DNF', 0, 10, 0, 'corrected', '2012-04-20 19:20:49', 'transfer'),
(10385, 914, 1, 'average', 345, 'Merlin', '3711', 994, 'Dave Lee', 'Eleanor Thomas', NULL, 3, 0, 0, 0, '', 0, 1, 0, '', '2012-04-18 19:09:51', 'transfer'),
(10386, 914, 2, 'average', 438, 'RS200', '1048', 1055, 'Mark Elkington', 'Rebecca Elkington', NULL, 3, 0, 0, 0, '', 0, 5, 0, '', '2012-04-18 19:09:51', 'transfer'),
(10387, 914, 1, 'average', 605, 'RS800', '1101', 815, 'Russ Gibbs', 'Simon Pryor', NULL, 4, 0, 0, 0, '', 0, 2, 0, '', '2012-04-18 19:09:51', 'transfer'),
(10388, 914, 2, 'average', 972, 'RS200', '1114', 1055, 'Charlotte Gough', 'Angela Bridges', NULL, 3, 0, 0, 0, '', 0, 7, 0, '', '2012-04-18 19:09:51', 'transfer'),
(10389, 914, 1, 'average', 1140, 'RS500', '959', 972, 'Greg Bartlett', 'Paul Bartlett', NULL, 1, 0, 0, 0, 'DNF', 0, 7, 0, '', '2012-04-18 19:09:51', 'transfer'),
(10391, 914, 0, '', 70, 'Hurricane 5.9', '278', 697, 'Graham Buxton-Smith', 'Nigel Hingston', NULL, 1, 0, 0, 0, 'OOD', 0, 0, 0, '', '2012-04-20 19:19:09', 'transfer'),
(10393, 914, 3, 'average', 70, 'Hurricane 5.9', '278', 697, 'Graham Buxton-Smith', 'Nigel Hingston', NULL, 1, 0, 0, 0, 'OOD', 0, 999, 0, '', '2012-04-22 14:28:16', 'transfer'),
(10394, 916, 2, 'average', 438, 'RS200', '1048', 1055, 'Mark Elkington', 'Rebecca Elkington', NULL, 3, 1, 0, 0, '', 0, 1, 0, '', '2012-04-22 14:49:47', 'transfer'),
(10395, 916, 3, 'average', 33, 'Merlin', '3721', 994, 'Nick Turner', 'Carly Turner', NULL, 3, 0, 0, 0, '', 0, 1, 0, '', '2012-04-22 10:33:24', 'transfer'),
(10396, 916, 3, 'average', 878, 'RS400', '1264', 949, 'Olly Greenslade', 'Andrew Gladstone', NULL, 3, 1, 0, 0, '', 0, 7, 0, '', '2012-04-22 10:33:24', 'transfer'),
(10397, 916, 3, 'average', 30, 'Merlin', '3473', 994, 'Vyv Game', 'Mike Tucket', NULL, 3, 1, 0, 0, '', 0, 11, 0, '', '2012-04-22 10:33:24', 'transfer'),
(10398, 916, 4, 'average', 107, 'Laser', '117185', 1119, 'N Hicks', '', NULL, 2, 0, 0, 0, '', 0, 4, 0, '', '2012-04-22 10:33:24', 'transfer'),
(10399, 916, 3, 'average', 28, 'Merlin', '3628', 994, 'Robin Charles', 'Liz Charles', NULL, 3, 1, 0, 0, '', 0, 8, 0, '', '2012-04-22 10:33:24', 'transfer'),
(10400, 916, 4, 'average', 632, 'Laser', '148667', 1119, 'Chris Southwell', '', NULL, 2, 0, 0, 0, '', 0, 2, 0, '', '2012-04-22 10:33:24', 'transfer'),
(10401, 916, 6, 'average', 383, 'Hurricane SX', '454', 689, 'John Donovan', 'Tony Avery', NULL, 4, 1, 0, 0, '', 0, 2, 0, '', '2012-04-22 10:33:24', 'transfer'),
(10402, 916, 3, 'average', 40, 'RS400', '411', 949, 'Richard Cain', 'Olly Turner', NULL, 3, 0, 0, 0, '', 0, 4, 0, '', '2012-04-22 10:33:24', 'transfer'),
(10403, 916, 6, 'average', 69, 'Hurricane SX', '416', 689, 'Doug Smith', 'Bill King', NULL, 1, 0, 0, 0, 'DNS', 0, 6, 0, '', '2012-05-28 18:53:21', 'transfer'),
(10404, 916, 7, 'average', 378, 'Dart 18', '7683', 800, 'Jon Miles', 'Bea Miles', NULL, 3, 1, 0, 0, '', 0, 1, 0, '', '2012-04-22 10:33:24', 'transfer'),
(10405, 916, 1, 'average', 1140, 'RS500', '959', 972, 'Greg Bartlett', 'Paul Bartlett', NULL, 4, 1, 0, 0, '', 0, 1, 0, '', '2012-04-22 10:33:24', 'transfer'),
(10406, 916, 1, 'average', 482, 'RS700', '715', 864, 'Steve McDonald', '', NULL, 4, 1, 0, 0, '', 0, 4, 0, '', '2012-04-22 14:55:31', 'transfer'),
(10407, 916, 1, 'average', 10, 'B14', '762', 864, 'Crispin Taylor', 'Guy Harrill', NULL, 4, 1, 0, 0, '', 0, 2, 0, '', '2012-04-22 14:55:31', 'transfer'),
(10408, 916, 6, 'average', 70, 'Hurricane 5.9', '278', 697, 'Graham Buxton-Smith', 'Nigel Hingston', NULL, 4, 1, 0, 0, '', 0, 1, 0, '', '2012-04-22 10:33:24', 'transfer'),
(10409, 916, 4, 'average', 124, 'Laser', '162794', 1119, 'G Bamforth', '', NULL, 2, 0, 0, 0, '', 0, 5, 0, '', '2012-04-22 10:33:24', 'transfer'),
(10410, 916, 6, 'average', 763, 'Hurricane SX', '207', 689, 'J Carter', 'J Gosling', NULL, 4, 1, 0, 0, '', 0, 3, 0, '', '2012-05-28 18:53:21', 'transfer'),
(10411, 916, 1, 'average', 9, 'B14', '764', 864, 'Tony Blackmore', 'Char Jones', NULL, 4, 1, 0, 0, '', 0, 3, 0, '', '2012-04-22 14:55:31', 'transfer'),
(10412, 916, 3, 'average', 673, 'Merlin', '3713', 994, 'Steve Harling', 'Eleanor Thomas', NULL, 3, 1, 0, 0, '', 0, 3, 0, '', '2012-04-22 10:33:24', 'transfer'),
(10413, 916, 5, 'average', 752, 'Topper', '45059', 1297, 'Alec Gladstone', '', NULL, 2, 1, 0, 0, '', 0, 3, 0, '', '2012-04-22 10:33:24', 'transfer'),
(10414, 916, 3, 'average', 39, 'RS400', '1287', 949, 'James Bowman', 'Sarah Roberts', NULL, 3, 1, 0, 0, '', 0, 9, 0, '', '2012-04-22 10:33:24', 'transfer'),
(10415, 916, 7, 'average', 341, 'Dart 18', '6788', 800, 'Ben Neild', 'Gibson', NULL, 3, 1, 0, 0, '', 0, 2, 0, '', '2012-04-22 10:33:24', 'transfer'),
(10416, 916, 6, 'average', 672, 'Hurricane SX', '457', 689, 'Mike Arstall', 'Eamon Tyrell', NULL, 4, 1, 0, 0, '', 0, 4, 0, '', '2012-05-28 18:53:21', 'transfer'),
(10417, 916, 3, 'average', 35, 'Merlin', '3576', 994, 'Colin Lee', 'David Parry', NULL, 3, 1, 0, 0, '', 0, 6, 0, '', '2012-04-22 10:33:24', 'transfer'),
(10418, 916, 1, 'average', 858, 'RS100 - 8.4', '202', 1003, 'Michael Bagge', '', NULL, 3, 1, 0, 0, '', 0, 5, 0, '', '2012-04-22 14:55:31', 'transfer'),
(10419, 916, 3, 'average', 159, 'Finn', '603', 1062, 'Grant Simmons', '', NULL, 3, 1, 0, 0, '', 0, 5, 0, '', '2012-04-22 10:33:24', 'transfer'),
(10420, 916, 5, 'average', 844, 'Topper', '47023', 1297, 'Eddie Attenburrow', '', NULL, 2, 1, 0, 0, '', 0, 2, 0, '', '2012-04-22 10:33:24', 'transfer'),
(10421, 916, 5, 'average', 753, 'Topper', '47028', 1297, 'Emma Phillips', '', NULL, 2, 1, 0, 0, '', 0, 1, 0, '', '2012-04-22 10:33:24', 'transfer'),
(10422, 916, 5, 'average', 875, 'Topper', '44303', 1297, 'Rory Gladstone', '', NULL, 2, 1, 0, 0, '', 0, 5, 0, '', '2012-04-22 10:33:24', 'transfer'),
(10423, 916, 2, 'average', 972, 'RS200', '1114', 1055, 'Charlotte Gough', 'Angela Bridges', NULL, 3, 1, 0, 0, '', 0, 2, 0, '', '2012-04-22 14:49:47', 'transfer'),
(10424, 916, 4, 'average', 580, 'Laser Radial', '189326', 1140, 'Robin Jones', '', NULL, 2, 0, 0, 0, '', 0, 6, 0, '', '2012-04-22 10:33:24', 'transfer'),
(10425, 916, 2, 'average', 601, 'RS200', '486', 1055, 'Jon James', 'Katie James', NULL, 3, 1, 0, 0, '', 0, 3, 0, '', '2012-04-22 14:49:47', 'transfer'),
(10426, 916, 3, 'average', 1096, 'RS400', '619', 949, 'Nathan Muggeridge', 'Anita Lecocq', NULL, 3, 1, 0, 0, '', 0, 10, 0, '', '2012-04-22 10:33:24', 'transfer'),
(10427, 916, 5, 'average', 842, 'Topper', '33851', 1297, 'Daniel Newall', '', NULL, 2, 1, 0, 0, '', 0, 4, 0, '', '2012-04-22 10:33:24', 'transfer'),
(10429, 916, 4, 'average', 1058, 'Laser Radial', '128798', 1140, 'Theo Greenslade', '', NULL, 2, 0, 0, 0, '', 0, 1, 0, '', '2012-04-22 10:33:24', 'transfer'),
(10430, 916, 3, 'average', 345, 'Merlin', '3711', 994, 'Dave Lee', 'Dan Newman', NULL, 3, 1, 0, 0, '', 0, 2, 0, '', '2012-04-22 10:33:24', 'transfer'),
(10431, 916, 5, 'average', 998, 'Topper', '24399', 1297, 'Oliver Twigger', '', NULL, 2, 1, 0, 0, '', 0, 6, 0, '', '2012-04-22 10:33:24', 'transfer'),
(10432, 916, 3, 'average', 32, 'RS400', '598', 949, 'Ralph Wogan', 'Jack Ayre', NULL, 3, 1, 0, 0, 'DSQ', 0, 13, 0, '', '2012-04-22 10:33:24', 'transfer'),
(10433, 916, 4, 'average', 950, 'Laser Radial', '174693', 1140, 'Roger Williams', '', NULL, 0, 0, 0, 0, 'OOD', 0, 999, 0, '', '2012-04-22 10:33:24', 'transfer'),
(10435, 917, 3, 'average', 70, 'Hurricane 5.9', '280', 697, 'Graham Buxton-Smith', 'Nigel Hingston', NULL, 3, 0, 0, 0, '', 0, 1, 0, '', '2012-04-25 19:06:51', 'transfer'),
(10436, 917, 2, 'average', 993, 'Solo', '5026', 1158, 'Mike Webster', '', NULL, 2, 0, 0, 0, '', 0, 7, 0, '', '2012-04-25 19:06:51', 'transfer'),
(10437, 917, 1, 'average', 657, 'RS400', '1059', 949, 'S Peat', 'S Peat', NULL, 2, 0, 0, 0, '', 0, 3, 0, '', '2012-04-25 19:06:51', 'transfer'),
(10438, 917, 2, 'average', 1058, 'Laser Radial', '128798', 1140, 'Theo Greenslade', '', NULL, 2, 0, 0, 0, '', 0, 9, 0, '', '2012-04-25 19:06:51', 'transfer'),
(10439, 917, 2, 'average', 945, 'Laser Radial', '186827', 1140, 'Charlie Greenslade', '', NULL, 2, 0, 0, 0, '', 0, 4, 0, '', '2012-04-25 19:06:51', 'transfer'),
(10440, 917, 2, 'average', 986, 'Laser', '197947', 1119, 'Max Williams', '', NULL, 2, 0, 0, 0, '', 0, 2, 0, '', '2012-04-25 19:06:51', 'transfer'),
(10441, 917, 1, 'average', 1140, 'RS500', '959', 972, 'Greg Bartlett', 'Paul Bartlett', NULL, 3, 0, 0, 0, '', 0, 2, 0, '', '2012-04-25 19:06:51', 'transfer'),
(10442, 917, 1, 'average', 345, 'Merlin', '3711', 994, 'Dave Lee', 'Dan Newman', NULL, 3, 0, 0, 0, '', 0, 1, 0, '', '2012-04-25 19:06:51', 'transfer'),
(10443, 917, 2, 'average', 90, 'Laser', '184736', 1119, 'Mike Kinnear', '', NULL, 2, 0, 0, 0, '', 0, 1, 0, '', '2012-04-25 19:06:51', 'transfer'),
(10444, 917, 2, 'average', 997, 'Solo', '5240', 1158, 'Graham Tapper', '', NULL, 2, 0, 0, 0, '', 0, 6, 0, '', '2012-04-25 19:06:51', 'transfer'),
(10445, 917, 1, 'average', 973, 'Merlin', '3713', 994, 'Charlotte Gough', 'Steve Harling', NULL, 0, 0, 0, 0, 'OOD', 0, 999, 0, '', '2012-04-25 19:06:51', 'transfer'),
(10446, 917, 1, 'average', 1153, 'RS400', '1235', 949, 'Liam Mcgrath', 'Sue Mcgrath', NULL, 1, 0, 0, 0, 'DNF', 0, 5, 0, '', '2012-04-25 19:06:51', 'transfer'),
(10447, 917, 2, 'average', 211, 'RS200', '960', 1055, 'Jayne Johnson', 'Nicki McIlroy', NULL, 2, 0, 0, 0, '', 0, 3, 0, '', '2012-04-25 19:06:51', 'transfer'),
(10448, 917, 2, 'average', 753, 'Topper', '47028', 1297, 'Emma Phillips', '', NULL, 2, 0, 0, 0, '', 0, 8, 0, '', '2012-04-25 19:06:51', 'transfer'),
(10449, 917, 2, 'average', 1072, 'Streaker', '1776', 1167, 'David Bartlett', '', NULL, 2, 0, 0, 0, '', 0, 5, 0, '', '2012-04-25 19:06:51', 'transfer'),
(10450, 916, 4, 'average', 90, 'Laser', '184736', 1140, 'Mike Kinnear', '', NULL, 0, 0, 0, 0, 'OOD', 0, 999, 0, '', '2012-04-26 21:56:17', 'transfer'),
(10463, 914, 2, 'average', 90, 'Laser', '184736', 1140, 'Mike Kinnear', '', NULL, 3, 0, 0, 0, '', 0, 1, 0, '', '2012-05-03 10:59:36', 'transfer'),
(10507, 923, 1, 'average', 482, 'RS700', '715', 864, 'Steve McDonald', '', NULL, 0, 0, 0, 0, 'DNF', 0, 6, 0, '', '2012-05-06 18:13:00', 'transfer'),
(10508, 923, 3, 'average', 657, 'RS400', '1059', 949, 'S Peat', 'S Peat', NULL, 3, 1, 0, 0, '', 0, 15, 0, '', '2012-05-06 18:13:00', 'transfer'),
(10509, 923, 4, 'average', 806, 'Laser Radial', '184310', 1140, 'Will Greenslade', '', NULL, 3, 1, 0, 0, '', 0, 1, 0, '', '2012-05-06 18:13:00', 'transfer'),
(10510, 923, 2, 'average', 956, 'RS200', '426', 1055, 'Jamie Barker', 'Izzy Lea', NULL, 3, 1, 0, 0, '', 0, 3, 0, '', '2012-05-06 18:13:00', 'transfer'),
(10511, 923, 6, 'average', 383, 'Hurricane SX', '454', 689, 'John Donovan', 'Tony Avery', NULL, 3, 1, 0, 0, '', 0, 1, 0, '', '2012-05-06 18:13:00', 'transfer'),
(10512, 923, 3, 'average', 174, 'Finn', '2', 1062, 'Andy Bartram', '', NULL, 3, 1, 0, 0, '', 0, 10, 0, '', '2012-05-06 18:13:00', 'transfer'),
(10513, 923, 4, 'average', 107, 'Laser', '117185', 1119, 'N Hicks', '', NULL, 3, 1, 0, 0, '', 0, 3, 0, '', '2012-05-06 18:13:00', 'transfer'),
(10514, 923, 4, 'average', 945, 'Laser Radial', '186827', 1140, 'Charlie Greenslade', '', NULL, 3, 1, 0, 0, '', 0, 2, 0, '', '2012-05-06 18:13:00', 'transfer'),
(10515, 923, 4, 'average', 580, 'Laser Radial', '189326', 1140, 'Robin Jones', '', NULL, 3, 1, 0, 0, '', 0, 4, 0, '', '2012-05-06 18:13:00', 'transfer'),
(10516, 923, 1, 'average', 1154, 'RS100 - 8.4', '268', 1003, 'Simon Greenslade', '', NULL, 4, 1, 0, 0, '', 0, 1, 0, '', '2012-05-06 18:13:00', 'transfer'),
(10517, 923, 1, 'average', 858, 'RS100 - 8.4', '202', 1003, 'Michael Bagge', '', NULL, 4, 1, 0, 0, '', 0, 4, 0, '', '2012-05-06 18:13:00', 'transfer'),
(10518, 923, 7, 'average', 17, 'Dart 18', '6886', 800, 'Jim Carter', '', NULL, 2, 1, 0, 0, '', 0, 1, 0, '', '2012-05-06 18:13:00', 'transfer'),
(10519, 923, 3, 'average', 881, 'Merlin', '3613', 994, 'Tim Laws', 'Scott Hampton', NULL, 3, 1, 0, 0, '', 0, 8, 0, '', '2012-05-06 18:13:00', 'transfer'),
(10520, 923, 1, 'average', 1140, 'RS500', '959', 972, 'Greg Bartlett', 'Paul Bartlett', NULL, 4, 1, 0, 0, '', 0, 3, 0, '', '2012-05-06 18:13:00', 'transfer'),
(10521, 923, 2, 'average', 438, 'RS200', '1048', 1055, 'Mark Elkington', 'Rebecca Elkington', NULL, 3, 1, 0, 0, '', 0, 1, 0, '', '2012-05-06 18:13:00', 'transfer'),
(10522, 923, 3, 'average', 34, 'Hornet', '2147', 973, 'Tim Coombe', 'Jane Smith', NULL, 3, 1, 0, 0, '', 0, 4, 0, '', '2012-05-06 18:13:00', 'transfer'),
(10523, 923, 3, 'average', 1066, 'Scorpion', '1912', 1053, 'Will Winter', 'Lj Michie', NULL, 3, 1, 0, 0, '', 0, 9, 0, '', '2012-05-06 18:13:00', 'transfer'),
(10524, 923, 3, 'average', 159, 'Finn', '603', 1062, 'Grant Simmons', '', NULL, 3, 1, 0, 0, '', 0, 5, 0, '', '2012-05-06 18:13:00', 'transfer'),
(10525, 923, 3, 'average', 28, 'Merlin', '3628', 994, 'Robin Charles', 'Liz Charles', NULL, 3, 1, 0, 0, '', 0, 6, 0, '', '2012-05-06 18:13:00', 'transfer'),
(10526, 923, 3, 'average', 1096, 'RS400', '619', 949, 'Nathan Muggeridge', 'Anita Lecocq', NULL, 3, 1, 0, 0, '', 0, 13, 0, '', '2012-05-06 18:13:00', 'transfer'),
(10527, 923, 3, 'average', 730, 'RS Vareo', '444', 1038, 'J Carr', 'J Carr/e Carr', NULL, 3, 1, 0, 0, '', 0, 14, 0, '', '2012-05-06 18:13:00', 'transfer'),
(10528, 923, 3, 'average', 33, 'Merlin', '3721', 994, 'Nick Turner', 'Carly Turner', NULL, 3, 1, 0, 0, '', 0, 2, 0, '', '2012-05-06 18:13:00', 'transfer'),
(10529, 923, 4, 'average', 1058, 'Laser Radial', '128798', 1140, 'Theo Greenslade', '', NULL, 3, 1, 0, 0, '', 0, 6, 0, '', '2012-05-06 18:13:00', 'transfer'),
(10530, 923, 4, 'average', 950, 'Laser Radial', '174693', 1140, 'Roger Williams', '', NULL, 3, 1, 0, 0, '', 0, 5, 0, '', '2012-05-06 18:13:00', 'transfer'),
(10531, 923, 3, 'average', 878, 'RS400', '1264', 949, 'Olly Greenslade', 'Andrew Gladstone', NULL, 3, 1, 0, 0, '', 0, 7, 0, '', '2012-05-06 18:13:00', 'transfer'),
(10532, 923, 7, 'average', 410, 'Dart 18', '6439', 800, 'Nick Lloyd', 'Jamie Dunn, Elaine Coomber', NULL, 1, 1, 2, 0, '', 0, 3, 0, '', '2012-05-06 18:13:00', 'transfer'),
(10533, 923, 2, 'average', 1155, 'RS200', '361', 1055, 'Grant Boorer', 'Josh Boorer', NULL, 3, 1, 0, 0, '', 0, 4, 0, '', '2012-05-06 18:13:00', 'transfer'),
(10534, 923, 5, 'average', 752, 'Topper', '45059', 1297, 'Alec Gladstone', '', NULL, 2, 1, 0, 0, '', 0, 1, 0, '', '2012-05-06 18:13:00', 'transfer'),
(10535, 923, 2, 'average', 211, 'RS200', '960', 1055, 'Jayne Johnson', 'Nicki Mcilroy', NULL, 0, 0, 0, 0, 'OOD', 0, 999, 0, '', '2012-05-06 18:13:00', 'transfer'),
(10536, 923, 5, 'average', 875, 'Topper', '44303', 1297, 'Rory Gladstone', '', NULL, 2, 1, 0, 0, '', 0, 2, 0, '', '2012-05-06 18:13:00', 'transfer'),
(10537, 923, 3, 'average', 30, 'Merlin', '3473', 994, 'Vyv Game', 'Mike Tucket', NULL, 3, 1, 0, 0, '', 0, 12, 0, '', '2012-05-06 18:13:00', 'transfer'),
(10538, 923, 3, 'average', 26, 'Hornet', '2154', 973, 'Richard Garry', 'Matt Mcgrath', NULL, 3, 1, 0, 0, '', 0, 1, 0, '', '2012-05-06 18:13:00', 'transfer'),
(10539, 923, 6, 'average', 70, 'Hurricane 5.9', '278', 697, 'Graham Buxton-Smith', 'Nigel Hingston', NULL, 3, 1, 0, 0, '', 0, 2, 0, '', '2012-05-06 18:13:00', 'transfer'),
(10540, 923, 3, 'average', 792, 'RS Vision', '240', 1085, 'Mark Whalley', 'Brian Mcdougall', NULL, 2, 1, 0, 0, '', 0, 16, 0, '', '2012-05-06 18:13:00', 'transfer'),
(10541, 923, 1, 'average', 820, 'RS700', '746', 864, 'Tim Greenwood', '', NULL, 4, 1, 0, 0, '', 0, 2, 0, '', '2012-05-06 18:13:00', 'transfer'),
(10542, 923, 3, 'average', 485, 'Merlin', '3624', 994, 'John Wollnough', 'Marcia Fletcher', NULL, 0, 0, 0, 0, 'DNF', 0, 18, 0, '', '2012-05-06 18:13:00', 'transfer'),
(10543, 923, 2, 'average', 972, 'RS200', '1114', 1055, 'Charlotte Gough', 'Angela Bridges', NULL, 3, 1, 0, 0, '', 0, 2, 0, '', '2012-05-06 18:13:00', 'transfer'),
(10544, 923, 3, 'average', 39, 'RS400', '1287', 949, 'James Bowman', 'Sarah Roberts', NULL, 0, 0, 0, 0, 'OOD', 0, 999, 0, '', '2012-05-06 18:13:00', 'transfer'),
(10545, 923, 6, 'average', 75, 'Hurricane SX', '346', 689, 'Robin Ponting', 'Andrew Rossiter', NULL, 3, 1, 0, 0, '', 0, 3, 0, '', '2012-05-06 18:13:00', 'transfer'),
(10546, 923, 7, 'average', 1079, 'Dart 18', '5530', 800, 'Matthew Holmes', '', NULL, 2, 1, 1, 0, '', 0, 2, 0, '', '2012-05-06 18:13:00', 'transfer'),
(10547, 923, 3, 'average', 1074, 'Merlin', '3643', 994, 'Alistair Glen', 'Moira Glen', NULL, 3, 1, 0, 0, '', 0, 3, 0, '', '2012-05-06 18:13:00', 'transfer'),
(10548, 923, 3, 'average', 32, 'RS400', '598', 949, 'Ralph Wogan', 'Jack Ayre', NULL, 3, 1, 0, 0, '', 0, 11, 0, '', '2012-05-06 18:13:00', 'transfer'),
(10550, 925, 4, 'average', 378, 'Dart 18', '7683', 800, 'Jon Miles', 'Bea Miles', NULL, 3, 0, 0, 0, '', 0, 1, 0, '', '2012-05-09 19:18:45', 'transfer'),
(10551, 925, 1, 'average', 765, 'Phantom', '1364', 1010, 'Paul Jacobs', '', NULL, 3, 0, 0, 0, '', 0, 3, 0, '', '2012-05-09 19:18:45', 'transfer'),
(10552, 925, 1, 'average', 1140, 'RS500', '959', 972, 'Greg Bartlett', 'Paul Bartlett', NULL, 3, 0, 0, 0, '', 0, 2, 0, '', '2012-05-09 19:18:45', 'transfer'),
(10553, 925, 1, 'average', 858, 'RS100 - 8.4', '202', 1003, 'Michael Bagge', '', NULL, 3, 0, 0, 0, '', 0, 7, 0, '', '2012-05-10 18:36:01', 'transfer'),
(10554, 925, 2, 'average', 438, 'RS200', '1048', 1055, 'Mark Elkington', 'Rebecca Elkington', NULL, 3, 0, 0, 0, '', 0, 4, 0, '', '2012-05-09 19:18:45', 'transfer'),
(10555, 925, 1, 'average', 28, 'Merlin', '3628', 994, 'Robin Charles', 'Liz Charles', NULL, 0, 0, 0, 0, 'DNS', 0, 10, 0, '', '2012-05-09 19:18:45', 'transfer'),
(10556, 925, 1, 'average', 10, 'B14', '762', 864, 'Crispin Taylor', 'Guy Harrill', NULL, 3, 0, 0, 0, '', 0, 1, 0, '', '2012-05-09 19:18:45', 'transfer'),
(10557, 925, 2, 'average', 1066, 'Scorpion', '1912', 1053, 'Will Winter', 'Lj Michie', NULL, 3, 0, 0, 0, '', 0, 5, 0, '', '2012-05-09 19:18:45', 'transfer'),
(10558, 925, 1, 'average', 32, 'RS400', '598', 949, 'Ralph Wogan', 'Franco Marenco', NULL, 3, 0, 0, 0, '', 0, 8, 0, '', '2012-05-10 18:36:04', 'transfer'),
(10559, 925, 2, 'average', 174, 'Finn', '2', 1062, 'Andy Bartram', '', NULL, 3, 0, 0, 0, '', 0, 8, 0, '', '2012-05-09 19:18:45', 'transfer'),
(10560, 925, 1, 'average', 39, 'RS400', '1287', 949, 'James Bowman', 'Sarah Roberts', NULL, 3, 0, 0, 0, '', 0, 6, 0, '', '2012-05-09 21:51:59', 'transfer'),
(10561, 925, 2, 'average', 792, 'RS Vision', '240', 1085, 'Mark Whalley', 'Fiona Stonham', NULL, 2, 0, 0, 0, '', 0, 9, 0, '', '2012-05-09 19:18:45', 'transfer'),
(10562, 925, 1, 'average', 40, 'RS400', '411', 949, 'Richard Cain', 'James Prescott', NULL, 3, 0, 0, 0, '', 0, 4, 0, '', '2012-05-09 21:51:59', 'transfer'),
(10563, 925, 3, 'average', 70, 'Hurricane 5.9', '278', 697, 'Graham Buxton-Smith', 'Nigel Hingston', NULL, 4, 0, 0, 0, '', 0, 1, 0, '', '2012-05-09 19:18:45', 'transfer'),
(10564, 925, 1, 'average', 1154, 'RS100 - 8.4', '268', 1003, 'Simon Greenslade', '', NULL, 3, 0, 0, 0, '', 0, 5, 0, '', '2012-05-09 21:51:59', 'transfer'),
(10565, 925, 2, 'average', 1072, 'Streaker', '1776', 1167, 'David Bartlett', '', NULL, 3, 0, 0, 0, '', 0, 1, 0, '', '2012-05-09 19:18:45', 'transfer'),
(10566, 925, 2, 'average', 945, 'Laser Radial', '186827', 1140, 'Charlie Greenslade', '', NULL, 3, 0, 0, 0, '', 0, 2, 0, '', '2012-05-09 19:18:45', 'transfer'),
(10567, 925, 2, 'average', 211, 'RS200', '960', 1055, 'Jayne Johnson', 'Nicki McIlroy', NULL, 3, 0, 0, 0, '', 0, 3, 0, '', '2012-05-09 19:18:45', 'transfer'),
(10568, 925, 2, 'average', 1058, 'Laser Radial', '128798', 1140, 'Theo Greenslade', '', NULL, 3, 0, 0, 0, '', 0, 6, 0, '', '2012-05-09 19:18:45', 'transfer'),
(10569, 925, 2, 'average', 993, 'Solo', '5026', 1158, 'Mike Webster', '', NULL, 3, 0, 0, 0, '', 0, 7, 0, '', '2012-05-09 19:18:45', 'transfer'),
(10589, 928, 1, 'average', 1148, 'B14', '657', 864, 'Mark Pollard', 'Martin Walbank', NULL, 3, 1, 0, 0, '', 0, 1, 0, '', '2012-05-13 13:00:20', 'transfer'),
(10590, 928, 1, 'average', 1147, 'RS400', '438', 949, 'Franco Marenco', 'Keith Wheatley', NULL, 3, 1, 0, 0, '', 0, 21, 0, '', '2012-05-13 13:00:20', 'transfer'),
(10591, 928, 1, 'average', 28, 'Merlin', '3628', 994, 'Robin Charles', 'Liz Charles', NULL, 0, 0, 0, 0, 'DNS', 0, 30, 0, '', '2012-05-13 13:00:20', 'transfer'),
(10592, 928, 3, 'average', 383, 'Hurricane SX', '454', 689, 'John Donovan', 'Tony Avery', NULL, 4, 1, 0, 0, '', 0, 1, 0, '', '2012-05-13 13:00:20', 'transfer'),
(10593, 928, 1, 'average', 945, 'Laser Radial', '186827', 1140, 'Charlie Greenslade', '', NULL, 3, 1, 0, 0, '', 0, 7, 0, '', '2012-05-13 13:00:20', 'transfer'),
(10594, 928, 1, 'average', 345, 'Merlin', '3711', 994, 'Dave Lee', 'Dan Newman', NULL, 3, 1, 0, 0, '', 0, 2, 0, '', '2012-05-13 13:00:20', 'transfer'),
(10595, 928, 1, 'average', 438, 'RS200', '1048', 1055, 'Mark Elkington', 'Rebecca Elkington', NULL, 3, 1, 0, 0, '', 0, 10, 0, '', '2012-05-13 13:00:20', 'transfer'),
(10596, 928, 1, 'average', 1096, 'RS400', '619', 949, 'Nathan Muggeridge', 'Anita Lecocq', NULL, 3, 1, 0, 0, '', 0, 16, 0, '', '2012-05-13 13:00:20', 'transfer'),
(10597, 928, 3, 'average', 672, 'Hurricane SX', '457', 689, 'Mike Arstall', 'Eamon Tyrell', NULL, 4, 1, 0, 0, '', 0, 2, 0, '', '2012-05-13 13:00:20', 'transfer'),
(10598, 928, 1, 'average', 820, 'RS700', '746', 864, 'Tim Greenwood', '', NULL, 3, 1, 0, 0, '', 0, 19, 0, '', '2012-05-13 13:00:20', 'transfer'),
(10599, 928, 1, 'average', 972, 'RS200', '1114', 1055, 'Charlotte Gough', 'Angela Bridges', NULL, 2, 0, 0, 0, 'DNF', 0, 30, 0, '', '2012-05-13 13:00:20', 'transfer'),
(10600, 928, 1, 'average', 174, 'Finn', '550', 1062, 'Andy Bartram', '', NULL, 3, 1, 0, 0, '', 0, 18, 0, '', '2012-05-13 13:00:20', 'transfer'),
(10601, 928, 1, 'average', 376, 'Hornet', '2165', 973, 'Andy Hohl', 'Philippa Greenslade', NULL, 2, 0, 0, 0, 'DNF', 0, 30, 0, '', '2012-05-13 13:00:20', 'transfer'),
(10602, 928, 1, 'average', 605, 'RS800', '1101', 815, 'Russ Gibbs', 'Simon Pryor', NULL, 3, 1, 0, 0, '', 0, 6, 0, '', '2012-05-13 13:00:20', 'transfer'),
(10603, 928, 1, 'average', 192, 'Merlin', '3622', 994, 'Justin Eddy', 'Tom Brown', NULL, 2, 0, 0, 0, 'DNF', 0, 30, 0, '', '2012-05-13 13:00:20', 'transfer'),
(10604, 928, 1, 'average', 878, 'RS400', '1264', 949, 'Olly Greenslade', 'Andrew Gladstone', NULL, 1, 0, 0, 0, 'DNF', 0, 30, 0, '', '2012-05-13 13:00:20', 'transfer'),
(10605, 928, 1, 'average', 211, 'RS200', '960', 1055, 'Jayne Johnson', 'Nicki McIlroy', NULL, 3, 1, 0, 0, '', 0, 8, 0, '', '2012-05-13 13:00:20', 'transfer'),
(10606, 928, 1, 'average', 657, 'RS400', '1059', 949, 'S Peat', 'S Peat', NULL, 3, 1, 0, 0, '', 0, 23, 0, '', '2012-05-13 13:00:20', 'transfer'),
(10607, 928, 1, 'average', 39, 'RS400', '1287', 949, 'James Bowman', 'Sarah Roberts', NULL, 3, 1, 0, 0, '', 0, 14, 0, '', '2012-05-13 13:00:20', 'transfer'),
(10608, 928, 1, 'average', 35, 'Merlin', '3576', 994, 'Colin Lee', 'David Parry', NULL, 3, 1, 0, 0, '', 0, 13, 0, '', '2012-05-13 13:00:20', 'transfer'),
(10609, 928, 1, 'average', 673, 'Merlin', '3713', 994, 'Steve Harling', 'Eleanor Thomas', NULL, 3, 1, 0, 0, '', 0, 15, 0, '', '2012-05-13 13:00:20', 'transfer'),
(10610, 928, 1, 'average', 40, 'RS400', '411', 949, 'Richard Cain', 'John Siddorn', NULL, 3, 1, 0, 0, '', 0, 9, 0, '', '2012-05-13 13:00:20', 'transfer'),
(10611, 928, 1, 'average', 386, 'Finn', '99', 1062, 'David Kingdon', '', NULL, 1, 0, 0, 0, 'DNF', 0, 30, 0, '', '2012-05-13 13:00:20', 'transfer'),
(10612, 928, 1, 'average', 806, 'Laser Radial', '184310', 1140, 'Will Greenslade', '', NULL, 2, 1, 0, 0, '', 0, 20, 0, '', '2012-05-13 13:00:20', 'transfer'),
(10613, 928, 1, 'average', 1154, 'RS100 - 8.4', '268', 1003, 'Simon Greenslade', '', NULL, 3, 1, 0, 0, '', 0, 12, 0, '', '2012-05-13 13:00:20', 'transfer'),
(10614, 928, 1, 'average', 32, 'RS400', '598', 949, 'Ralph Wogan', 'Jack Ayre', NULL, 3, 1, 0, 0, '', 0, 22, 0, '', '2012-05-13 13:00:20', 'transfer'),
(10615, 928, 2, 'average', 981, 'RS400', '1320', 949, 'John Stark', 'Jennifer Stark', NULL, 1, 0, 0, 0, '', 0, 1, 0, '', '2012-05-13 13:00:20', 'transfer'),
(10616, 928, 1, 'average', 858, 'RS100 - 8.4', '202', 1003, 'Michael Bagge', '', NULL, 3, 1, 0, 0, '', 0, 17, 0, '', '2012-05-13 13:00:20', 'transfer'),
(10617, 928, 1, 'average', 1140, 'RS500', '959', 972, 'Greg Bartlett', 'Paul Bartlett', NULL, 3, 1, 0, 0, '', 0, 3, 0, '', '2012-05-13 13:00:20', 'transfer'),
(10618, 928, 1, 'average', 34, 'Hornet', '2147', 973, 'Tim Coombe', 'Jane Smith', NULL, 3, 1, 0, 0, '', 0, 4, 0, '', '2012-05-13 13:00:20', 'transfer'),
(10619, 928, 1, 'average', 159, 'Finn', '603', 1062, 'Grant Simmons', '', NULL, 3, 1, 0, 0, '', 0, 11, 0, '', '2012-05-13 13:00:20', 'transfer'),
(10620, 928, 3, 'average', 1167, 'Hurricane 5.9', '403', 697, 'Guy Bridger', 'Johnny Forster', NULL, 1, 0, 0, 0, 'DNS', 0, 5, 0, '', '2012-05-13 13:00:20', 'transfer'),
(10621, 928, 3, 'average', 75, 'Hurricane SX', '346', 689, 'Robin Ponting', 'Nigel Hingston', NULL, 4, 1, 0, 0, '', 0, 3, 0, '', '2012-05-13 13:00:20', 'transfer'),
(10622, 928, 1, 'average', 97, 'Laser', '163469', 1119, 'B Beare', '', NULL, 3, 1, 0, 0, '', 0, 5, 0, '', '2012-05-13 13:00:20', 'transfer'),
(10623, 928, 1, 'average', 485, 'Merlin', '3624', 994, 'John Wollnough', 'Marcia Fletcher', NULL, 0, 0, 0, 0, 'OOD', 0, 999, 0, '', '2012-05-13 13:00:20', 'transfer'),
(10661, 929, 6, 'average', 383, 'Hurricane SX', '454', 689, 'John Donovan', 'Tony Avery', NULL, 3, 0, 0, 0, '', 0, 1, 0, '', '2012-05-13 14:46:58', 'transfer'),
(10662, 929, 3, 'average', 1147, 'RS400', '438', 949, 'Franco Marenco', 'Keith Wheatley', NULL, 0, 0, 0, 0, 'DNC', 0, 20, 0, '', '2012-05-13 18:01:46', 'transfer'),
(10663, 929, 4, 'average', 945, 'Laser Radial', '186827', 1140, 'Charlie Greenslade', '', NULL, 2, 0, 0, 0, '', 0, 1, 0, '', '2012-05-13 14:46:58', 'transfer'),
(10664, 929, 3, 'average', 345, 'Merlin', '3711', 994, 'Dave Lee', 'Dan Newman', NULL, 3, 0, 0, 0, '', 0, 1, 0, '', '2012-05-13 14:46:58', 'transfer'),
(10665, 929, 2, 'average', 438, 'RS200', '1048', 1055, 'Mark Elkington', 'Rebecca Elkington', NULL, 3, 1, 0, 0, '', 0, 2, 0, '', '2012-05-13 14:46:58', 'transfer'),
(10666, 929, 3, 'average', 1096, 'RS400', '619', 949, 'Nathan Muggeridge', 'Anita Lecocq', NULL, 0, 0, 0, 0, 'DNC', 0, 20, 0, '', '2012-05-13 18:01:46', 'transfer'),
(10667, 929, 6, 'average', 672, 'Hurricane SX', '457', 689, 'Mike Arstall', 'Eamon Tyrell', NULL, 3, 0, 0, 0, '', 0, 2, 0, '', '2012-05-13 14:46:58', 'transfer'),
(10668, 929, 1, 'average', 820, 'RS700', '746', 864, 'Tim Greenwood', '', NULL, 0, 0, 0, 0, 'DNC', 0, 7, 0, '', '2012-05-13 17:53:26', 'transfer'),
(10669, 929, 2, 'average', 972, 'RS200', '1114', 1055, 'Charlotte Gough', 'Angela Bridges', NULL, 0, 0, 0, 0, 'DNC', 0, 4, 0, '', '2012-05-13 18:01:46', 'transfer'),
(10670, 929, 3, 'average', 174, 'Finn', '550', 1062, 'Andy Bartram', '', NULL, 0, 0, 0, 0, 'DNC', 0, 20, 0, '', '2012-05-13 18:01:46', 'transfer'),
(10671, 929, 3, 'average', 376, 'Hornet', '2165', 973, 'Andy Hohl', 'Philippa Greenslade', NULL, 0, 0, 0, 0, 'DNF', 0, 20, 0, '', '2012-05-13 14:46:58', 'transfer'),
(10672, 929, 1, 'average', 605, 'RS800', '1101', 815, 'Russ Gibbs', 'Simon Pryor', NULL, 0, 0, 0, 0, 'DNC', 0, 7, 0, '', '2012-05-13 18:01:46', 'transfer'),
(10673, 929, 3, 'average', 192, 'Merlin', '3622', 994, 'Justin Eddy', 'Tom Brown', NULL, 0, 0, 0, 0, 'DNF', 0, 20, 0, '', '2012-05-13 14:46:58', 'transfer'),
(10674, 929, 6, 'average', 1167, 'Hurricane 5.9', '403', 697, 'Guy Bridger', 'Johnny Forster', NULL, 0, 0, 0, 0, 'DNC', 0, 5, 0, '', '2012-05-13 18:01:46', 'transfer'),
(10675, 929, 7, 'average', 17, 'Dart 18', '6886', 800, 'Jim Carter', '', NULL, 2, 0, 0, 0, '', 0, 1, 0, 'dead heat', '2012-05-13 18:03:25', 'transfer'),
(10676, 929, 6, 'average', 75, 'Hurricane SX', '346', 689, 'Robin Ponting', 'Nigel Hingston', NULL, 3, 0, 0, 0, '', 0, 3, 0, '', '2012-05-13 14:46:58', 'transfer'),
(10677, 929, 7, 'average', 378, 'Dart 18', '7683', 800, 'Jon Miles', 'Bea Miles', NULL, 2, 0, 0, 0, '', 0, 1, 0, '', '2012-05-13 14:46:58', 'transfer');
INSERT INTO `t_result` (`id`, `eventid`, `fleet`, `race_type`, `competitorid`, `class`, `sailnum`, `pn`, `helm`, `crew`, `club`, `lap`, `etime`, `ctime`, `atime`, `code`, `penalty`, `points`, `declaration`, `note`, `upddate`, `updby`) VALUES
(10678, 929, 3, 'average', 28, 'Merlin', '3628', 994, 'Robin Charles', 'Liz Charles', NULL, 3, 0, 0, 0, '', 0, 5, 0, '', '2012-05-13 14:46:58', 'transfer'),
(10679, 929, 1, 'average', 1148, 'B14', '657', 864, 'Mark Pollard', 'Martin Walbank', NULL, 0, 0, 0, 0, 'DNF', 0, 7, 0, '', '2012-05-13 14:46:58', 'transfer'),
(10680, 929, 3, 'average', 993, 'Solo', '5026', 1158, 'Mike Webster', '', NULL, 2, 0, 0, 0, '', 0, 2, 0, '', '2012-05-13 14:46:58', 'transfer'),
(10681, 929, 3, 'average', 657, 'RS400', '1059', 949, 'S Peat', 'S Peat', NULL, 0, 0, 0, 0, 'DNC', 0, 20, 0, '', '2012-05-13 18:01:46', 'transfer'),
(10682, 929, 3, 'average', 39, 'RS400', '1287', 949, 'James Bowman', 'Sarah Roberts', NULL, 3, 0, 0, 0, '', 0, 6, 0, '', '2012-05-13 14:46:58', 'transfer'),
(10683, 929, 3, 'average', 35, 'Merlin', '3576', 994, 'Colin Lee', 'David Parry', NULL, 0, 0, 0, 0, 'DNC', 0, 20, 0, '', '2012-05-13 18:01:46', 'transfer'),
(10684, 929, 3, 'average', 673, 'Merlin', '3713', 994, 'Steve Harling', 'Eleanor Thomas', NULL, 3, 0, 0, 0, '', 0, 3, 0, '', '2012-05-13 14:46:58', 'transfer'),
(10685, 929, 3, 'average', 40, 'RS400', '411', 949, 'Richard Cain', 'John Siddorn', NULL, 0, 0, 0, 0, 'DNC', 0, 20, 0, '', '2012-05-13 18:01:46', 'transfer'),
(10686, 929, 3, 'average', 386, 'Finn', '99', 1062, 'David Kingdon', '', NULL, 0, 0, 0, 0, 'DNC', 0, 20, 0, '', '2012-05-13 18:01:46', 'transfer'),
(10687, 929, 4, 'average', 806, 'Laser Radial', '184310', 1140, 'Will Greenslade', '', NULL, 0, 0, 0, 0, 'DNF', 0, 3, 0, '', '2012-05-13 14:46:58', 'transfer'),
(10688, 929, 1, 'average', 1154, 'RS100 - 8.4', '268', 1003, 'Simon Greenslade', '', NULL, 0, 0, 0, 0, 'DNC', 0, 7, 0, '', '2012-05-13 18:01:46', 'transfer'),
(10689, 929, 3, 'average', 32, 'RS400', '598', 949, 'Ralph Wogan', 'Jack Ayre', NULL, 0, 0, 0, 0, 'DNC', 0, 20, 0, '', '2012-05-13 18:01:46', 'transfer'),
(10690, 929, 3, 'average', 981, 'RS400', '1320', 949, 'John Stark', 'Jennifer Stark', NULL, 0, 0, 0, 0, 'DNC', 0, 20, 0, '', '2012-05-13 18:01:46', 'transfer'),
(10691, 929, 1, 'average', 858, 'RS100 - 8.4', '202', 1003, 'Michael Bagge', '', NULL, 2, 0, 0, 0, '', 0, 1, 0, '', '2012-05-13 21:58:30', 'transfer'),
(10692, 929, 1, 'average', 1140, 'RS500', '959', 972, 'Greg Bartlett', 'Paul Bartlett', NULL, 3, 0, 0, 0, 'DNF', 0, 7, 0, 'retired - wrong course', '2012-05-13 21:58:30', 'transfer'),
(10693, 929, 3, 'average', 34, 'Hornet', '2147', 973, 'Tim Coombe', 'Jane Smith', NULL, 0, 0, 0, 0, 'DNC', 0, 20, 0, '', '2012-05-13 18:01:46', 'transfer'),
(10694, 929, 3, 'average', 159, 'Finn', '603', 1062, 'Grant Simmons', '', NULL, 0, 0, 0, 0, 'DNC', 0, 20, 0, '', '2012-05-13 18:01:46', 'transfer'),
(10695, 929, 2, 'average', 211, 'RS200', '960', 1055, 'Jayne Johnson', 'Nicki McIlroy', NULL, 3, 1, 0, 0, '', 0, 1, 0, '', '2012-05-13 14:46:58', 'transfer'),
(10696, 929, 3, 'average', 878, 'RS400', '1264', 949, 'Olly Greenslade', 'Andrew Gladstone', NULL, 3, 0, 0, 0, '', 0, 4, 0, '', '2012-05-13 14:46:58', 'transfer'),
(10697, 929, 3, 'average', 485, 'Merlin', '3624', 994, 'John Wollnough', 'Marcia Fletcher', NULL, 0, 0, 0, 0, 'OOD', 0, 999, 0, '', '2012-05-13 14:46:58', 'transfer'),
(10698, 930, 1, 'average', 1153, 'RS400', '1235', 949, 'Liam Mcgrath', 'Sue Mcgrath', NULL, 2, 1, 0, 0, '', 0, 9, 0, '', '2012-05-16 19:46:54', 'transfer'),
(10699, 930, 1, 'average', 858, 'RS100 - 8.4', '202', 1003, 'Michael Bagge', '', NULL, 2, 1, 0, 0, '', 0, 6, 0, '', '2012-05-16 19:46:54', 'transfer'),
(10700, 930, 2, 'average', 438, 'RS200', '1048', 1055, 'Mark Elkington', 'Robert Elkington', NULL, 2, 1, 0, 0, '', 0, 1, 0, '', '2012-05-16 19:46:54', 'transfer'),
(10701, 930, 2, 'average', 993, 'Solo', '5026', 1158, 'Mike Webster', '', NULL, 2, 1, 0, 0, '', 0, 5, 0, '', '2012-05-16 19:46:54', 'transfer'),
(10702, 930, 1, 'average', 1147, 'RS400', '438', 949, 'Franco Marenco', 'Jack Eyre', NULL, 2, 1, 0, 0, '', 0, 12, 0, '', '2012-05-16 19:46:54', 'transfer'),
(10703, 930, 1, 'average', 973, 'Merlin', '3713', 994, 'Charlotte Gough', 'Steve Harling', NULL, 2, 1, 0, 0, '', 0, 2, 0, '', '2012-05-16 19:46:54', 'transfer'),
(10704, 930, 2, 'average', 762, 'Laser Radial', '181335', 1140, 'Anna Mason', '', NULL, 1, 0, 0, 0, 'DNF', 0, 17, 0, '', '2012-05-16 19:46:54', 'transfer'),
(10705, 930, 2, 'average', 950, 'Laser Radial', '174693', 1140, 'Roger Williams', '', NULL, 2, 1, 0, 0, '', 0, 9, 0, '', '2012-05-16 19:46:54', 'transfer'),
(10706, 930, 1, 'average', 345, 'Merlin', '3711', 994, 'Dave Lee', 'Eleanor Thomas', NULL, 2, 1, 0, 0, '', 0, 1, 0, '', '2012-05-16 19:46:54', 'transfer'),
(10707, 930, 2, 'average', 90, 'Laser', '184736', 1119, 'Mike Kinnear', '', NULL, 2, 1, 0, 0, '', 0, 7, 0, '', '2012-05-16 19:46:54', 'transfer'),
(10708, 930, 2, 'average', 174, 'Finn', '2', 1062, 'Andy Bartram', '', NULL, 2, 1, 0, 0, '', 0, 10, 0, '', '2012-05-16 19:46:54', 'transfer'),
(10709, 930, 2, 'average', 745, 'RS200', '414', 1055, 'Nick Bellenger', 'David Hopkins', NULL, 2, 1, 0, 0, '', 0, 11, 0, '', '2012-05-16 19:46:54', 'transfer'),
(10710, 930, 1, 'average', 10, 'B14', '762', 864, 'Crispin Taylor', 'Guy Harrill', NULL, 1, 1, 1, 0, 'AVG', 0, 999, 0, '', '2012-05-16 19:46:54', 'transfer'),
(10711, 930, 1, 'average', 40, 'RS400', '411', 949, 'Richard Cain', 'Barney Donkey', NULL, 1, 1, 1, 0, 'AVG', 0, 999, 0, '', '2012-05-16 19:46:54', 'transfer'),
(10712, 930, 2, 'average', 806, 'Laser Radial', '184310', 1140, 'Will Greenslade', '', NULL, 2, 1, 0, 0, '', 0, 6, 0, '', '2012-05-16 19:46:54', 'transfer'),
(10713, 930, 2, 'average', 792, 'RS Vision', '240', 1085, 'Mark Whalley', 'Emma Fisher', NULL, 1, 1, 1, 0, 'OCS', 0, 17, 0, '', '2012-05-16 19:46:54', 'transfer'),
(10714, 930, 1, 'average', 1074, 'Merlin', '3643', 994, 'Alistair Glen', 'Moira Glen', NULL, 2, 1, 0, 0, '', 0, 3, 0, '', '2012-05-16 19:46:54', 'transfer'),
(10715, 930, 1, 'average', 1154, 'RS100 - 8.4', '268', 1003, 'Simon Greenslade', '', NULL, 2, 1, 0, 0, '', 0, 5, 0, '', '2012-05-16 19:46:54', 'transfer'),
(10716, 930, 1, 'average', 765, 'Phantom', '1364', 1010, 'Paul Jacobs', '', NULL, 2, 1, 0, 0, '', 0, 4, 0, '', '2012-05-16 19:46:54', 'transfer'),
(10717, 930, 1, 'average', 820, 'RS700', '746', 864, 'Tim Greenwood', '', NULL, 2, 0, 0, 0, '', 0, 8, 0, '', '2012-05-16 19:46:54', 'transfer'),
(10718, 930, 1, 'average', 34, 'Hornet', '2147', 973, 'Tim Coombe', 'Jane Smith', NULL, 2, 1, 0, 0, '', 0, 7, 0, '', '2012-05-16 19:46:54', 'transfer'),
(10719, 930, 2, 'average', 211, 'RS200', '960', 1055, 'Jayne Johnson', 'Nicki McIlroy', NULL, 2, 1, 0, 0, '', 0, 2, 0, '', '2012-05-16 19:46:54', 'transfer'),
(10720, 930, 2, 'average', 1066, 'Scorpion', '1912', 1053, 'Will Winter', 'Lj Michie', NULL, 2, 1, 0, 0, '', 0, 8, 0, '', '2012-05-16 19:46:54', 'transfer'),
(10721, 930, 2, 'average', 725, 'Laser', '173025', 1119, 'N.McKay', '', NULL, 2, 1, 0, 0, '', 0, 4, 0, '', '2012-05-16 19:46:54', 'transfer'),
(10722, 930, 2, 'average', 334, 'Topaz Magno', '2636', 1165, 'John Margetts', 'Steve Kent', NULL, 1, 1, 0, 0, '', 0, 12, 0, '', '2012-05-16 19:46:54', 'transfer'),
(10723, 930, 2, 'average', 628, 'RS200', '328', 1055, 'Alaric Colville', 'Marcus Colville', NULL, 0, 0, 0, 0, 'DNF', 0, 17, 0, '', '2012-05-16 19:46:54', 'transfer'),
(10724, 930, 2, 'average', 601, 'RS200', '486', 1055, 'Jon James', 'Katie James', NULL, 2, 1, 0, 0, '', 0, 3, 0, '', '2012-05-16 19:46:54', 'transfer'),
(10725, 930, 1, 'average', 32, 'RS400', '598', 949, 'Ralph Wogan', 'Ian Taylor', NULL, 2, 1, 0, 0, '', 0, 11, 0, '', '2012-05-16 19:46:54', 'transfer'),
(10726, 930, 2, 'average', 1168, 'Feva', '418', 1050, 'James Fellows', 'Chloe Fellows', NULL, 0, 0, 0, 0, 'DNF', 0, 17, 0, '', '2012-05-16 19:46:54', 'transfer'),
(10727, 930, 1, 'average', 766, 'RS400', '750', 949, 'Shannon', 'Stenson', NULL, 2, 1, 0, 0, '', 0, 10, 0, '', '2012-05-16 19:46:54', 'transfer'),
(10728, 932, 3, 'average', 30, 'Merlin', '3473', 994, 'Vyv Game', 'Mike Tucket', NULL, 3, 1, 0, 0, '', 0, 10, 0, '', '2012-05-20 18:13:49', 'transfer'),
(10729, 932, 4, 'average', 950, 'Laser Radial', '174693', 1140, 'Roger Williams', '', NULL, 3, 1, 0, 0, '', 0, 4, 0, '', '2012-05-20 18:13:49', 'transfer'),
(10730, 932, 2, 'average', 1155, 'RS200', '361', 1055, 'Grant Boorer', 'Grace Boorer', NULL, 3, 1, 0, 0, '', 0, 3, 0, '', '2012-05-20 18:13:49', 'transfer'),
(10731, 932, 1, 'average', 858, 'RS100 - 8.4', '202', 1003, 'Michael Bagge', '', NULL, 4, 1, 0, 0, '', 0, 5, 0, '', '2012-05-20 18:13:49', 'transfer'),
(10732, 932, 3, 'average', 1074, 'Merlin', '3643', 994, 'Alistair Glen', 'Moira Glen', NULL, 3, 1, 0, 0, '', 0, 5, 0, '', '2012-05-20 18:13:49', 'transfer'),
(10733, 932, 6, 'average', 74, 'Hurricane SX', '276', 689, 'Jeremy Lees', 'Angus Mcnicol', NULL, 4, 1, 0, 0, '', 0, 3, 0, '', '2012-05-20 18:13:49', 'transfer'),
(10734, 932, 3, 'average', 386, 'Finn', '99', 1062, 'David Kingdon', '', NULL, 3, 1, 0, 0, '', 0, 7, 0, '', '2012-05-20 18:13:49', 'transfer'),
(10735, 932, 3, 'average', 1147, 'RS400', '438', 949, 'Franco Marenco', 'Keith Wheatley', NULL, 3, 1, 0, 0, '', 0, 15, 0, '', '2012-05-20 18:13:49', 'transfer'),
(10736, 932, 4, 'average', 762, 'Laser Radial', '181335', 1140, 'Anna Mason', '', NULL, 3, 1, 0, 0, '', 0, 6, 0, '', '2012-05-20 18:13:49', 'transfer'),
(10737, 932, 3, 'average', 345, 'Merlin', '3711', 994, 'Dave Lee', 'Juliet Pealing', NULL, 3, 1, 0, 0, '', 0, 3, 0, '', '2012-05-20 18:13:49', 'transfer'),
(10738, 932, 2, 'average', 716, 'RS200', '777', 1055, 'Jennie Fitzjohn', 'Graham Sykes', NULL, 3, 0, 0, 0, '', 0, 2, 0, '', '2012-05-20 18:13:49', 'transfer'),
(10739, 932, 3, 'average', 1169, 'Finn', '617', 1062, 'Mike Webster', '', NULL, 3, 1, 0, 0, '', 0, 16, 0, '', '2012-05-20 18:13:49', 'transfer'),
(10740, 932, 6, 'average', 75, 'Hurricane SX', '346', 689, 'Robin Ponting', 'Paul Parvin', NULL, 4, 1, 0, 0, '', 0, 1, 0, '', '2012-05-20 18:13:49', 'transfer'),
(10741, 932, 3, 'average', 174, 'Finn', '550', 1062, 'Andy Bartram', '', NULL, 3, 1, 0, 0, '', 0, 9, 0, '', '2012-05-20 18:13:49', 'transfer'),
(10742, 932, 4, 'average', 806, 'Laser Radial', '184310', 1140, 'Will Greenslade', '', NULL, 3, 1, 0, 0, '', 0, 2, 0, '', '2012-05-20 18:13:49', 'transfer'),
(10743, 932, 4, 'average', 712, 'Laser', '174913', 1119, 'Paul Kelley', '', NULL, 3, 1, 0, 0, '', 0, 3, 0, '', '2012-05-20 18:13:49', 'transfer'),
(10744, 932, 6, 'average', 77, 'Hurricane SX', '380', 689, 'Chris Davis', 'Tom Shillitoe', NULL, 4, 1, 0, 0, '', 0, 2, 0, '', '2012-05-20 18:13:49', 'transfer'),
(10745, 932, 7, 'average', 341, 'Dart 18', '6788', 800, 'Ben Neild', 'Gibson', NULL, 3, 1, 0, 0, '', 0, 3, 0, '', '2012-05-20 18:13:49', 'transfer'),
(10746, 932, 3, 'average', 673, 'Merlin', '3713', 994, 'Steve Harling', 'Eleanor Thomas', NULL, 3, 1, 0, 0, '', 0, 8, 0, '', '2012-05-20 18:13:49', 'transfer'),
(10747, 932, 2, 'average', 211, 'RS200', '960', 1055, 'Jayne Johnson', 'Nicki McIlroy', NULL, 3, 0, 0, 0, '', 0, 1, 0, '', '2012-05-20 18:13:49', 'transfer'),
(10748, 932, 5, 'average', 753, 'Topper', '47028', 1297, 'Emma Phillips', '', NULL, 2, 0, 0, 0, '', 0, 1, 0, '', '2012-05-20 18:13:49', 'transfer'),
(10749, 932, 1, 'average', 1140, 'RS500', '959', 972, 'Greg Bartlett', 'Paul Bartlett', NULL, 4, 1, 0, 0, '', 0, 1, 0, '', '2012-05-20 18:13:49', 'transfer'),
(10750, 932, 3, 'average', 159, 'Finn', '603', 1062, 'Grant Simmons', '', NULL, 3, 1, 0, 0, '', 0, 2, 0, '', '2012-05-20 18:13:49', 'transfer'),
(10751, 932, 3, 'average', 192, 'Merlin', '3622', 994, 'Justin Eddy', 'Tom Brown', NULL, 3, 1, 0, 0, '', 0, 13, 0, '', '2012-05-20 18:13:49', 'transfer'),
(10752, 932, 3, 'average', 376, 'Hornet', '2165', 973, 'Andy Hohl', 'Philippa Greenslade', NULL, 3, 1, 0, 0, '', 0, 12, 0, '', '2012-05-20 18:13:49', 'transfer'),
(10753, 932, 5, 'average', 875, 'Topper', '44303', 1297, 'Rory Gladstone', '', NULL, 2, 0, 0, 0, '', 0, 3, 0, '', '2012-05-20 18:13:49', 'transfer'),
(10754, 932, 7, 'average', 378, 'Dart 18', '7683', 800, 'Jon Miles', 'Bea Miles', NULL, 3, 1, 0, 0, '', 0, 2, 0, '', '2012-05-20 18:13:49', 'transfer'),
(10755, 932, 3, 'average', 792, 'RS Vision', '240', 1085, 'Mark Whalley', 'Fiona Stonham', NULL, 3, 1, 0, 0, '', 0, 17, 0, '', '2012-05-20 18:13:49', 'transfer'),
(10756, 932, 7, 'average', 1079, 'Dart 18', '5530', 800, 'Matthew Holmes', '', NULL, 3, 1, 0, 0, '', 0, 4, 0, '', '2012-05-20 18:13:49', 'transfer'),
(10757, 932, 4, 'average', 1058, 'Laser Radial', '128798', 1140, 'Theo Greenslade', '', NULL, 3, 1, 0, 0, '', 0, 5, 0, '', '2012-05-20 18:13:49', 'transfer'),
(10759, 932, 3, 'average', 34, 'Hornet', '2147', 973, 'Tim Coombe', 'Jane Smith', NULL, 3, 1, 0, 0, '', 0, 4, 0, '', '2012-05-20 18:13:49', 'transfer'),
(10760, 932, 3, 'average', 878, 'RS400', '1264', 949, 'Olly Greenslade', 'Andrew Gladstone', NULL, 3, 1, 0, 0, '', 0, 14, 0, '', '2012-05-20 18:13:49', 'transfer'),
(10761, 932, 3, 'average', 1066, 'Scorpion', '1912', 1053, 'Will Winter', 'Lj Michie', NULL, 3, 1, 0, 0, '', 0, 1, 0, '', '2012-05-20 18:13:49', 'transfer'),
(10762, 932, 3, 'average', 28, 'Merlin', '3628', 994, 'Robin Charles', 'Liz Charles', NULL, 3, 1, 0, 0, '', 0, 6, 0, '', '2012-05-20 18:13:49', 'transfer'),
(10763, 932, 1, 'average', 820, 'RS700', '746', 864, 'Tim Greenwood', '', NULL, 4, 0, 0, 0, '', 0, 2, 0, '', '2012-05-20 18:13:49', 'transfer'),
(10764, 932, 1, 'average', 850, 'RS800', '822', 815, 'Simon Pryor', 'Jamie Dawson', NULL, 4, 0, 0, 0, '', 0, 3, 0, '', '2012-05-20 18:13:49', 'transfer'),
(10765, 932, 3, 'average', 39, 'RS400', '1287', 949, 'James Bowman', 'Sarah Roberts', NULL, 3, 1, 0, 0, '', 0, 11, 0, '', '2012-05-20 18:13:49', 'transfer'),
(10766, 932, 7, 'average', 17, 'Dart 18', '6886', 800, 'Jim Carter', '', NULL, 3, 1, 0, 0, '', 0, 1, 0, '', '2012-05-20 18:13:49', 'transfer'),
(10767, 932, 3, 'average', 981, 'RS400', '1320', 949, 'John Stark', 'Jennifer Stark', NULL, 3, 1, 0, 0, '', 0, 18, 0, '', '2012-05-20 18:13:49', 'transfer'),
(10768, 932, 1, 'average', 1060, '29er', '1907', 909, 'Mark Elkington', 'Rebecca Elkington', NULL, 4, 1, 0, 0, '', 0, 4, 0, '', '2012-05-20 18:13:49', 'transfer'),
(10769, 932, 5, 'average', 752, 'Topper', '45059', 1297, 'Alec Gladstone', '', NULL, 2, 0, 0, 0, '', 0, 2, 0, '', '2012-05-20 18:13:49', 'transfer'),
(10770, 932, 6, 'average', 672, 'Hurricane SX', '457', 689, 'Mike Arstall', 'Eamon Tyrell', NULL, 0, 0, 0, 0, 'OOD', 0, 999, 0, '', '2012-05-20 18:13:49', 'transfer'),
(10771, 932, 4, 'average', 90, 'Laser', '184736', 1140, 'Mike Kinnear', '', NULL, 3, 1, 0, 0, '', 0, 1, 0, '', '2012-05-20 18:13:52', 'transfer'),
(10772, 933, 3, 'average', 75, 'Hurricane SX', '346', 689, 'Robin Ponting', 'Paul Parvin', NULL, 3, 0, 0, 0, '', 0, 1, 0, '', '2012-05-23 19:09:06', 'transfer'),
(10773, 933, 1, 'average', 765, 'Phantom', '1364', 1010, 'Paul Jacobs', '', NULL, 3, 0, 0, 0, '', 0, 4, 0, '', '2012-05-23 19:09:06', 'transfer'),
(10774, 933, 2, 'average', 730, 'RS Vareo', '444', 1038, 'J Carr', 'J Carr', NULL, 3, 0, 0, 0, '', 0, 11, 0, '', '2012-05-23 19:09:06', 'transfer'),
(10775, 933, 1, 'average', 787, 'B14', '631', 864, 'Michael Commander', 'Andrew Commander', NULL, 3, 0, 0, 0, '', 0, 12, 0, '', '2012-05-23 19:09:06', 'transfer'),
(10776, 933, 2, 'average', 716, 'RS200', '777', 1055, 'Jennie Fitzjohn', 'Graham Sykes', NULL, 3, 0, 0, 0, '', 0, 4, 0, '', '2012-05-23 19:09:06', 'transfer'),
(10777, 933, 1, 'average', 34, 'Hornet', '2147', 973, 'Tim Coombe', 'Jane Smith', NULL, 3, 0, 0, 0, 'DNF', 0, 16, 0, '', '2012-05-23 19:09:06', 'transfer'),
(10778, 933, 2, 'average', 792, 'RS Vision', '240', 1085, 'Mark Whalley', 'Emma Fisher', NULL, 3, 0, 0, 0, '', 0, 12, 0, '', '2012-05-23 19:09:06', 'transfer'),
(10779, 933, 1, 'average', 657, 'RS400', '1059', 949, 'S Peat', 'S Peat', NULL, 3, 0, 0, 0, '', 0, 9, 0, '', '2012-05-23 19:09:06', 'transfer'),
(10780, 933, 1, 'average', 858, 'RS100 - 8.4', '202', 1003, 'Michael Bagge', '', NULL, 3, 0, 0, 0, '', 0, 10, 0, '', '2012-05-23 19:09:06', 'transfer'),
(10781, 933, 1, 'average', 39, 'RS400', '1287', 949, 'James Bowman', 'Sarah Roberts', NULL, 3, 0, 0, 0, '', 0, 6, 0, '', '2012-05-23 19:09:06', 'transfer'),
(10782, 933, 1, 'average', 973, 'Merlin', '3713', 994, 'Charlotte Gough', 'Steve Harling', NULL, 3, 0, 0, 0, '', 0, 8, 0, '', '2012-05-23 19:09:06', 'transfer'),
(10783, 933, 1, 'average', 820, 'RS700', '746', 864, 'Tim Greenwood', '', NULL, 2, 0, 0, 0, 'DNF', 0, 16, 0, '', '2012-05-23 19:09:06', 'transfer'),
(10784, 933, 2, 'average', 1169, 'Finn', '617', 1062, 'Mike Webster', '', NULL, 3, 0, 0, 0, '', 0, 8, 0, '', '2012-05-23 19:09:06', 'transfer'),
(10785, 933, 1, 'average', 1153, 'RS400', '1235', 949, 'Liam Mcgrath', 'Sue Mcgrath', NULL, 3, 0, 0, 0, '', 0, 5, 0, '', '2012-05-23 19:09:06', 'transfer'),
(10786, 933, 2, 'average', 945, 'Laser Radial', '186827', 1140, 'Charlie Greenslade', '', NULL, 3, 0, 0, 0, '', 0, 1, 0, '', '2012-05-23 19:09:06', 'transfer'),
(10787, 933, 1, 'average', 376, 'Hornet', '2165', 973, 'Andy Hohl', 'Jacqui Hohl', NULL, 3, 0, 0, 0, '', 0, 11, 0, '', '2012-05-23 19:09:06', 'transfer'),
(10788, 933, 2, 'average', 725, 'Laser', '173025', 1119, 'N.McKay', '', NULL, 3, 0, 0, 0, '', 0, 5, 0, '', '2012-05-23 19:09:06', 'transfer'),
(10789, 933, 2, 'average', 1066, 'Scorpion', '1912', 1053, 'Will Winter', 'Lj Michie', NULL, 3, 0, 0, 0, '', 0, 9, 0, '', '2012-05-23 19:09:06', 'transfer'),
(10790, 933, 1, 'average', 28, 'Merlin', '3628', 994, 'Robin Charles', 'Liz Charles', NULL, 3, 0, 0, 0, '', 0, 7, 0, '', '2012-05-23 19:09:06', 'transfer'),
(10791, 933, 1, 'average', 1074, 'Merlin', '3643', 994, 'Alistair Glen', 'Moira Glen', NULL, 3, 0, 0, 0, '', 0, 3, 0, '', '2012-05-23 19:09:06', 'transfer'),
(10792, 933, 1, 'average', 1140, 'RS500', '959', 972, 'Greg Bartlett', 'Paul Bartlett', NULL, 3, 0, 0, 0, '', 0, 1, 0, '', '2012-05-23 19:09:06', 'transfer'),
(10793, 933, 2, 'average', 986, 'Laser', '197947', 1119, 'Max Williams', '', NULL, 2, 0, 0, 0, 'OCS', 0, 17, 0, '', '2012-05-23 19:09:06', 'transfer'),
(10794, 933, 2, 'average', 438, 'RS200', '1048', 1055, 'Mark Elkington', 'Rebecca Elkington', NULL, 3, 0, 0, 0, '', 0, 3, 0, '', '2012-05-23 19:09:06', 'transfer'),
(10795, 933, 4, 'average', 24, 'Dart 18', '6959', 800, 'Pete Hartle', '', NULL, 2, 0, 0, 0, '', 0, 2, 0, '', '2012-05-23 19:09:06', 'transfer'),
(10796, 933, 1, 'average', 1147, 'RS400', '438', 949, 'Franco Marenco', 'Jack Eyre', NULL, 0, 0, 0, 0, 'DNS', 0, 16, 0, '', '2012-05-23 19:09:06', 'transfer'),
(10797, 933, 1, 'average', 345, 'Merlin', '3711', 994, 'Dave Lee', 'Eleanor Thomas', NULL, 3, 0, 0, 0, '', 0, 2, 0, '', '2012-05-23 19:09:06', 'transfer'),
(10798, 933, 2, 'average', 358, 'Laser', '164572', 1119, 'Jonathan Newall', '', NULL, 3, 0, 0, 0, '', 0, 7, 0, '', '2012-05-23 19:09:06', 'transfer'),
(10799, 933, 2, 'average', 334, 'Topaz Magno', '2636', 1165, 'John Margetts', 'Steve Kent', NULL, 1, 0, 0, 0, 'DNF', 0, 17, 0, '', '2012-05-23 19:09:06', 'transfer'),
(10800, 933, 2, 'average', 211, 'RS200', '960', 1055, 'Jayne Johnson', 'Nicki McIlroy', NULL, 1, 0, 0, 0, 'OCS', 0, 17, 0, '', '2012-05-23 19:09:06', 'transfer'),
(10801, 933, 2, 'average', 1072, 'Streaker', '1776', 1167, 'David Bartlett', '', NULL, 3, 0, 0, 0, '', 0, 2, 0, '', '2012-05-23 19:09:06', 'transfer'),
(10802, 933, 2, 'average', 753, 'Topper', '47028', 1297, 'Emma Phillips', '', NULL, 3, 0, 0, 0, '', 0, 6, 0, '', '2012-05-23 19:09:06', 'transfer'),
(10803, 933, 4, 'average', 379, 'Dart 18', '6609', 800, 'D Leeder', 'Megan Leeder', NULL, 2, 0, 0, 0, '', 0, 1, 0, '', '2012-05-23 19:09:06', 'transfer'),
(10804, 933, 2, 'average', 1058, 'Laser Radial', '128798', 1140, 'Theo Greenslade', '', NULL, 3, 0, 0, 0, '', 0, 10, 0, '', '2012-05-23 19:09:06', 'transfer'),
(10805, 933, 2, 'average', 1170, 'Laser', '118435', 1119, 'Jon Purday', '', NULL, 2, 0, 0, 0, 'OCS', 0, 17, 0, '', '2012-05-23 19:09:06', 'transfer'),
(10806, 936, 1, 'average', 1140, 'RS500', '959', 972, 'Greg Bartlett', 'Paul Bartlett', NULL, 4, 1, 0, 0, '', 0, 1, 0, '', '2012-05-27 12:22:37', 'transfer'),
(10807, 936, 7, 'average', 1079, 'Dart 18', '5530', 800, 'Matthew Holmes', '', NULL, 2, 1, 0, 0, '', 0, 3, 0, '', '2012-05-27 12:22:37', 'transfer'),
(10808, 936, 3, 'average', 192, 'Merlin', '3622', 994, 'Justin Eddy', 'Tom Brown', NULL, 0, 0, 0, 0, 'DNS', 0, 24, 0, '', '2012-05-27 12:22:37', 'transfer'),
(10809, 936, 1, 'average', 820, 'RS700', '746', 864, 'Tim Greenwood', '', NULL, 4, 0, 0, 0, '', 0, 3, 0, '', '2012-05-27 12:22:37', 'transfer'),
(10810, 936, 3, 'average', 792, 'RS Vision', '240', 1085, 'Mark Whalley', 'Brian Mcdougall', NULL, 2, 1, 0, 0, '', 0, 17, 0, '', '2012-05-27 12:22:37', 'transfer'),
(10811, 936, 4, 'average', 950, 'Laser Radial', '174693', 1140, 'Roger Williams', '', NULL, 2, 0, 0, 0, '', 0, 4, 0, '', '2012-05-27 12:22:37', 'transfer'),
(10812, 936, 2, 'average', 972, 'RS200', '1114', 1055, 'Charlotte Gough', 'Angela Bridges', NULL, 0, 0, 0, 0, 'DNS', 0, 3, 0, '', '2012-05-27 12:22:37', 'transfer'),
(10813, 936, 3, 'average', 26, 'Hornet', '2154', 973, 'Richard Garry', 'Matt Mcgrath', NULL, 3, 1, 0, 0, '', 0, 3, 0, '', '2012-05-27 12:22:37', 'transfer'),
(10814, 936, 4, 'average', 806, 'Laser Radial', '184310', 1140, 'Will Greenslade', '', NULL, 2, 0, 0, 0, '', 0, 3, 0, '', '2012-05-27 12:22:37', 'transfer'),
(10815, 936, 3, 'average', 39, 'RS400', '1287', 949, 'James Bowman', 'Sarah Roberts', NULL, 3, 1, 0, 0, '', 0, 9, 0, '', '2012-05-27 12:22:37', 'transfer'),
(10816, 936, 4, 'average', 580, 'Laser Radial', '189326', 1140, 'Robin Jones', '', NULL, 2, 0, 0, 0, '', 0, 5, 0, '', '2012-05-27 12:22:37', 'transfer'),
(10817, 936, 3, 'average', 485, 'Merlin', '3624', 994, 'John Wollnough', 'Dan Newall', NULL, 3, 1, 0, 0, '', 0, 11, 0, '', '2012-05-27 12:22:37', 'transfer'),
(10818, 936, 6, 'average', 70, 'Hurricane 5.9', '278', 697, 'Graham Buxton-Smith', 'Nigel Hingston', NULL, 3, 1, 0, 0, '', 0, 3, 0, '', '2012-05-27 12:22:37', 'transfer'),
(10819, 936, 7, 'average', 17, 'Dart 18', '6886', 800, 'Jim Carter', '', NULL, 2, 0, 0, 0, '', 0, 1, 0, '', '2012-05-27 12:22:37', 'transfer'),
(10820, 936, 6, 'average', 74, 'Hurricane SX', '276', 689, 'Jeremy Lees', 'Angus Mcnicol', NULL, 3, 1, 0, 0, '', 0, 5, 0, '', '2012-05-27 12:22:37', 'transfer'),
(10821, 936, 7, 'average', 378, 'Dart 18', '7683', 800, 'Jon Miles', 'Bea Miles', NULL, 2, 0, 0, 0, '', 0, 2, 0, '', '2012-05-27 12:22:37', 'transfer'),
(10822, 936, 3, 'average', 981, 'RS400', '1320', 949, 'John Stark', 'Jennifer Stark', NULL, 2, 1, 0, 0, '', 0, 18, 0, '', '2012-05-27 12:22:37', 'transfer'),
(10823, 936, 6, 'average', 81, 'Hurricane 5.9', '206', 697, 'Basil Strickland', 'Andy Carmichael', NULL, 3, 1, 0, 0, '', 0, 4, 0, '', '2012-05-27 12:22:37', 'transfer'),
(10824, 936, 3, 'average', 32, 'RS400', '1238', 949, 'Ralph Wogan', 'Jack Ayre', NULL, 3, 1, 0, 0, '', 0, 10, 0, '', '2012-05-27 12:22:37', 'transfer'),
(10825, 936, 6, 'average', 77, 'Hurricane SX', '380', 689, 'Chris Davis', 'Tom Shillitoe', NULL, 0, 0, 0, 0, 'DNS', 0, 7, 0, '', '2012-05-27 12:22:37', 'transfer'),
(10826, 936, 6, 'average', 383, 'Hurricane SX', '454', 689, 'John Donovan', 'Tony Avery', NULL, 3, 1, 0, 0, '', 0, 1, 0, '', '2012-05-27 12:22:37', 'transfer'),
(10827, 936, 3, 'average', 730, 'RS Vareo', '444', 1038, 'J Carr', 'J Carr/e Carr', NULL, 3, 1, 0, 0, '', 0, 15, 0, '', '2012-05-27 12:22:37', 'transfer'),
(10828, 936, 3, 'average', 657, 'RS400', '1059', 949, 'S Peat', 'S Peat', NULL, 2, 0, 0, 0, 'DNF', 0, 24, 0, '', '2012-05-27 12:22:37', 'transfer'),
(10829, 936, 1, 'average', 1154, 'RS100 - 8.4', '268', 1003, 'Simon Greenslade', '', NULL, 4, 1, 0, 0, '', 0, 2, 0, '', '2012-05-27 12:22:37', 'transfer'),
(10830, 936, 3, 'average', 1169, 'Finn', '617', 1062, 'Mike Webster', '', NULL, 3, 1, 0, 0, '', 0, 5, 0, '', '2012-05-27 12:22:37', 'transfer'),
(10831, 936, 3, 'average', 40, 'RS400', '411', 949, 'Richard Cain', 'Olly Turner', NULL, 3, 0, 0, 0, '', 0, 2, 0, '', '2012-05-27 12:22:37', 'transfer'),
(10832, 936, 3, 'average', 1171, 'RS400', '1264', 949, 'Theo Greenslade', 'Olly Greenslade', NULL, 3, 1, 0, 0, '', 0, 13, 0, '', '2012-05-27 12:22:37', 'transfer'),
(10833, 936, 3, 'average', 1074, 'Merlin', '3643', 994, 'Alistair Glen', 'Moira Glen', NULL, 3, 1, 0, 0, '', 0, 1, 0, '', '2012-05-27 12:22:37', 'transfer'),
(10834, 936, 3, 'average', 386, 'Finn', '99', 1062, 'David Kingdon', '', NULL, 0, 0, 0, 0, 'DNS', 0, 24, 0, '', '2012-05-27 12:22:37', 'transfer'),
(10835, 936, 1, 'average', 482, 'RS700', '715', 864, 'Steve McDonald', '', NULL, 1, 0, 0, 0, 'DNF', 0, 6, 0, '', '2012-05-27 12:22:37', 'transfer'),
(10836, 936, 3, 'average', 35, 'Merlin', '3576', 994, 'Colin Lee', 'David Parry', NULL, 3, 1, 0, 0, '', 0, 7, 0, '', '2012-05-27 12:22:37', 'transfer'),
(10838, 936, 3, 'average', 28, 'Merlin', '3628', 994, 'Robin Charles', 'Liz Charles', NULL, 3, 1, 0, 0, '', 0, 4, 0, '', '2012-05-27 12:22:37', 'transfer'),
(10839, 936, 4, 'average', 358, 'Laser', '164572', 1119, 'Jonathan Newall', '', NULL, 1, 1, 0, 0, '', 0, 6, 0, '', '2012-05-27 12:22:37', 'transfer'),
(10840, 936, 6, 'average', 69, 'Hurricane SX', '416', 689, 'Doug Smith', 'Bill King', NULL, 0, 0, 0, 0, 'OOD', 0, 999, 0, '', '2012-05-27 12:22:37', 'transfer'),
(10841, 936, 6, 'average', 73, 'Hurricane 5.9', '359', 697, 'Mike Baker', 'Alaric Colville', NULL, 3, 1, 0, 0, '', 0, 2, 0, '', '2012-05-27 12:22:37', 'transfer'),
(10842, 936, 3, 'average', 30, 'Merlin', '3473', 994, 'Vyv Game', 'Mike Tucket', NULL, 3, 1, 0, 0, '', 0, 12, 0, '', '2012-05-27 12:22:37', 'transfer'),
(10843, 936, 3, 'average', 345, 'Merlin', '3711', 994, 'Dave Lee', 'Dan Newman', NULL, 3, 1, 0, 0, '', 0, 6, 0, '', '2012-05-27 12:22:37', 'transfer'),
(10844, 936, 4, 'average', 945, 'Laser Radial', '186827', 1140, 'Charlie Greenslade', '', NULL, 2, 0, 0, 0, '', 0, 1, 0, '', '2012-05-27 12:22:37', 'transfer'),
(10845, 936, 3, 'average', 1081, 'Merlin', '3660', 994, 'John Buckley', 'Ben Buckley', NULL, 0, 0, 0, 0, 'DNS', 0, 24, 0, '', '2012-05-27 12:22:37', 'transfer'),
(10846, 936, 3, 'average', 159, 'Finn', '603', 1062, 'Grant Simmons', '', NULL, 0, 0, 0, 0, 'DNS', 0, 24, 0, '', '2012-05-27 12:22:37', 'transfer'),
(10847, 936, 2, 'average', 438, 'RS200', '1048', 1055, 'Mark Elkington', 'Rebecca Elkington', NULL, 4, 1, 0, 0, '', 0, 1, 0, '', '2012-05-27 12:22:37', 'transfer'),
(10848, 936, 3, 'average', 673, 'Merlin', '3713', 994, 'Steve Harling', 'Eleanor Thomas', NULL, 3, 1, 0, 0, '', 0, 8, 0, '', '2012-05-27 12:22:37', 'transfer'),
(10849, 936, 1, 'average', 858, 'RS100 - 8.4', '202', 1003, 'Michael Bagge', '', NULL, 4, 1, 0, 0, '', 0, 4, 0, '', '2012-05-27 12:22:37', 'transfer'),
(10850, 936, 3, 'average', 1147, 'RS400', '438', 949, 'Franco Marenco', 'Keith Wheatley', NULL, 3, 1, 0, 0, '', 0, 14, 0, '', '2012-05-27 12:22:37', 'transfer'),
(10851, 936, 3, 'average', 815, 'Topaz Uno', '772', 1218, 'Jane Greenwood', '', NULL, 2, 1, 0, 0, '', 0, 16, 0, '', '2012-05-27 12:22:37', 'transfer'),
(10852, 916, 4, '', 358, '', '', 1140, '', '', NULL, 2, 0, 0, 0, '', 0, 3, 0, '', '2012-05-27 12:22:40', 'transfer'),
(10853, 923, 4, '', 358, '', '', 1140, '', '', NULL, 3, 1, 0, 0, '', 0, 7, 0, '', '2012-05-27 12:22:40', 'transfer'),
(10854, 936, 4, 'average', 90, 'Laser', '184736', 1140, 'Mike Kinnear', '', NULL, 2, 0, 0, 0, '', 0, 2, 0, '', '2012-05-27 12:22:40', 'transfer'),
(10855, 935, 1, 'average', 28, 'Merlin', '3628', 994, 'Robin Charles', 'Liz Charles', NULL, 2, 1, 0, 0, '', 0, 6, 0, '', '2012-05-27 12:25:10', 'transfer'),
(10856, 935, 1, 'average', 40, 'RS400', '411', 949, 'Richard Cain', 'Olly Turner', NULL, 2, 0, 0, 0, '', 0, 2, 0, '', '2012-05-27 12:25:10', 'transfer'),
(10857, 935, 1, 'average', 386, 'Finn', '99', 1062, 'David Kingdon', '', NULL, 2, 1, 0, 0, '', 0, 13, 0, '', '2012-05-27 12:25:10', 'transfer'),
(10858, 935, 1, 'average', 878, 'RS400', '1264', 949, 'Olly Greenslade', 'Theo Greenslade', NULL, 2, 1, 0, 0, '', 0, 12, 0, '', '2012-05-27 12:25:10', 'transfer'),
(10859, 935, 1, 'average', 438, 'RS200', '1048', 1055, 'Mark Elkington', 'Rebecca Elkington', NULL, 2, 0, 0, 0, '', 0, 1, 0, '', '2012-05-27 12:25:10', 'transfer'),
(10860, 935, 1, 'average', 1081, 'Merlin', '3660', 994, 'John Buckley', 'Ben Buckley', NULL, 1, 0, 0, 0, '', 0, 27, 0, '', '2012-05-27 12:25:10', 'transfer'),
(10861, 935, 1, 'average', 345, 'Merlin', '3711', 994, 'Dave Lee', 'Dan Newman', NULL, 2, 0, 0, 0, '', 0, 3, 0, '', '2012-05-27 12:25:10', 'transfer'),
(10862, 935, 1, 'average', 1169, 'Finn', '617', 1062, 'Mike Webster', '', NULL, 1, 0, 0, 0, '', 0, 25, 0, '', '2012-05-27 12:25:10', 'transfer'),
(10863, 935, 1, 'average', 1154, 'RS100 - 8.4', '268', 1003, 'Simon Greenslade', '', NULL, 2, 1, 0, 0, '', 0, 17, 0, '', '2012-05-27 12:25:10', 'transfer'),
(10864, 935, 1, 'average', 657, 'RS400', '1059', 949, 'S Peat', 'S Peat', NULL, 0, 0, 0, 0, 'DNF', 0, 36, 0, '', '2012-05-27 12:25:10', 'transfer'),
(10865, 935, 1, 'average', 39, 'RS400', '1287', 949, 'James Bowman', 'Sarah Roberts', NULL, 2, 1, 0, 0, '', 0, 11, 0, '', '2012-05-27 12:25:10', 'transfer'),
(10866, 935, 1, 'average', 806, 'Laser Radial', '184310', 1140, 'Will Greenslade', '', NULL, 1, 0, 0, 0, '', 0, 24, 0, '', '2012-05-27 12:25:10', 'transfer'),
(10867, 935, 1, 'average', 1147, 'RS400', '438', 949, 'Franco Marenco', 'Keith Wheatley', NULL, 2, 1, 0, 0, '', 0, 20, 0, '', '2012-05-27 12:25:10', 'transfer'),
(10868, 935, 1, 'average', 30, 'Merlin', '3473', 994, 'Vyv Game', 'Mike Tucket', NULL, 2, 1, 0, 0, '', 0, 16, 0, '', '2012-05-27 12:25:10', 'transfer'),
(10869, 935, 3, 'average', 73, 'Hurricane 5.9', '359', 697, 'Mike Baker', 'Alaric Colville', NULL, 1, 0, 1, 0, '', 0, 3, 0, '', '2012-05-27 12:25:10', 'transfer'),
(10870, 935, 3, 'average', 69, 'Hurricane SX', '416', 689, 'Doug Smith', 'Bill King', NULL, 0, 0, 0, 0, 'OOD', 0, 999, 0, '', '2012-05-27 12:25:10', 'transfer'),
(10871, 935, 1, 'average', 945, 'Laser Radial', '186827', 1140, 'Charlie Greenslade', '', NULL, 1, 0, 0, 0, '', 0, 22, 0, '', '2012-05-27 12:25:10', 'transfer'),
(10872, 935, 1, 'average', 858, 'RS100 - 8.4', '202', 1003, 'Michael Bagge', '', NULL, 2, 1, 0, 0, '', 0, 15, 0, '', '2012-05-27 12:25:10', 'transfer'),
(10873, 935, 1, 'average', 358, 'Laser', '164572', 1119, 'Jonathan Newall', '', NULL, 0, 0, 0, 0, 'DNF', 0, 36, 0, '', '2012-05-27 12:25:10', 'transfer'),
(10874, 935, 1, 'average', 673, 'Merlin', '3713', 994, 'Steve Harling', 'Eleanor Thomas', NULL, 2, 1, 0, 0, '', 0, 10, 0, '', '2012-05-27 12:25:10', 'transfer'),
(10875, 935, 1, 'average', 1072, 'Streaker', '1776', 1167, 'David Bartlett', '', NULL, 2, 1, 0, 0, '', 0, 4, 0, '', '2012-05-27 12:25:10', 'transfer'),
(10876, 935, 1, 'average', 429, 'Laser Radial', '184736', 1140, 'Mike Kinnear', '', NULL, 1, 0, 0, 0, '', 0, 21, 0, '', '2012-05-27 12:25:10', 'transfer'),
(10877, 935, 1, 'average', 482, 'RS700', '715', 864, 'Steve McDonald', '', NULL, 0, 0, 0, 0, 'DNF', 0, 36, 0, '', '2012-05-27 12:25:10', 'transfer'),
(10878, 935, 1, 'average', 35, 'Merlin', '3576', 994, 'Colin Lee', 'David Parry', NULL, 2, 1, 0, 0, '', 0, 18, 0, '', '2012-05-27 12:25:10', 'transfer'),
(10879, 935, 1, 'average', 159, 'Finn', '603', 1062, 'Grant Simmons', '', NULL, 2, 1, 0, 0, '', 0, 9, 0, '', '2012-05-27 12:25:10', 'transfer'),
(10880, 935, 1, 'average', 1074, 'Merlin', '3643', 994, 'Alistair Glen', 'Moira Glen', NULL, 0, 0, 0, 0, 'DNF', 0, 36, 0, '', '2012-05-27 12:25:10', 'transfer'),
(10881, 935, 1, 'average', 26, 'Hornet', '2154', 973, 'Richard Garry', 'Matt Mcgrath', NULL, 2, 0, 0, 0, '', 0, 7, 0, '', '2012-05-27 12:25:10', 'transfer'),
(10882, 935, 3, 'average', 70, 'Hurricane 5.9', '278', 697, 'Graham Buxton-Smith', 'Nigel Hingston', NULL, 1, 0, 1, 0, '', 0, 1, 0, '', '2012-05-27 12:25:10', 'transfer'),
(10883, 935, 1, 'average', 485, 'Merlin', '3624', 994, 'John Wollnough', 'Dan Newall', NULL, 1, 0, 0, 0, '', 0, 26, 0, '', '2012-05-27 12:25:10', 'transfer'),
(10884, 935, 1, 'average', 580, 'Laser Radial', '189326', 1140, 'Robin Jones', '', NULL, 0, 0, 0, 0, 'DNF', 0, 36, 0, '', '2012-05-27 12:25:10', 'transfer'),
(10885, 935, 1, 'average', 1140, 'RS500', '959', 972, 'Greg Bartlett', 'Paul Bartlett', NULL, 2, 1, 0, 0, '', 0, 8, 0, '', '2012-05-27 12:25:10', 'transfer'),
(10886, 935, 1, 'average', 192, 'Merlin', '3622', 994, 'Justin Eddy', 'Tom Brown', NULL, 2, 1, 0, 0, '', 0, 14, 0, '', '2012-05-27 12:25:10', 'transfer'),
(10887, 935, 1, 'average', 820, 'RS700', '746', 864, 'Tim Greenwood', '', NULL, 2, 1, 0, 0, '', 0, 19, 0, '', '2012-05-27 12:25:10', 'transfer'),
(10888, 935, 2, 'average', 792, 'RS Vision', '240', 1085, 'Mark Whalley', 'Brian Mcdougall', NULL, 1, 1, 0, 0, '', 0, 2, 0, '', '2012-05-27 12:25:10', 'transfer'),
(10889, 935, 1, 'average', 950, 'Laser Radial', '174693', 1140, 'Roger Williams', '', NULL, 0, 0, 0, 0, 'DNF', 0, 36, 0, '', '2012-05-27 12:25:10', 'transfer'),
(10890, 935, 2, 'average', 956, 'RS200', '426', 1055, 'Jamie Barker', 'Robin Barker', NULL, 2, 1, 0, 0, '', 0, 1, 0, '', '2012-05-27 12:25:10', 'transfer'),
(10891, 935, 1, 'average', 972, 'RS200', '1114', 1055, 'Charlotte Gough', 'Angela Bridges', NULL, 2, 1, 0, 0, '', 0, 5, 0, '', '2012-05-27 12:25:10', 'transfer'),
(10892, 935, 1, 'average', 730, 'RS Vareo', '444', 1038, 'J Carr', 'J Carr/e Carr', NULL, 0, 0, 0, 0, 'DNF', 0, 36, 0, '', '2012-05-27 12:25:10', 'transfer'),
(10893, 935, 3, 'average', 383, 'Hurricane SX', '454', 689, 'John Donovan', 'Tony Avery', NULL, 1, 0, 1, 0, '', 0, 2, 0, '', '2012-05-27 12:25:10', 'transfer'),
(10894, 935, 3, 'average', 77, 'Hurricane SX', '380', 689, 'Chris Davis', 'Tom Shillitoe', NULL, 0, 0, 0, 0, 'DNF', 0, 6, 0, '', '2012-05-27 12:25:10', 'transfer'),
(10895, 935, 1, 'average', 32, 'RS400', '598', 949, 'Ralph Wogan', 'Jack Ayre', NULL, 0, 0, 0, 0, 'DNF', 0, 36, 0, '', '2012-05-27 12:25:10', 'transfer'),
(10896, 935, 1, 'average', 947, 'Laser', '194345', 1119, 'Will Payton', '', NULL, 1, 0, 0, 0, '', 0, 23, 0, '', '2012-05-27 12:25:10', 'transfer'),
(10897, 935, 3, 'average', 81, 'Hurricane 5.9', '206', 697, 'Basil Strickland', 'Andy Carmichael', NULL, 1, 0, 1, 0, '', 0, 4, 0, '', '2012-05-27 12:25:10', 'transfer'),
(10899, 930, 3, 'average', 74, 'Hurricane SX', '276', 689, 'Jeremy Lees', 'Angus McNicol', NULL, 0, 0, 0, 0, 'OOD', 0, 999, 0, 'added by marke', '2012-06-04 14:32:41', 'transfer'),
(10904, 940, 3, 'average', 17, 'Dart 18', '6886', 800, 'Jim Carter', 'Jonathan Gosling', NULL, 2, 1, 0, 0, '', 0, 2, 0, '', '2012-06-04 18:39:20', 'transfer'),
(10905, 940, 3, 'average', 70, 'Hurricane SX', '278', 689, 'Graham Buxton-Smith', 'Nigel Hingston', NULL, 3, 1, 0, 0, '', 0, 3, 0, '', '2012-06-04 18:39:20', 'transfer'),
(10906, 940, 3, 'average', 75, 'Hurricane SX', '346', 689, 'Robin Ponting', 'Bill King', NULL, 3, 1, 0, 0, '', 0, 4, 0, '', '2012-06-04 18:39:20', 'transfer'),
(10907, 940, 3, 'average', 672, 'Hurricane SX', '457', 689, 'Mike Arstall', 'Eamon Tyrell', NULL, 3, 1, 0, 0, '', 0, 1, 0, '', '2012-06-04 18:39:20', 'transfer'),
(10933, 939, 1, 'pursuit', 1169, 'Finn', '617', 1062, 'Mike Webster', '', NULL, 2, 1, 1, 0, '', 0, 5, 0, '', '2012-06-04 18:54:14', 'transfer'),
(10934, 939, 1, 'pursuit', 1156, 'Topper', '36294', 1297, 'Hugo Twigger', '', NULL, 1, 1, 1, 0, '', 0, 25, 0, '', '2012-06-04 18:54:14', 'transfer'),
(10935, 939, 1, 'pursuit', 755, 'Topper', '29831', 1297, 'Toby Twigger', '', NULL, 1, 0, 0, 0, '', 0, 22, 0, '', '2012-06-04 18:54:14', 'transfer'),
(10936, 939, 1, 'pursuit', 1155, 'RS200', '361', 1055, 'Grant Boorer', 'Josh Boorer', NULL, 2, 1, 1, 0, '', 0, 10, 0, '', '2012-06-04 18:54:14', 'transfer'),
(10937, 939, 1, 'pursuit', 998, 'Topper', '24399', 1297, 'Oliver Twigger', '', NULL, 1, 0, 0, 0, '', 0, 20, 0, '', '2012-06-04 18:54:14', 'transfer'),
(10938, 939, 1, 'pursuit', 345, 'Merlin', '3711', 994, 'Dave Lee', 'Dan Newman', NULL, 2, 1, 1, 0, '', 0, 7, 0, '', '2012-06-04 18:54:14', 'transfer'),
(10939, 939, 1, 'pursuit', 806, 'Laser Radial', '184310', 1140, 'Will Greenslade', '', NULL, 2, 2, 2, 0, '', 0, 13, 0, '', '2012-06-04 18:54:14', 'transfer'),
(10940, 939, 1, 'pursuit', 762, 'Laser Radial', '181335', 1140, 'Anna Mason', '', NULL, 1, 0, 0, 0, '', 0, 15, 0, '', '2012-06-04 18:54:14', 'transfer'),
(10941, 939, 1, 'pursuit', 90, 'Laser', '184736', 1119, 'Mike Kinnear', '', NULL, 2, 1, 1, 0, '', 0, 4, 0, '', '2012-06-04 18:54:14', 'transfer'),
(10942, 939, 1, 'pursuit', 1140, 'RS500', '959', 972, 'Greg Bartlett', 'Paul Bartlett', NULL, 2, 1, 1, 0, '', 0, 9, 0, '', '2012-06-04 18:54:14', 'transfer'),
(10943, 939, 1, 'pursuit', 981, 'RS400', '1320', 949, 'John Stark', 'Jennifer Stark', NULL, 1, 1, 1, 0, '', 0, 24, 0, '', '2012-06-04 18:54:14', 'transfer'),
(10944, 939, 1, 'pursuit', 945, 'Laser Radial', '186827', 1140, 'Charlie Greenslade', '', NULL, 1, 0, 0, 0, '', 0, 16, 0, '', '2012-06-04 18:54:14', 'transfer'),
(10945, 939, 1, 'pursuit', 792, 'RS Vision', '240', 1085, 'Mark Whalley', 'Fiona Stonham', NULL, 1, 0, 0, 0, '', 0, 23, 0, '', '2012-06-04 18:54:14', 'transfer'),
(10946, 939, 1, 'pursuit', 858, 'RS100 - 8.4', '202', 1003, 'Michael Bagge', '', NULL, 2, 1, 1, 0, '', 0, 2, 0, '', '2012-06-04 18:54:14', 'transfer'),
(10947, 939, 1, 'pursuit', 438, 'RS200', '1048', 1055, 'Mark Elkington', 'Rebecca Elkington', NULL, 2, 1, 1, 0, '', 0, 1, 0, '', '2012-06-04 18:54:14', 'transfer'),
(10948, 939, 1, 'pursuit', 1058, 'Laser Radial', '128798', 1140, 'Theo Greenslade', '', NULL, 1, 0, 0, 0, '', 0, 17, 0, '', '2012-06-04 18:54:14', 'transfer'),
(10949, 939, 1, 'pursuit', 30, 'Merlin', '3473', 994, 'Vyv Game', 'Mike Tucket', NULL, 2, 1, 1, 0, '', 0, 11, 0, '', '2012-06-04 18:54:14', 'transfer'),
(10950, 939, 1, 'pursuit', 32, 'RS400', '1238', 949, 'Ralph Wogan', 'Peter Brown', NULL, 1, 0, 0, 0, '', 0, 21, 0, '', '2012-06-04 18:54:14', 'transfer'),
(10951, 939, 1, 'pursuit', 673, 'Merlin', '3713', 994, 'Steve Harling', 'Eleanor Thomas', NULL, 1, 0, 0, 0, '', 0, 19, 0, '', '2012-06-04 18:54:14', 'transfer'),
(10952, 939, 1, 'pursuit', 1072, 'Streaker', '1776', 1167, 'David Bartlett', '', NULL, 2, 1, 1, 0, '', 0, 8, 0, '', '2012-06-04 18:54:14', 'transfer'),
(10953, 939, 1, 'pursuit', 1010, 'Laser', '167886', 1119, 'Russ Gibbs', '', NULL, 1, 0, 0, 0, '', 0, 18, 0, '', '2012-06-04 18:54:14', 'transfer'),
(10954, 939, 1, 'pursuit', 753, 'Topper', '47028', 1297, 'Emma Phillips', '', NULL, 1, 0, 0, 0, '', 0, 14, 0, '', '2012-06-04 18:54:14', 'transfer'),
(10955, 939, 1, 'pursuit', 10, 'B14', '762', 864, 'Crispin Taylor', 'Guy Harrill', NULL, 2, 1, 1, 0, '', 0, 6, 0, '', '2012-06-04 18:54:14', 'transfer'),
(10956, 939, 1, 'pursuit', 712, 'Laser', '174913', 1119, 'Paul Kelley', '', NULL, 2, 1, 1, 0, '', 0, 12, 0, '', '2012-06-04 18:54:14', 'transfer'),
(10957, 939, 1, 'pursuit', 1074, 'Merlin', '3643', 994, 'Alistair Glen', 'Moira Glen', NULL, 2, 1, 1, 0, '', 0, 3, 0, '', '2012-06-04 18:54:14', 'transfer'),
(10987, 941, 1, 'average', 765, 'Phantom', '1364', 1010, 'Paul Jacobs', '', NULL, 3, 0, 0, 0, '', 0, 1, 0, '', '2012-06-06 19:20:53', 'transfer'),
(10988, 941, 1, 'average', 973, 'Merlin', '3713', 994, 'Charlotte Gough', 'Steve Harling', NULL, 3, 0, 0, 0, '', 0, 7, 0, '', '2012-06-06 19:20:53', 'transfer'),
(10989, 941, 3, 'average', 69, 'Hurricane SX', '416', 689, 'Doug Smith', 'Bill King', NULL, 3, 0, 0, 0, '', 0, 1, 0, '', '2012-06-06 19:20:53', 'transfer'),
(10990, 941, 1, 'average', 28, 'Merlin', '3628', 994, 'Robin Charles', 'Liz Charles', NULL, 3, 0, 0, 0, '', 0, 8, 0, '', '2012-06-06 19:20:53', 'transfer'),
(10991, 941, 2, 'average', 986, 'Laser', '197947', 1119, 'Max Williams', '', NULL, 3, 0, 0, 0, '', 0, 4, 0, '', '2012-06-06 19:20:53', 'transfer'),
(10992, 941, 1, 'average', 40, 'RS400', '411', 949, 'Richard Cain', 'James Prescott', NULL, 3, 0, 0, 0, '', 0, 4, 0, '', '2012-06-06 19:20:53', 'transfer'),
(10993, 941, 2, 'average', 950, 'Laser Radial', '174693', 1140, 'Roger Williams', '', NULL, 3, 1, 0, 0, '', 0, 6, 0, '', '2012-06-06 19:20:53', 'transfer'),
(10994, 941, 1, 'average', 345, 'Merlin', '3711', 994, 'Dave Lee', 'Eleanor Thomas', NULL, 3, 0, 0, 0, '', 0, 3, 0, '', '2012-06-06 19:20:53', 'transfer'),
(10995, 941, 2, 'average', 1077, 'Laser', '162794', 1119, 'Paul Kelley', '', NULL, 3, 0, 0, 0, '', 0, 5, 0, '', '2012-06-06 19:20:53', 'transfer'),
(10996, 941, 3, 'average', 1172, 'Hurricane SX', '278', 689, 'Graham Buxton-smith', 'Nigel Hingston', NULL, 3, 0, 0, 0, '', 0, 3, 0, '', '2012-06-06 19:20:53', 'transfer'),
(10997, 941, 2, 'average', 945, 'Laser Radial', '186827', 1140, 'Charlie Greenslade', '', NULL, 3, 0, 0, 0, '', 0, 2, 0, '', '2012-06-06 19:20:53', 'transfer'),
(10998, 941, 1, 'average', 26, 'Hornet', '2154', 973, 'Richard Garry', 'Matt Mcgrath', NULL, 3, 0, 0, 0, '', 0, 2, 0, '', '2012-06-06 19:20:53', 'transfer'),
(10999, 941, 2, 'average', 90, 'Laser', '184736', 1119, 'Mike Kinnear', '', NULL, 3, 0, 0, 0, '', 0, 1, 0, '', '2012-06-06 19:20:53', 'transfer'),
(11000, 941, 1, 'average', 1140, 'RS500', '959', 972, 'Greg Bartlett', 'Paul Bartlett', NULL, 3, 0, 0, 0, '', 0, 5, 0, '', '2012-06-06 19:20:53', 'transfer'),
(11001, 941, 1, 'average', 34, 'Hornet', '2147', 973, 'Tim Coombe', 'Jane Smith', NULL, 3, 0, 0, 0, '', 0, 6, 0, '', '2012-06-06 19:20:53', 'transfer'),
(11002, 941, 2, 'average', 1155, 'RS200', '361', 1055, 'Grant Boorer', 'Josh Boorer', NULL, 1, 0, 0, 0, 'DNF', 0, 12, 0, '', '2012-06-06 19:20:53', 'transfer'),
(11003, 941, 1, 'average', 1173, 'RS400', '1238', 949, 'R Wogan', 'J Carr', NULL, 3, 0, 0, 0, '', 0, 10, 0, '', '2012-06-06 19:20:53', 'transfer'),
(11004, 941, 2, 'average', 1072, 'Streaker', '1776', 1167, 'David Bartlett', '', NULL, 3, 0, 0, 0, '', 0, 3, 0, '', '2012-06-06 19:20:53', 'transfer'),
(11005, 941, 1, 'average', 858, 'RS100 - 8.4', '202', 1003, 'Michael Bagge', '', NULL, 3, 0, 0, 0, '', 0, 9, 0, '', '2012-06-06 19:20:53', 'transfer'),
(11006, 941, 2, 'average', 1058, 'Laser Radial', '128798', 1140, 'Theo Greenslade', '', NULL, 3, 1, 0, 0, '', 0, 7, 0, '', '2012-06-06 19:20:53', 'transfer'),
(11007, 941, 2, 'average', 334, 'Topaz Magno', '2636', 1165, 'John Margetts', 'Jane Margetts', NULL, 0, 0, 0, 0, 'DNS', 0, 12, 0, '', '2012-06-06 19:20:53', 'transfer'),
(11008, 941, 3, 'average', 672, 'Hurricane SX', '457', 689, 'Mike Arstall', 'Eamon Tyrell', NULL, 3, 0, 0, 0, '', 0, 2, 0, '', '2012-06-06 19:20:53', 'transfer'),
(11009, 941, 2, 'average', 628, 'RS200', '328', 1055, 'Alaric Colville', 'Marcus Colville', NULL, 3, 1, 0, 0, '', 0, 8, 0, '', '2012-06-06 19:20:53', 'transfer'),
(11010, 941, 1, 'average', 1074, 'Merlin', '3643', 994, 'Alistair Glen', 'Moira Glen', NULL, 2, 0, 0, 0, 'DNF', 0, 13, 0, '', '2012-06-06 19:20:53', 'transfer'),
(11011, 941, 4, 'average', 341, 'Dart 18', '6788', 800, 'Ben Neild', 'Gibson', NULL, 0, 0, 0, 0, 'DNS', 0, 3, 0, '', '2012-06-06 19:20:53', 'transfer'),
(11012, 941, 2, 'average', 1055, 'Topper', '29949', 1297, 'Rodhri Williams', '', NULL, 0, 0, 0, 0, 'DNS', 0, 12, 0, '', '2012-06-06 19:20:53', 'transfer'),
(11013, 941, 2, 'average', 792, 'RS Vision', '240', 1085, 'Mark Whalley', 'Brian Mcdougall', NULL, 0, 0, 0, 0, 'OOD', 0, 999, 0, '', '2012-06-06 19:20:53', 'transfer'),
(11014, 941, 1, 'average', 10, 'B14', '762', 864, 'Crispin Taylor', 'Guy Harrill', NULL, 2, 1, 0, 0, 'AVG', 0, 0, 0, '', '2012-06-06 19:20:53', 'transfer'),
(11015, 941, 4, 'average', 24, 'Dart 18', '6959', 800, 'Pete Hartle', '', NULL, 1, 1, 1, 0, 'AVG', 0, 0, 0, '', '2012-06-06 19:20:53', 'transfer'),
(11016, 1052, 0, '', 1158, '29er', '1907', 909, 'Phoebe Graham', 'Rebecca Elkington', NULL, 4, 1, 0, 0, '', 0, 0, 0, '', '2013-12-16 23:11:30', 'transfer'),
(11017, 1052, 0, '', 1158, '29er', '1907', 909, 'Phoebe Graham', 'Rebecca Elkington', NULL, 4, 1, 0, 0, '', 0, 0, 0, '', '2013-12-16 23:14:28', 'transfer'),
(11089, 1062, 0, '', 699, '29er', '408', 909, 'Simon Pryor', 'Michelle', NULL, 4, 0, 0, 0, '', 0, 0, 0, '', '2014-01-26 17:11:37', 'transfer'),
(11334, 1063, 1, 'average', 885, 'Laser', '122192', 1119, 'Craig Williamson', '', NULL, 3, 0, 0, 0, '', 0, 1, 0, '', '2014-02-15 13:45:35', 'transfer'),
(11335, 1063, 2, 'average', 378, 'Dart 18', '7683', 800, 'Jon Miles', 'Bea Miles', NULL, 1, 0, 0, 0, 'DNF', 0, 4, 0, '', '2014-02-15 13:45:35', 'transfer'),
(11336, 1063, 2, 'average', 1172, 'Hurricane SX', '278', 689, 'Graham Buxton-smith', 'Nigel Hingston', NULL, 2, 0, 0, 0, '', 0, 1, 0, '', '2014-02-15 13:45:35', 'transfer'),
(11337, 1063, 1, 'average', 605, 'RS800', '1101', 815, 'Russ Gibbs', 'Simon Pryor', NULL, 3, 0, 0, 0, '', 0, 5, 0, '', '2014-02-15 13:45:35', 'transfer'),
(11338, 1063, 1, 'average', 673, 'Merlin', '3713', 994, 'Steve Harling', 'Eleanor Thomas', NULL, 3, 0, 0, 0, '', 0, 6, 0, '', '2014-02-15 13:45:35', 'transfer'),
(11339, 1063, 1, 'average', 438, 'RS200', '1048', 1055, 'Mark Elkington', 'Rebecca Elkington', NULL, 3, 0, 0, 0, '', 0, 2, 0, '', '2014-02-15 13:45:35', 'transfer'),
(11340, 1063, 2, 'average', 383, 'Hurricane SX', '454', 689, 'John Donovan', 'Tony Avery', NULL, 2, 0, 0, 0, 'OCS', 0, 4, 0, '', '2014-02-15 13:45:35', 'transfer'),
(11341, 1063, 1, 'average', 211, 'RS200', '960', 1055, 'Jayne Johnson', 'Nicki McIlroy', NULL, 3, 0, 0, 0, '', 0, 3, 0, '', '2014-02-15 13:45:35', 'transfer'),
(11342, 1063, 1, 'average', 632, 'Laser', '148667', 1119, 'Chris Southwell', '', NULL, 3, 0, 0, 0, '', 0, 4, 0, '', '2014-02-15 13:45:35', 'transfer'),
(11378, 1064, 2, 'average', 973, 'Merlin', '3713', 994, 'Charlotte Gough', 'Steve Harling', NULL, 3, 0, 0, 0, '', 0, 2, 0, '', '2014-02-27 16:12:02', 'transfer'),
(11379, 1064, 1, 'average', 211, 'RS200', '960', 1055, 'Jayne Johnson', 'Nicki McIlroy', NULL, 2, 0, 0, 0, '', 0, 2, 0, '', '2014-02-27 16:12:02', 'transfer'),
(11380, 1064, 1, 'average', 967, 'B14', '657', 864, 'Meg Baker', 'Mark Pollard', NULL, 2, 0, 0, 0, '', 0, 5, 0, '', '2014-02-27 16:12:02', 'transfer'),
(11381, 1064, 1, 'average', 876, 'RS100 - 8.4', '122', 1003, 'Chris Cunningham', '', NULL, 2, 0, 0, 0, '', 0, 4, 0, '', '2014-02-27 16:12:02', 'transfer'),
(11382, 1064, 1, 'average', 1131, 'RS200', '395', 1055, 'Peter Middleton', '', NULL, 2, 0, 0, 0, '', 0, 2, 0, '', '2014-02-27 16:12:02', 'transfer'),
(11383, 1064, 1, 'average', 1155, 'RS200', '361', 1055, 'Grant Boorer', 'Josh Boorer', NULL, 2, 0, 0, 0, '', 0, 1, 0, '', '2014-02-27 16:12:02', 'transfer'),
(11384, 1064, 2, 'average', 864, 'Hornet', '2108', 973, 'Dan Jacobs', 'Sam Woolner / Matt Mcgrath', NULL, 3, 0, 0, 0, '', 0, 3, 0, '', '2014-02-27 16:12:02', 'transfer'),
(11385, 1064, 2, 'average', 26, 'Hornet', '2154', 973, 'Richard Garry', 'Matt Mcgrath', NULL, 2, 0, 0, 1, '', 0, 4, 0, '', '2014-02-27 16:12:02', 'transfer'),
(11386, 1064, 2, 'average', 817, 'Laser 2 N.s', '9258', 1050, 'Derek Frey', 'Adam Frey', NULL, 3, 0, 0, 0, '', 0, 1, 0, '', '2014-02-27 16:12:02', 'transfer'),
(11387, 1064, 3, 'average', 869, 'Laser', '169031', 1119, 'James Bowman', '', NULL, 1, 0, 0, 0, '', 0, 2, 0, '', '2014-02-27 16:12:02', 'transfer'),
(11388, 1064, 3, 'average', 1113, 'Laser', '172744', 1119, 'Tim Graham', '', NULL, 1, 0, 0, 0, '', 0, 1, 0, '', '2014-02-27 16:12:02', 'transfer'),
(11389, 1064, 3, 'average', 712, 'Laser', '174913', 1119, 'Paul Kelley', '', NULL, 1, 0, 0, 0, '', 0, 3, 0, '', '2014-02-27 16:12:02', 'transfer'),
(11390, 1064, 6, 'average', 342, 'Dart 18', '7424', 800, 'Paul Marshall', 'John Marshall', NULL, 1, 0, 0, 0, '', 0, 1, 0, '', '2014-02-27 16:12:02', 'transfer'),
(11391, 1064, 5, 'average', 72, 'Hurricane 5.9', '384', 697, 'Dave Clayton', 'Dave Wright', NULL, 2, 0, 0, 1, '', 0, 1, 0, '', '2014-02-27 16:12:02', 'transfer'),
(11392, 1064, 5, 'average', 1172, 'Hurricane SX', '278', 689, 'Graham Buxton-smith', 'Nigel Hingston', NULL, 2, 0, 0, 1, '', 0, 2, 0, '', '2014-02-27 16:12:02', 'transfer'),
(11420, 1057, 1, 'pursuit', 438, 'RS200', '1048', 1055, 'Mark Elkington', 'Rebecca Elkington', NULL, 3, 0, 0, 0, '', 0, 4, 0, '', '2014-03-09 23:00:49', 'transfer'),
(11421, 1057, 1, 'pursuit', 605, 'RS800', '1101', 815, 'Russ Gibbs', 'Simon Pryor', NULL, 3, 0, 0, 0, '', 0, 7, 0, '', '2014-03-09 23:00:49', 'transfer'),
(11422, 1057, 1, 'pursuit', 40, 'RS400', '411', 949, 'Richard Cain', 'Barney Donkey', NULL, 3, 0, 0, 0, '', 0, 9, 0, '', '2014-03-09 23:00:49', 'transfer'),
(11423, 1057, 1, 'pursuit', 787, 'B14', '631', 864, 'Michael Commander', 'Andrew Commander', NULL, 3, 0, 0, 0, '', 0, 1, 0, '', '2014-03-09 23:00:49', 'transfer'),
(11424, 1057, 1, 'pursuit', 9, 'B14', '764', 864, 'Tony Blackmore', 'Char Jones', NULL, 3, 0, 0, 0, '', 0, 11, 0, '', '2014-03-09 23:00:49', 'transfer'),
(11425, 1057, 1, 'pursuit', 1125, 'D-one', '105', 971, 'Andy Couch', '', NULL, 2, 0, 0, 0, '', 0, 13, 0, '', '2014-03-09 23:00:49', 'transfer'),
(11426, 1057, 1, 'pursuit', 1106, 'Fireball', '14430', 975, 'Hannah Showell', 'Barry Smith', NULL, 3, 0, 0, 0, '', 0, 2, 0, '', '2014-03-09 23:00:49', 'transfer'),
(11427, 1057, 1, 'pursuit', 726, 'Laser', '77778', 1119, 'Nishok Love', '', NULL, 2, 0, 0, 0, '', 0, 15, 0, '', '2014-03-09 23:00:49', 'transfer'),
(11428, 1057, 1, 'pursuit', 741, 'Laser', '157602', 1119, 'David Higgs', '', NULL, 2, 0, 0, 0, '', 0, 14, 0, '', '2014-03-09 23:00:49', 'transfer'),
(11429, 1057, 1, 'pursuit', 708, 'Laser 4.7', '186020', 1190, 'Will Greenslade', '', NULL, 0, 0, 0, 0, 'DNS', 0, 20, 0, '', '2014-03-09 23:00:49', 'transfer'),
(11430, 1057, 1, 'pursuit', 973, 'Merlin', '3713', 994, 'Charlotte Gough', 'Steve Harling', NULL, 2, 0, 0, 0, '', 0, 12, 0, '', '2014-03-09 23:00:49', 'transfer'),
(11431, 1057, 1, 'pursuit', 28, 'Merlin', '3628', 994, 'Robin Charles', 'Liz Charles', NULL, 2, 0, 0, 0, 'DNF', 0, 20, 0, '', '2014-03-09 23:00:49', 'transfer'),
(11432, 1057, 1, 'pursuit', 1086, 'Osprey', '1349', 940, 'Mark Weston', 'Simon Hawkes', NULL, 2, 0, 0, 0, '', 0, 16, 0, '', '2014-03-09 23:00:49', 'transfer'),
(11433, 1057, 1, 'pursuit', 1091, 'RS Vision', '355', 1085, 'Martyn Stubbs', 'Yvonne Smith', NULL, 2, 0, 0, 0, '', 0, 17, 0, '', '2014-03-09 23:00:49', 'transfer'),
(11434, 1057, 1, 'pursuit', 1155, 'RS200', '361', 1055, 'Grant Boorer', 'Josh Boorer', NULL, 3, 0, 0, 0, '', 0, 10, 0, '', '2014-03-09 23:00:49', 'transfer'),
(11435, 1057, 1, 'pursuit', 1131, 'RS200', '395', 1055, 'Peter Middleton', '', NULL, 3, 0, 0, 0, '', 0, 3, 0, '', '2014-03-09 23:00:49', 'transfer'),
(11436, 1057, 1, 'pursuit', 1076, 'Streaker', '1617', 1167, 'Jayne Johnson', '', NULL, 3, 0, 0, 0, '', 0, 5, 0, '', '2014-03-09 23:00:49', 'transfer'),
(11437, 1057, 1, 'pursuit', 1138, 'Solo', '4426', 1158, 'Kim Vasey', '', NULL, 3, 0, 0, 0, '', 0, 6, 0, '', '2014-03-09 23:00:49', 'transfer');
INSERT INTO `t_result` (`id`, `eventid`, `fleet`, `race_type`, `competitorid`, `class`, `sailnum`, `pn`, `helm`, `crew`, `club`, `lap`, `etime`, `ctime`, `atime`, `code`, `penalty`, `points`, `declaration`, `note`, `upddate`, `updby`) VALUES
(11438, 1057, 1, 'pursuit', 779, 'Topper', '16653', 1297, 'Charlie Butler', '', NULL, 3, 0, 0, 0, '', 0, 8, 0, '', '2014-03-09 23:00:49', 'transfer'),
(19456, 902, 5, '', 672, 'Hurricane SX', '457', 698, 'Mike Arstall', 'Eamon Tyrell', 'Starcross YC', 0, 0, 0, 0, 'OOD', 0, 999, 0, '', '2015-08-08 14:05:37', 'published'),
(19452, 902, 5, '', 378, 'Dart 18', '7683', 846, 'Jon Miles', 'Bea Miles', 'Starcross YC', 2, 3164, 1870, 0, '', 0, 4, 0, '', '2015-08-08 14:05:37', 'published'),
(19453, 902, 5, '', 1312, 'Dart 18', '7431', 846, 'Will Mcgrath', '', 'Starcross YC', 2, 3167, 1872, 0, '', 0, 5, 0, '', '2015-08-08 14:05:37', 'published'),
(19454, 902, 5, '', 341, 'Dart 18', '6788', 846, 'Ben Neild', 'Gibson', 'Starcross YC', 1, 2803, 3313, 0, 'DNF', 0, 8, 0, '', '2015-08-08 14:05:37', 'published'),
(19455, 902, 5, '', 1316, 'Dart 18', '7663', 846, 'Liam Mcgrath', 'Sue Mcgrath', 'Starcross YC', 1, 2540, 3002, 0, 'DNF', 0, 8, 0, '', '2015-08-08 14:05:37', 'published'),
(19450, 902, 5, '', 1172, 'Hurricane SX', '278', 698, 'Graham Buxton-smith', 'Alex Hawkes', 'Starcross YC', 2, 2332, 1670, 0, '', 0, 2, 0, '', '2015-08-08 14:05:37', 'published'),
(19451, 902, 5, '', 17, 'Dart 18', '6886', 846, 'Jim Carter', 'Jonathan Gosling', 'Starcross YC', 2, 3120, 1844, 0, '', 0, 3, 0, '', '2015-08-08 14:05:37', 'published'),
(19449, 902, 5, '', 69, 'Hurricane SX', '416', 698, 'Doug Smith', 'Jamie King', 'Starcross YC', 2, 2124, 1521, 0, '', 0, 1, 0, '', '2015-08-08 14:05:37', 'published'),
(19448, 902, 3, 'average', 1077, 'Laser', '202202', 1112, 'Paul Kelley', '', 'Starcross YC', 1, 1611, 1449, 0, 'DNF', 0, 10, 0, '', '2015-08-08 14:05:37', 'published'),
(19447, 902, 3, 'average', 1183, 'Laser Radial', '202204', 1140, 'Greg Bartlett', '', 'Starcross YC', 0, 0, 0, 0, 'DNF', 0, 10, 0, '', '2015-08-08 14:05:37', 'published'),
(19446, 902, 3, 'average', 867, 'Laser Radial', '164572', 1140, 'Jonathan Newall', '', 'Starcross YC', 1, 3831, 3361, 0, '', 0, 6, 0, '', '2015-08-08 14:05:37', 'published'),
(19445, 902, 3, 'average', 1305, 'Laser', '81079', 1112, 'Luke Rutley', '', 'Starcross YC', 1, 3206, 2883, 0, '', 0, 5, 0, '', '2015-08-08 14:05:37', 'published'),
(19444, 902, 3, 'average', 1221, 'Laser Radial', '184736', 1140, 'Alec Gladstone', '', 'Starcross YC', 1, 2161, 1896, 0, '', 0, 4, 0, '', '2015-08-08 14:05:37', 'published'),
(19443, 902, 3, 'average', 580, 'Laser Radial', '189326', 1140, 'Robin Jones', '', 'Starcross YC', 1, 2053, 1801, 0, '', 0, 3, 0, '', '2015-08-08 14:05:37', 'published'),
(19442, 902, 3, 'average', 1277, 'Laser', '203299', 1112, 'Paul Bartlett', '', 'Starcross YC', 2, 1631, 1467, 0, '', 0, 2, 0, '', '2015-08-08 14:05:37', 'published'),
(19441, 902, 3, 'average', 950, 'Laser Radial', '174693', 1140, 'Roger Williams', '', 'Starcross YC', 1, 1652, 1449, 0, '', 0, 1, 0, '', '2015-08-08 14:05:37', 'published'),
(19440, 902, 2, 'average', 1222, 'Laser Vago', '617', 1060, 'Wilf OKeefe', '', 'Starcross YC', 0, 0, 0, 0, 'DNF', 0, 14, 0, '', '2015-08-08 14:05:37', 'published'),
(19439, 902, 2, 'average', 1325, 'Merlin', '3597', 991, 'Michael Webster', 'Nicholas Barker', 'Starcross YC', 1, 3699, 3733, 0, '', 0, 12, 0, '', '2015-08-08 14:05:37', 'published'),
(19438, 902, 2, 'average', 376, 'Hornet', '2165', 969, 'Andy Hohl', 'Philippa Greenslade', 'Starcross YC', 2, 1614, 1666, 0, '', 0, 11, 0, '', '2015-08-08 14:05:37', 'published'),
(19437, 902, 2, 'average', 386, 'Finn', '99', 1062, 'David Kingdon', '', 'Starcross YC', 1, 1746, 1644, 0, '', 0, 9, 0, '', '2015-08-08 14:05:37', 'published'),
(19436, 902, 2, 'average', 30, 'Merlin', '3576', 991, 'Vyv Game', 'Mike Tucket', 'Starcross YC', 2, 1603, 1618, 0, '', 0, 8, 0, '', '2015-08-08 14:05:37', 'published'),
(19435, 902, 2, 'average', 673, 'Merlin', '3713', 991, 'Steve Harling', 'Eleanor Thomas', 'Starcross YC', 2, 1515, 1529, 0, '', 0, 7, 0, '', '2015-08-08 14:05:37', 'published'),
(19434, 902, 2, 'average', 159, 'Finn', '603', 1062, 'Grant Simmons', '', 'Starcross YC', 2, 1544, 1454, 0, '', 0, 6, 0, '', '2015-08-08 14:05:37', 'published'),
(19433, 902, 2, 'average', 1317, 'Merlin', '3566', 991, 'James Wells', 'Liz Wells', 'Starcross YC', 2, 1334, 1346, 0, '', 0, 5, 0, '', '2015-08-08 14:05:37', 'published'),
(19432, 902, 2, 'average', 345, 'Merlin', '3711', 991, 'Dave Lee', 'Juliet Pealing', 'Starcross YC', 2, 1303, 1315, 0, '', 0, 4, 0, '', '2015-08-08 14:05:37', 'published'),
(19431, 902, 2, 'average', 425, 'Merlin', '3580', 991, 'Mike Mackie', 'Clare Knight', 'Starcross YC', 2, 1248, 1259, 0, '', 0, 3, 0, '', '2015-08-08 14:05:37', 'published'),
(19430, 902, 2, 'average', 1324, 'Hornet', '2108', 969, 'Dick Garry', 'Sam Woolner', 'Starcross YC', 2, 1199, 1237, 0, '', 0, 2, 0, '', '2015-08-08 14:05:37', 'published'),
(19429, 902, 2, 'average', 1213, 'Merlin', '3656', 991, 'Olly Turner', 'Alice Markham', 'Starcross YC', 2, 1221, 1232, 0, '', 0, 1, 0, '', '2015-08-08 14:05:37', 'published'),
(19428, 902, 1, 'average', 1148, 'B14', '777', 999, 'Mark Pollard', 'mark', 'Starcross YC', 2, 5600, 1554, 0, 'RET', 0, 40, 0, '', '2015-08-08 14:05:37', 'published'),
(19427, 902, 1, 'average', 1309, 'RS100 - 8.4', '458', 1003, 'Edward Venmore', '', 'Starcross YC', 1, 1940, 1934, 0, '', 0, 12, 0, '', '2015-08-08 14:05:37', 'published'),
(19426, 902, 1, 'average', 876, 'RS100 - 8.4', '421', 1003, 'Chris Cunningham', '', 'Starcross YC', 2, 3086, 1538, 0, '', 0, 9, 0, '', '2015-08-08 14:05:37', 'published'),
(19425, 902, 1, 'average', 1154, 'RS100 - 8.4', '268', 1003, 'Simon Greenslade', '', 'Starcross YC', 2, 123, 1447, 0, '', 0, 4, 0, '', '2015-08-08 14:05:37', 'published'),
(19424, 902, 1, 'average', 878, 'RS400', '1264', 946, 'Olly Greenslade', 'Andrew Gladstone', 'Starcross YC', 2, 2620, 1385, 0, '', 0, 3, 1, '', '2015-08-08 14:05:37', 'published'),
(19423, 902, 1, 'average', 605, 'RS800', '1101', 815, 'Russ Gibbs', 'Meg Baker', 'Starcross YC', 2, 2158, 1324, 0, 'DNF', 0, 2, 0, '', '2015-08-08 14:05:37', 'published'),
(19422, 902, 1, 'average', 40, 'RS400', '411', 946, 'Richard Cain', 'Barney Dearsly', 'Starcross YC', 2, 2269, 1199, 0, '', 0, 1, 0, '', '2015-08-08 14:05:37', 'published'),
(19421, 902, 1, 'average', 3, 'Hurricane SX', '454', 690, 'John Donovan', 'Nigel Hingston', 'Starcross YC', 0, 0, 0, 0, '', 0, 0, 0, '', '2015-08-08 14:05:37', 'published'),
(19420, 902, 1, 'average', 2, 'Enterprise', '1477', 1130, 'Dan Bridger', 'Jayne Morris', 'Salcombe YC', 0, 0, 0, 0, '', 0, 0, 0, '', '2015-08-08 14:05:37', 'published'),
(19419, 902, 1, 'average', 1, 'RS200', '1477', 1055, 'Mark Elkington', 'Robbie Elkington', 'Starcross YC', 0, 0, 0, 0, '', 0, 0, 0, '', '2015-08-08 14:05:37', 'published');

--
-- Dumping data for table `t_resultfile`
--

INSERT INTO `t_resultfile` (`id`, `eventid`, `result_type`, `result_format`, `result_path`, `result_notes`, `result_status`, `upddate`) VALUES
(1, 902, 'race', '', 'http://www.starcrossyc.org.uk/race_results/Spring1-CS-20120401-902-1.htm', '', 'final', '2012-04-01 13:33:55'),
(2, 902, 'series', '', 'http://www.starcrossyc.org.uk/race_results/series/SPRING12.htm', '', 'final', '2012-04-01 13:33:55'),
(3, 902, 'race', 'csv', 'http://www.starcrossyc.org.uk/race_results/Spring1-20120401-902-1.csv', '', 'final', '2012-04-01 13:33:55'),
(4, 903, 'race', '', 'http://www.starcrossyc.org.uk/race_results/Spring2-CS-20120401-903-2.htm', '', 'final', '2012-04-01 15:40:33'),
(5, 903, 'series', '', 'http://www.starcrossyc.org.uk/race_results/series/SPRING12.htm', '', 'final', '2012-04-01 15:40:33'),
(6, 903, 'race', 'csv', 'http://www.starcrossyc.org.uk/race_results/Spring2-20120401-903-2.csv', '', 'final', '2012-04-01 15:40:33'),
(7, 904, 'race', '', 'http://www.starcrossyc.org.uk/race_results/Evening1-HS-20120404-904-1.htm', '', 'final', '2012-04-04 18:47:04'),
(8, 904, 'series', '', 'http://www.starcrossyc.org.uk/race_results/series/EVENING12.htm', '', 'final', '2012-04-04 18:47:04'),
(9, 904, 'race', 'csv', 'http://www.starcrossyc.org.uk/race_results/Evening1-20120404-904-1.csv', '', 'final', '2012-04-04 18:47:04'),
(10, 907, 'race', '', 'http://www.starcrossyc.org.uk/race_results/Easter1-TR-20120408-907-1.htm', '', 'final', '2012-04-08 17:53:55'),
(11, 907, 'series', '', 'http://www.starcrossyc.org.uk/race_results/series/EASTER12.htm', '', 'final', '2012-04-08 17:53:55'),
(12, 907, 'race', 'csv', 'http://www.starcrossyc.org.uk/race_results/Easter1-20120408-907-1.csv', '', 'final', '2012-04-08 17:53:55'),
(13, 908, 'race', '', 'http://www.starcrossyc.org.uk/race_results/Easter2-TR-20120409-908-2.htm', '', 'final', '2012-04-09 10:02:12'),
(14, 908, 'series', '', 'http://www.starcrossyc.org.uk/race_results/series/EASTER12.htm', '', 'final', '2012-04-09 10:02:12'),
(15, 908, 'race', 'csv', 'http://www.starcrossyc.org.uk/race_results/Easter2-20120409-908-2.csv', '', 'final', '2012-04-09 10:02:12'),
(16, 909, 'race', '', 'http://www.starcrossyc.org.uk/race_results/Easter3-TR-20120409-909-3.htm', '', 'final', '2012-04-09 11:42:02'),
(17, 909, 'series', '', 'http://www.starcrossyc.org.uk/race_results/series/EASTER12.htm', '', 'final', '2012-04-09 11:42:02'),
(18, 909, 'race', 'csv', 'http://www.starcrossyc.org.uk/race_results/Easter3-20120409-909-3.csv', '', 'final', '2012-04-09 11:42:02'),
(19, 913, 'race', '', 'http://www.starcrossyc.org.uk/race_results/KathleenDebutantBuxtonBelle1-TR-20120415-913-1.htm', '', 'final', '2012-04-17 09:30:05'),
(20, 913, 'series', '', 'http://www.starcrossyc.org.uk/race_results/series/KATHLEEN12.htm', '', 'final', '2012-04-17 09:30:05'),
(21, 913, 'race', 'csv', 'http://www.starcrossyc.org.uk/race_results/KathleenDebutantBuxtonBelle1-20120415-913-1.csv', '', 'final', '2012-04-17 09:30:05'),
(22, 914, 'race', '', 'http://www.starcrossyc.org.uk/race_results/Evening2-HS-20120418-914-2.htm', '', 'final', '2012-04-18 19:12:00'),
(23, 914, 'series', '', 'http://www.starcrossyc.org.uk/race_results/series/EVENING12.htm', '', 'final', '2012-04-18 19:12:00'),
(24, 914, 'race', 'csv', 'http://www.starcrossyc.org.uk/race_results/Evening2-20120418-914-2.csv', '', 'final', '2012-04-18 19:12:00'),
(25, 916, 'race', '', 'http://www.starcrossyc.org.uk/race_results/Spring3-CS-20120422-916-3.htm', '', 'final', '2012-04-22 10:41:58'),
(26, 916, 'series', '', 'http://www.starcrossyc.org.uk/race_results/series/SPRING12.htm', '', 'final', '2012-04-22 10:41:58'),
(27, 916, 'race', 'csv', 'http://www.starcrossyc.org.uk/race_results/Spring3-20120422-916-3.csv', '', 'final', '2012-04-22 10:41:58'),
(28, 917, 'race', '', 'http://www.starcrossyc.org.uk/race_results/Evening3-HS-20120425-917-3.htm', '', 'final', '2012-04-25 19:09:54'),
(29, 917, 'series', '', 'http://www.starcrossyc.org.uk/race_results/series/EVENING12.htm', '', 'final', '2012-04-25 19:09:54'),
(30, 917, 'race', 'csv', 'http://www.starcrossyc.org.uk/race_results/Evening3-20120425-917-3.csv', '', 'final', '2012-04-25 19:09:54'),
(31, 923, 'race', '', 'http://www.starcrossyc.org.uk/race_results/Spring4-CS-20120506-923-4.htm', '', 'final', '2012-05-06 18:16:34'),
(32, 923, 'series', '', 'http://www.starcrossyc.org.uk/race_results/series/SPRING12.htm', '', 'final', '2012-05-06 18:16:34'),
(33, 923, 'race', 'csv', 'http://www.starcrossyc.org.uk/race_results/Spring4-20120506-923-4.csv', '', 'final', '2012-05-06 18:16:34'),
(34, 925, 'race', '', 'http://www.starcrossyc.org.uk/race_results/Evening4-HS-20120509-925-4.htm', '', 'final', '2012-05-09 21:56:21'),
(35, 925, 'series', '', 'http://www.starcrossyc.org.uk/race_results/series/EVENING12.htm', '', 'final', '2012-05-09 21:56:21'),
(36, 925, 'race', 'csv', 'http://www.starcrossyc.org.uk/race_results/Evening4-20120509-925-4.csv', '', 'final', '2012-05-09 21:56:21'),
(37, 928, 'race', '', 'http://www.starcrossyc.org.uk/race_results/KathleenDebutantBuxtonBelle2-TR-20120513-928-2.htm', '', 'final', '2012-05-13 13:01:25'),
(38, 928, 'series', '', 'http://www.starcrossyc.org.uk/race_results/series/KATHLEEN12.htm', '', 'final', '2012-05-13 13:01:25'),
(39, 928, 'race', 'csv', 'http://www.starcrossyc.org.uk/race_results/KathleenDebutantBuxtonBelle2-20120513-928-2.csv', '', 'final', '2012-05-13 13:01:25'),
(40, 929, 'race', '', 'http://www.starcrossyc.org.uk/race_results/Spring5-CS-20120513-929-5.htm', '', 'final', '2012-05-13 17:59:06'),
(41, 929, 'series', '', 'http://www.starcrossyc.org.uk/race_results/series/SPRING12.htm', '', 'final', '2012-05-13 17:59:06'),
(42, 929, 'race', 'csv', 'http://www.starcrossyc.org.uk/race_results/Spring5-20120513-929-5.csv', '', 'final', '2012-05-13 17:59:06'),
(43, 930, 'race', '', 'http://www.starcrossyc.org.uk/race_results/Evening5-HS-20120516-930-5.htm', '', 'final', '2012-05-16 19:49:46'),
(44, 930, 'series', '', 'http://www.starcrossyc.org.uk/race_results/series/EVENING12.htm', '', 'final', '2012-05-16 19:49:46'),
(45, 930, 'race', 'csv', 'http://www.starcrossyc.org.uk/race_results/Evening5-20120516-930-5.csv', '', 'final', '2012-05-16 19:49:46'),
(46, 932, 'race', '', 'http://www.starcrossyc.org.uk/race_results/Spring6-CS-20120520-932-6.htm', '', 'final', '2012-05-20 18:13:53'),
(47, 932, 'series', '', 'http://www.starcrossyc.org.uk/race_results/series/SPRING12.htm', '', 'final', '2012-05-20 18:13:53'),
(48, 932, 'race', 'csv', 'http://www.starcrossyc.org.uk/race_results/Spring6-20120520-932-6.csv', '', 'final', '2012-05-20 18:13:53'),
(49, 933, 'race', '', 'http://www.starcrossyc.org.uk/race_results/Evening6-HS-20120523-933-6.htm', '', 'final', '2012-05-23 19:10:59'),
(50, 933, 'series', '', 'http://www.starcrossyc.org.uk/race_results/series/EVENING12.htm', '', 'final', '2012-05-23 19:10:59'),
(51, 933, 'race', 'csv', 'http://www.starcrossyc.org.uk/race_results/Evening6-20120523-933-6.csv', '', 'final', '2012-05-23 19:10:59'),
(52, 935, 'race', '', 'http://www.starcrossyc.org.uk/race_results/CrashBoatUpwrightTrophies-TR-20120527-935-0.htm', '', 'final', '2012-05-27 12:27:08'),
(53, 935, 'race', 'csv', 'http://www.starcrossyc.org.uk/race_results/CrashBoatUpwrightTrophies-20120527-935-0.csv', '', 'final', '2012-05-27 12:27:08'),
(54, 936, 'race', '', 'http://www.starcrossyc.org.uk/race_results/Spring7-CS-20120527-936-7.htm', '', 'final', '2012-05-27 12:28:02'),
(55, 936, 'series', '', 'http://www.starcrossyc.org.uk/race_results/series/SPRING12.htm', '', 'final', '2012-05-27 12:28:02'),
(56, 936, 'race', 'csv', 'http://www.starcrossyc.org.uk/race_results/Spring7-20120527-936-7.csv', '', 'final', '2012-05-27 12:28:02'),
(57, 939, 'race', '', 'http://www.starcrossyc.org.uk/race_results/PatrickKelleyPursuit-PR-20120604-939-0.htm', '', 'final', '2012-06-04 18:55:00'),
(58, 939, 'race', 'csv', 'http://www.starcrossyc.org.uk/race_results/PatrickKelleyPursuit-20120604-939-0.csv', '', 'final', '2012-06-04 18:55:00'),
(59, 940, 'race', '', 'http://www.starcrossyc.org.uk/race_results/SimonDunsfordTrophy-TR-20120604-940-0.htm', '', 'final', '2012-06-04 18:52:43'),
(60, 940, 'race', 'csv', 'http://www.starcrossyc.org.uk/race_results/SimonDunsfordTrophy-20120604-940-0.csv', '', 'final', '2012-06-04 18:52:43'),
(61, 941, 'race', '', 'http://www.starcrossyc.org.uk/race_results/Evening7-HS-20120606-941-7.htm', '', 'final', '2012-06-06 19:21:54'),
(62, 941, 'series', '', 'http://www.starcrossyc.org.uk/race_results/series/EVENING12.htm', '', 'final', '2012-06-06 19:21:54'),
(63, 941, 'race', 'csv', 'http://www.starcrossyc.org.uk/race_results/Evening7-20120606-941-7.csv', '', 'final', '2012-06-06 19:21:54'),
(64, 1057, 'race', '', 'http://myclub.co.uk/race_results/YSPursuit-PR-20140309-1057-.htm', '', 'final', '2014-03-13 13:11:56'),
(65, 1057, 'race', 'csv', 'http://myclub.co.uk/race_results/YSPursuit-20140309-1057-.csv', '', 'final', '2014-03-13 13:11:56'),
(66, 1059, 'series', '', 'HURRICANE12.htm', '', 'final', '2012-06-04 10:46:13'),
(67, 1060, 'series', '', 'HURRICANE12.htm', '', 'final', '2012-06-04 10:48:47'),
(68, 1061, 'series', '', 'HURRICANE12.htm', '', 'final', '2012-06-04 10:50:33'),
(69, 1062, 'race', '', 'http://www.starcrossyc.org.uk/race_results/DeadHeatTest1-TR-20140113-1062-1.htm', '', 'final', '2014-02-12 12:23:17'),
(70, 1062, 'race', 'csv', 'http://www.starcrossyc.org.uk/race_results/DeadHeatTest1-20140113-1062-1.csv', '', 'final', '2014-02-12 12:23:17'),
(71, 1063, 'race', '', 'http://www.starcrossyc.org.uk/race_results/SYCTrophyRace-TR-20140215-1063-0.htm', '', 'final', '2014-02-15 13:47:02'),
(72, 1063, 'race', 'csv', 'http://www.starcrossyc.org.uk/race_results/SYCTrophyRace-20140215-1063-0.csv', '', 'final', '2014-02-15 13:47:02'),
(73, 1065, 'race', '', 'http://myclub.co.uk/race_results/TESTRACE-tt-20140306-1065-0.htm', '', 'final', '2014-03-17 21:40:04'),
(74, 1065, 'race', 'csv', 'http://myclub.co.uk/race_results/TESTRACE-20140306-1065-0.csv', '', 'final', '2014-03-17 21:40:04'),
(75, 1066, 'series', '', 'SUMMER12.htm', '', 'final', '2014-03-17 22:06:27'),
(76, 902, 'race', 'htm', '21', '', 'final', '2015-07-23 19:40:21'),
(77, 902, 'race', 'htm', '21', '', 'final', '2015-07-23 19:42:37'),
(78, 902, 'race', 'htm', 'C://xampp/htdocs/pegasus/results/DEMOSpring-HS-20150723-902.htm', '', 'final', '2015-07-23 19:47:50'),
(79, 902, 'race', 'htm', 'C://xampp/htdocs/pegasus/results/DEMOSpring-HS-20150723-902.htm', '', 'final', '2015-07-23 19:49:10'),
(80, 902, 'race', 'htm', 'C://xampp/htdocs/pegasus/results/DEMOSpring-HS-20150723-902.htm', '', 'final', '2015-07-23 19:50:27'),
(81, 902, 'race', 'htm', 'C://xampp/htdocs/pegasus/results/DEMOSpring-HS-20150723-902.htm', '', 'final', '2015-07-23 19:52:25'),
(82, 902, 'race', 'htm', 'C://xampp/htdocs/pegasus/results/DEMOSpring-HS-20150723-902.htm', '', 'final', '2015-07-23 19:54:02'),
(83, 902, 'race', 'htm', 'C://xampp/htdocs/pegasus/results/DEMOSpring-HS-20150723-902.htm', '', 'final', '2015-07-23 19:56:07'),
(84, 902, 'race', 'htm', 'C://xampp/htdocs/pegasus/results/DEMOSpring-HS-20150723-902.htm', '', 'final', '2015-07-23 20:00:03'),
(85, 902, 'race', 'htm', 'C://xampp/htdocs/pegasus/results/DEMOSpring-HS-20150723-902.htm', '', 'final', '2015-07-23 20:01:20'),
(86, 902, 'race', 'htm', 'C://xampp/htdocs/pegasus/results/DEMOSpring-HS-20150723-902.htm', '', 'final', '2015-07-23 20:05:34'),
(87, 902, 'race', 'htm', 'http://localhost/pegasus/results/DEMOSpring-HS-20150724-902.htm', '', 'final', '2015-07-24 08:56:41'),
(88, 902, 'race', 'htm', 'http://localhost/pegasus/results/DEMOSpring-HS-20150724-902.htm', '', 'final', '2015-07-24 08:57:33'),
(89, 902, 'race', 'htm', '/DEMOSpring-HS-20150804-902.htm', '', 'final', '2015-08-04 13:00:20'),
(90, 902, 'race', 'htm', '/DEMOSpring-HS-20150804-902.htm', '', 'final', '2015-08-04 16:06:18'),
(91, 902, 'race', 'htm', '/DEMOSpring-HS-20150804-902.htm', '', 'final', '2015-08-04 16:09:00'),
(92, 902, 'race', 'htm', '/DEMOSpring-HS-20150804-902.htm', '', 'final', '2015-08-04 16:13:34'),
(93, 902, 'race', 'htm', '/DEMOSpring-HS-20150804-902.htm', '', 'final', '2015-08-04 16:14:16'),
(94, 902, 'race', 'htm', '/DEMOSpring-HS-20150804-902.htm', '', 'final', '2015-08-04 16:16:39'),
(95, 902, 'race', 'htm', '/DEMOSpring-HS-20150804-902.htm', '', 'final', '2015-08-04 16:19:10'),
(96, 902, 'race', 'htm', '/DEMOSpring-HS-20150804-902.htm', '', 'final', '2015-08-04 16:27:25'),
(97, 902, 'race', 'htm', '/DEMOSpring-HS-20150804-902.htm', '', 'final', '2015-08-04 16:28:06'),
(98, 902, 'race', 'htm', '/DEMOSpring-HS-20150804-902.htm', '', 'final', '2015-08-04 16:34:20'),
(99, 902, 'race', 'htm', '/DEMOSpring-HS-20150804-902.htm', '', 'final', '2015-08-04 16:37:11'),
(100, 902, 'race', 'htm', '/DEMOSpring-HS-20150804-902.htm', '', 'final', '2015-08-04 16:40:49'),
(101, 902, 'race', 'htm', '/DEMOSpring-HS-20150804-902.htm', '', 'final', '2015-08-04 16:41:58'),
(102, 902, 'race', 'htm', '/DEMOSpring-HS-20150804-902.htm', '', 'final', '2015-08-04 17:59:22'),
(103, 902, 'race', 'htm', '/DEMOSpring-HS-20150804-902.htm', '', 'final', '2015-08-04 18:02:00'),
(104, 902, 'race', 'htm', '/DEMOSpring-HS-20150804-902.htm', '', 'final', '2015-08-04 18:06:50'),
(105, 902, 'race', 'htm', '/DEMOSpring-HS-20150804-902.htm', '', 'final', '2015-08-04 18:13:23'),
(106, 902, 'race', 'htm', '/DEMOSpring-HS-20150805-902.htm', '', 'final', '2015-08-05 11:27:16'),
(107, 902, 'race', 'htm', '/DEMOSpring-2012-04-01-HS-P20150805-902.htm', '', 'final', '2015-08-05 11:36:23'),
(108, 902, 'race', 'htm', '/DEMOSpring-2012-04-01-HS-P20150805-902.htm', '', 'final', '2015-08-05 12:28:54'),
(109, 902, 'race', 'htm', '/DEMOSpring-2012-04-01-HS-P20150805-902.htm', '', 'final', '2015-08-05 12:29:37'),
(110, 902, 'race', 'htm', '/DEMOSpring-2012-04-01-HS-P20150805-902.htm', '', 'final', '2015-08-05 16:48:43'),
(111, 902, 'race', 'htm', '/DEMOSpring-2012-04-01-HS-P20150805-902.htm', '', 'final', '2015-08-05 16:56:16'),
(112, 902, 'race', 'htm', '/DEMOSpring-2012-04-01-HS-P20150805-902.htm', '', 'final', '2015-08-05 18:24:22'),
(113, 902, 'race', 'htm', '/DEMOSpring-2012-04-01-HS-P20150805-902.htm', '', 'final', '2015-08-05 21:07:46'),
(114, 902, 'race', 'htm', '/DEMOSpring-2012-04-01-HS-P20150805-902.htm', '', 'final', '2015-08-05 21:12:18'),
(115, 902, 'race', 'htm', '/DEMOSpring-2012-04-01-HS-P20150805-902.htm', '', 'final', '2015-08-05 21:16:31'),
(116, 902, 'race', 'htm', '/DEMOSpring-2012-04-01-HS-P20150805-902.htm', '', 'final', '2015-08-05 21:20:16'),
(117, 902, 'race', 'htm', '/DEMOSpring-2012-04-01-HS-P20150805-902.htm', '', 'final', '2015-08-05 21:23:46'),
(118, 902, 'race', 'htm', '/DEMOSpring-2012-04-01-HS-P20150805-902.htm', '', 'final', '2015-08-05 21:25:41'),
(119, 902, 'race', 'htm', '/DEMOSpring-2012-04-01-HS-P20150805-902.htm', '', 'final', '2015-08-05 21:40:31'),
(120, 902, 'race', 'htm', '/DEMOSpring-2012-04-01-HS-P20150805-902.htm', '', 'final', '2015-08-05 21:41:48'),
(121, 902, 'race', 'htm', '/DEMOSpring-2012-04-01-HS-P20150806-902.htm', '', 'final', '2015-08-06 20:26:09'),
(122, 902, 'race', 'htm', '/races/DEMOSpring-2012-04-01-HS-902.htm', '', 'final', '2015-08-07 11:27:25'),
(123, 902, 'race', 'htm', 'http://localhost/pegasus/results/races/DEMOSpring_2012-04-01_HS_902.htm', '', 'final', '2015-08-07 11:34:33'),
(124, 902, 'race', 'htm', 'http://localhost/pegasus/results/races/DEMOSpring_2012-04-01_HS_902.htm', '', 'final', '2015-08-07 11:38:38'),
(125, 902, 'race', 'htm', 'http://localhost/pegasus/results/races/DEMOSpring_2012-04-01_HS_902.htm', '', 'final', '2015-08-07 17:55:02'),
(126, 902, 'race', 'htm', 'http://localhost/pegasus/results/races/DEMOSpring_2012-04-01_HS_902.htm', '', 'final', '2015-08-07 17:55:57'),
(127, 902, 'race', 'htm', 'http://localhost/pegasus/results/races/DEMOSpring_2012-04-01_HS_902.htm', '', 'final', '2015-08-07 17:57:43'),
(128, 902, 'race', 'htm', 'http://localhost/pegasus/results/races/DEMOSpring_2012-04-01_HS_902.htm', '', 'final', '2015-08-07 18:00:01'),
(129, 902, 'race', 'htm', 'http://localhost/pegasus/results/races/DEMOSpring_2012-04-01_HS_902.htm', '', 'final', '2015-08-07 18:03:52'),
(130, 902, 'race', 'htm', 'http://localhost/pegasus/results/races/DEMOSpring_2012-04-01_HS_902.htm', '', 'final', '2015-08-07 18:10:49'),
(131, 902, 'race', 'htm', 'http://localhost/pegasus/results/races/DEMOSpring_2012-04-01_HS_902.htm', '', 'final', '2015-08-07 18:12:47'),
(132, 902, 'race', 'htm', 'http://localhost/pegasus/results/races/DEMOSpring_2012-04-01_HS_902.htm', '', 'final', '2015-08-07 18:14:41'),
(133, 902, 'race', 'htm', 'http://localhost/pegasus/results/races/DEMOSpring_2012-04-01_HS_902.htm', '', 'final', '2015-08-07 18:16:35'),
(134, 902, 'race', 'htm', 'http://localhost/pegasus/results/races/DEMOSpring_2012-04-01_HS_902.htm', '', 'final', '2015-08-07 18:18:56'),
(135, 902, 'race', 'htm', 'http://localhost/pegasus/results/races/DEMOSpring_2012-04-01_HS_902.htm', '', 'final', '2015-08-07 18:20:09'),
(136, 902, 'race', 'htm', 'http://localhost/pegasus/results/races/DEMOSpring_2012-04-01_HS_902.htm', '', 'final', '2015-08-07 18:21:06'),
(137, 902, 'race', 'htm', 'http://localhost/pegasus/results/races/DEMOSpring_2012-04-01_HS_902.htm', '', 'final', '2015-08-07 18:22:52'),
(138, 902, 'race', 'htm', 'http://localhost/pegasus/results/races/DEMOSpring_2012-04-01_HS_902.htm', '', 'final', '2015-08-07 18:26:49'),
(139, 902, 'race', 'htm', 'http://localhost/pegasus/results/races/DEMOSpring_2012-04-01_HS_902.htm', '', 'final', '2015-08-07 18:51:34'),
(140, 902, 'race', 'htm', 'http://localhost/pegasus/results/races/DEMOSpring_2012-04-01_HS_902.htm', '', 'final', '2015-08-07 18:52:58'),
(141, 902, 'race', 'htm', 'http://localhost/pegasus/results/races/DEMOSpring_2012-04-01_HS_902.htm', '', 'final', '2015-08-08 13:58:38'),
(142, 902, 'race', 'htm', 'http://localhost/pegasus/results/races/DEMOSpring_2012-04-01_HS_902.htm', '', 'final', '2015-08-08 13:59:34'),
(143, 902, 'race', 'htm', 'http://localhost/pegasus/results/races/DEMOSpring_2012-04-01_HS_902.htm', '', 'final', '2015-08-08 14:02:08'),
(144, 902, 'race', 'htm', 'http://localhost/pegasus/results/races/DEMOSpring_2012-04-01_HS_902.htm', '', 'final', '2015-08-08 14:02:47'),
(145, 902, 'race', 'htm', 'http://localhost/pegasus/results/races/DEMOSpring_2012-04-01_HS_902.htm', '', 'final', '2015-08-08 14:04:54'),
(146, 902, 'race', 'htm', 'http://localhost/pegasus/results/races/DEMOSpring_2012-04-01_HS_902.htm', '', 'final', '2015-08-08 14:05:39');

--
-- Dumping data for table `t_series`
--

INSERT INTO `t_series` (`id`, `seriescode`, `seriesname`, `seriestype`, `startdate`, `enddate`, `classresults`, `notes`, `active`, `upddate`, `updby`) VALUES
(55, 'SPRING', 'Spring Series', 2, '2012-04-01', '2012-06-01', 'Merlin', '', 1, '2015-05-16 16:04:14', 'transfer'),
(64, 'EVENING', 'Evening Series', 2, '2012-04-01', '2012-09-20', 'Merlin,Hornet,RS400,RS100 - 8.4', '', 1, '2015-05-16 16:04:22', 'transfer'),
(57, 'EASTER', 'Easter Series', 3, '2012-03-01', '2012-04-30', '', '', 1, '2015-05-16 16:04:27', 'transfer'),
(58, 'KATHLEEN12', 'Kathleen Series', 3, '2012-04-12', '2012-09-02', '', 'Overall result contributes to Sailsport trophy.', 1, '2015-05-16 16:04:35', 'transfer'),
(70, 'HURRICANE12', 'Hurricane Open', 3, '2012-06-09', '2012-06-10', '', 'one-off series for Huricane Open', 0, '2015-05-16 16:04:39', 'transfer'),
(59, 'COMMITTEEA14', 'Committee Series A', 3, '2014-07-10', '2014-09-10', 'Merlin', 'No discard', 1, '2015-05-16 16:04:45', 'transfer'),
(63, 'SUMMER', 'Summer Series', 2, '2012-06-01', '2012-10-01', 'Merlin', '', 1, '2015-05-16 16:04:50', 'transfer'),
(60, 'COMMITTEEB12', 'Committee Series B', 3, '2012-08-26', '2012-08-26', 'Merlin', 'No discard', 0, '2015-05-16 16:04:53', 'transfer'),
(61, 'COMMITTEEC12', 'Committee Series C', 3, '2012-09-09', '2012-09-09', 'Merlin', 'No discard', 0, '2015-05-16 16:05:00', 'admin'),
(62, 'COMMITTEED12', 'Committee Series D', 3, '2012-09-23', '2012-09-23', 'Merlin', 'No discard', 0, '2015-05-16 16:05:17', 'transfer'),
(65, 'AUTUMN', 'Autumn Series', 2, '2014-10-01', '2014-12-25', 'Merlin', '', 1, '2015-05-16 16:05:20', 'transfer'),
(66, 'HUMBUG', 'Humbug Series', 3, '2012-12-20', '2013-01-14', '', '', 1, '2015-05-16 16:05:26', 'transfer'),
(72, 'FROSTBITE', 'Frostbite Series', 0, '2014-01-01', '2014-04-01', 'Merlin', '', 1, '2014-06-17 16:20:17', 'transfer');

--
-- Dumping data for table `z_classcfg`
--

INSERT INTO `z_classcfg` (`id`, `classid`, `eventid`, `startnum`, `racenum`, `userating`, `lapdelta`) VALUES
(619630, 4, 15, 1, 1, 1, NULL),
(619629, 4, 14, 1, 1, 1, NULL),
(619628, 4, 13, 1, 1, 1, NULL),
(619662, 8, 15, 2, 2, 1, NULL),
(620390, 78, 15, 2, 2, 1, NULL),
(619926, 35, 15, 2, 2, 1, NULL),
(620222, 59, 15, 1, 1, 1, NULL),
(620214, 58, 15, 2, 2, 1, NULL),
(619806, 26, 15, 2, 2, 1, NULL),
(620286, 68, 15, 2, 2, 1, NULL),
(619758, 18, 15, 2, 2, 1, NULL),
(620038, 39, 15, 3, 3, 1, NULL),
(619925, 35, 14, 1, 1, 1, NULL),
(619958, 1025, 15, 2, 2, 1, NULL),
(619710, 91, 15, 2, 2, 1, NULL),
(620198, 1030, 15, 1, 1, 1, NULL),
(619670, 9, 15, 1, 1, 1, NULL),
(619982, 40, 15, 3, 3, 1, NULL),
(619678, 10, 15, 2, 2, 1, NULL),
(619661, 8, 14, 1, 1, 1, NULL),
(620221, 59, 14, 1, 1, 1, NULL),
(619669, 9, 14, 1, 1, 1, NULL),
(619686, 1034, 15, 1, 1, 1, NULL),
(620206, 57, 15, 1, 1, 1, NULL),
(620382, 77, 15, 2, 2, 1, NULL),
(620014, 137, 15, 2, 2, 1, NULL),
(620381, 77, 14, 1, 1, 1, NULL),
(620366, 1015, 15, 1, 1, 1, NULL),
(620334, 72, 15, 2, 2, 1, NULL),
(619966, 43, 15, 2, 2, 1, NULL),
(620318, 184, 15, 2, 2, 1, NULL),
(620365, 1015, 14, 1, 1, 1, NULL),
(620342, 185, 15, 2, 2, 1, NULL),
(620358, 1038, 15, 3, 4, 1, NULL),
(620310, 183, 15, 2, 2, 1, NULL),
(619718, 15, 15, 1, 1, 1, NULL),
(620326, 1026, 15, 2, 2, 1, NULL),
(619660, 8, 13, 1, 1, 1, NULL),
(619750, 1017, 15, 2, 2, 1, NULL),
(619654, 7, 15, 2, 2, 1, NULL),
(620270, 165, 15, 2, 2, 1, NULL),
(619646, 1037, 15, 1, 1, 1, NULL),
(620325, 1026, 14, 1, 1, 1, NULL),
(619942, 38, 15, 3, 3, 1, NULL),
(620254, 63, 15, 1, 1, 1, NULL),
(620317, 184, 14, 1, 1, 1, NULL),
(620380, 77, 13, 1, 1, 1, NULL),
(620379, 77, 12, 1, 1, 1, NULL),
(619638, 5, 15, 2, 2, 1, NULL),
(619726, 16, 15, 2, 2, 1, NULL),
(619709, 91, 14, 1, 1, 1, NULL),
(620253, 63, 14, 1, 1, 1, NULL),
(620294, 178, 15, 2, 2, 1, NULL),
(620316, 184, 13, 1, 1, 1, NULL),
(619702, 1048, 15, 2, 2, 1, NULL),
(620037, 39, 14, 1, 1, 1, NULL),
(619870, 1016, 15, 4, 5, 1, NULL),
(620333, 72, 14, 1, 1, 1, NULL),
(620398, 1008, 15, 1, 1, 1, NULL),
(619749, 1017, 14, 1, 1, 1, NULL),
(619918, 1031, 15, 2, 2, 1, NULL),
(619757, 18, 14, 1, 1, 1, NULL),
(620238, 61, 15, 2, 2, 1, NULL),
(620278, 65, 15, 2, 2, 1, NULL),
(619974, 135, 15, 1, 1, 1, NULL),
(620220, 59, 13, 1, 1, 1, NULL),
(620182, 1006, 15, 2, 2, 1, NULL),
(619798, 105, 15, 2, 2, 1, NULL),
(620181, 1006, 14, 1, 1, 1, NULL),
(619965, 43, 14, 1, 1, 1, NULL),
(619814, 27, 15, 2, 2, 1, NULL),
(620341, 185, 14, 1, 1, 1, NULL),
(619957, 1025, 14, 1, 1, 1, NULL),
(619894, 32, 15, 1, 1, 1, NULL),
(619701, 1048, 14, 1, 1, 1, NULL),
(619805, 26, 14, 1, 1, 1, NULL),
(619700, 1048, 13, 1, 1, 1, NULL),
(620205, 57, 14, 1, 1, 1, NULL),
(619862, 1047, 15, 4, 5, 1, NULL),
(619797, 105, 14, 1, 1, 1, NULL),
(620030, 138, 15, 2, 2, 1, NULL),
(620285, 68, 14, 1, 1, 1, NULL),
(619790, 1042, 15, 2, 2, 1, NULL),
(620022, 1024, 15, 2, 2, 1, NULL),
(620374, 76, 15, 1, 1, 1, NULL),
(620302, 179, 15, 2, 2, 1, NULL),
(620094, 143, 15, 2, 2, 1, NULL),
(619677, 10, 14, 1, 1, 1, NULL),
(619917, 1031, 14, 1, 1, 1, NULL),
(620190, 1032, 15, 1, 1, 1, NULL),
(620378, 77, 10, 2, 2, 1, NULL),
(619756, 18, 13, 1, 1, 1, NULL),
(619861, 1047, 14, 0, 0, 1, NULL),
(620219, 59, 12, 1, 1, 1, NULL),
(619742, 17, 15, 2, 2, 1, NULL),
(619725, 16, 14, 1, 1, 1, NULL),
(619950, 42, 15, 2, 2, 1, NULL),
(620324, 1026, 13, 1, 1, 1, NULL),
(619854, 31, 15, 4, 5, 1, NULL),
(619668, 9, 13, 1, 1, 1, NULL),
(619916, 1031, 13, 1, 1, 1, NULL),
(619789, 1042, 14, 1, 1, 1, NULL),
(620021, 1024, 14, 1, 1, 1, NULL),
(619796, 105, 13, 1, 1, 1, NULL),
(619846, 123, 15, 2, 2, 1, NULL),
(619782, 102, 15, 2, 2, 1, NULL),
(619734, 94, 15, 2, 2, 1, NULL),
(619694, 90, 15, 2, 2, 1, NULL),
(620204, 57, 13, 1, 1, 1, NULL),
(620013, 137, 14, 1, 1, 1, NULL),
(620397, 1008, 14, 1, 1, 1, NULL),
(619708, 91, 13, 1, 1, 1, NULL),
(619699, 1048, 12, 1, 1, 1, NULL),
(620284, 68, 13, 1, 1, 1, NULL),
(620357, 1038, 14, 1, 1, 1, NULL),
(620356, 1038, 13, 1, 1, 1, NULL),
(620364, 1015, 13, 1, 1, 1, NULL),
(619659, 8, 12, 1, 1, 1, NULL),
(619755, 18, 12, 1, 1, 1, NULL),
(619845, 123, 14, 1, 1, 1, NULL),
(620323, 1026, 12, 1, 1, 1, NULL),
(619627, 4, 12, 1, 1, 1, NULL),
(620350, 74, 15, 3, 4, 1, NULL),
(619748, 1017, 13, 1, 1, 1, NULL),
(620269, 165, 14, 1, 1, 1, NULL),
(620006, 45, 15, 2, 2, 1, NULL),
(619910, 34, 15, 1, 1, 1, NULL),
(619653, 7, 14, 1, 1, 1, NULL),
(620150, 156, 15, 2, 2, 1, NULL),
(619652, 7, 13, 1, 1, 1, NULL),
(620086, 49, 15, 2, 2, 1, NULL),
(619941, 38, 14, 1, 1, 1, NULL),
(620268, 165, 13, 1, 1, 1, NULL),
(619878, 125, 15, 4, 5, 1, NULL),
(620396, 1008, 13, 1, 1, 1, NULL),
(619685, 1034, 14, 1, 1, 1, NULL),
(619658, 8, 10, 2, 2, 1, NULL),
(620340, 185, 13, 1, 1, 1, NULL),
(619844, 123, 13, 1, 1, 1, NULL),
(619813, 27, 14, 1, 1, 1, NULL),
(620315, 184, 12, 1, 1, 1, NULL),
(619781, 102, 14, 1, 1, 1, NULL),
(620180, 1006, 13, 1, 1, 1, NULL),
(620078, 1043, 15, 2, 2, 1, NULL),
(619902, 1036, 15, 1, 1, 1, NULL),
(619822, 1049, 15, 2, 2, 1, NULL),
(619774, 99, 15, 4, 5, 1, NULL),
(619964, 43, 13, 1, 1, 1, NULL),
(619949, 42, 14, 1, 1, 1, NULL),
(619684, 1034, 13, 1, 1, 1, NULL),
(620355, 1038, 12, 1, 1, 1, NULL),
(619924, 35, 13, 1, 1, 1, NULL),
(620189, 1032, 14, 1, 1, 1, NULL),
(462529, 1045, 14, 1, 1, 1, NULL),
(619626, 4, 10, 1, 1, 1, NULL),
(620230, 60, 15, 1, 1, 1, NULL),
(619956, 1025, 13, 1, 1, 1, NULL),
(620229, 60, 14, 1, 1, 1, NULL),
(620197, 1030, 14, 1, 1, 1, NULL),
(620196, 1030, 13, 1, 1, 1, NULL),
(620188, 1032, 13, 1, 1, 1, NULL),
(462522, 1045, 13, 1, 1, 1, NULL),
(619940, 38, 13, 1, 1, 1, NULL),
(619625, 4, 9, 2, 3, 1, NULL),
(619741, 17, 14, 1, 1, 1, NULL),
(619747, 1017, 12, 1, 1, 1, NULL),
(619746, 1017, 10, 2, 2, 1, NULL),
(619853, 31, 14, 0, 0, 1, NULL),
(619948, 42, 13, 1, 1, 1, NULL),
(620363, 1015, 12, 1, 1, 1, NULL),
(619733, 94, 14, 1, 1, 1, NULL),
(619754, 18, 10, 2, 2, 1, NULL),
(620301, 179, 14, 1, 1, 1, NULL),
(620349, 74, 14, 1, 1, 1, NULL),
(619955, 1025, 12, 1, 1, 1, NULL),
(620218, 59, 10, 1, 1, 1, NULL),
(620377, 77, 9, 2, 3, 1, NULL),
(620203, 57, 12, 1, 1, 1, NULL),
(620373, 76, 14, 1, 1, 1, NULL),
(620309, 183, 14, 1, 1, 1, NULL),
(620246, 62, 15, 1, 1, 1, NULL),
(620300, 179, 13, 1, 1, 1, NULL),
(619698, 1048, 10, 2, 2, 1, NULL),
(620322, 1026, 10, 2, 2, 1, NULL),
(620314, 184, 10, 2, 2, 1, NULL),
(620389, 78, 14, 1, 1, 1, NULL),
(620070, 47, 15, 2, 2, 1, NULL),
(619697, 1048, 9, 2, 3, 1, NULL),
(619893, 32, 14, 1, 1, 1, NULL),
(619939, 38, 12, 1, 1, 1, NULL),
(620012, 137, 13, 1, 1, 1, NULL),
(620339, 185, 12, 1, 1, 1, NULL),
(620142, 153, 15, 2, 2, 1, NULL),
(620134, 152, 15, 2, 2, 1, NULL),
(620262, 163, 15, 2, 2, 1, NULL),
(620277, 65, 14, 1, 1, 1, NULL),
(620308, 183, 13, 1, 1, 1, NULL),
(620332, 72, 13, 1, 1, 1, NULL),
(620020, 1024, 13, 1, 1, 1, NULL),
(620395, 1008, 12, 1, 1, 1, NULL),
(620299, 179, 12, 1, 1, 1, NULL),
(620062, 46, 15, 2, 2, 1, NULL),
(619838, 1050, 15, 2, 2, 1, NULL),
(620298, 179, 10, 2, 2, 1, NULL),
(620307, 183, 12, 1, 1, 1, NULL),
(620394, 1008, 10, 2, 2, 1, NULL),
(619973, 135, 14, 1, 1, 1, NULL),
(620267, 165, 12, 1, 1, 1, NULL),
(619934, 37, 15, 2, 2, 1, NULL),
(620029, 138, 14, 1, 1, 1, NULL),
(620213, 58, 14, 1, 1, 1, NULL),
(620028, 138, 13, 1, 1, 1, NULL),
(620027, 138, 12, 1, 1, 1, NULL),
(620293, 178, 14, 1, 1, 1, NULL),
(619892, 32, 13, 1, 1, 1, NULL),
(619954, 1025, 10, 2, 2, 1, NULL),
(620292, 178, 13, 1, 1, 1, NULL),
(620354, 1038, 10, 3, 4, 1, NULL),
(620005, 45, 14, 1, 1, 1, NULL),
(619933, 37, 14, 1, 1, 1, NULL),
(620004, 45, 13, 1, 1, 1, NULL),
(620126, 53, 15, 2, 2, 1, NULL),
(620261, 163, 14, 1, 1, 1, NULL),
(620252, 63, 13, 1, 1, 1, NULL),
(619909, 34, 14, 1, 1, 1, NULL),
(620212, 58, 13, 1, 1, 1, NULL),
(619932, 37, 13, 1, 1, 1, NULL),
(619901, 1036, 14, 1, 1, 1, NULL),
(620283, 68, 12, 1, 1, 1, NULL),
(619972, 135, 13, 1, 1, 1, NULL),
(620348, 74, 13, 1, 1, 1, NULL),
(620110, 52, 15, 2, 2, 1, NULL),
(619971, 135, 12, 1, 1, 1, NULL),
(619852, 31, 13, 1, 1, 1, NULL),
(620321, 1026, 9, 2, 3, 1, NULL),
(619788, 1042, 13, 1, 1, 1, NULL),
(619780, 102, 13, 1, 1, 1, NULL),
(619773, 99, 14, 0, 0, 1, NULL),
(619860, 1047, 13, 1, 1, 1, NULL),
(619990, 44, 15, 2, 2, 1, NULL),
(620174, 56, 15, 1, 1, 1, NULL),
(620276, 65, 13, 1, 1, 1, NULL),
(619740, 17, 13, 1, 1, 1, NULL),
(619843, 123, 12, 1, 1, 1, NULL),
(619766, 1019, 15, 1, 1, 1, NULL),
(620347, 74, 12, 1, 1, 1, NULL),
(620228, 60, 13, 1, 1, 1, NULL),
(619745, 1017, 9, 2, 3, 1, NULL),
(619772, 99, 13, 1, 1, 1, NULL),
(620118, 151, 15, 2, 2, 1, NULL),
(619931, 37, 12, 1, 1, 1, NULL),
(619693, 90, 14, 1, 1, 1, NULL),
(620237, 61, 14, 1, 1, 1, NULL),
(620388, 78, 13, 1, 1, 1, NULL),
(620166, 1027, 15, 2, 2, 1, NULL),
(619724, 16, 13, 1, 1, 1, NULL),
(619886, 33, 15, 2, 2, 1, NULL),
(620245, 62, 14, 1, 1, 1, NULL),
(620244, 62, 13, 1, 1, 1, NULL),
(620109, 52, 14, 1, 1, 1, NULL),
(619657, 8, 9, 2, 3, 1, NULL),
(619676, 10, 13, 1, 1, 1, NULL),
(619877, 125, 14, 0, 0, 1, NULL),
(619795, 105, 12, 1, 1, 1, NULL),
(619692, 90, 13, 1, 1, 1, NULL),
(619885, 33, 14, 1, 1, 1, NULL),
(619915, 1031, 12, 1, 1, 1, NULL),
(619717, 15, 14, 1, 1, 1, NULL),
(619830, 111, 15, 2, 2, 1, NULL),
(619998, 1018, 15, 3, 3, 1, NULL),
(619739, 17, 12, 1, 1, 1, NULL),
(619779, 102, 12, 1, 1, 1, NULL),
(619732, 94, 13, 1, 1, 1, NULL),
(619765, 1019, 14, 1, 1, 1, NULL),
(619683, 1034, 12, 1, 1, 1, NULL),
(620202, 57, 10, 1, 1, 1, NULL),
(619753, 18, 9, 2, 3, 1, NULL),
(619953, 1025, 9, 2, 3, 1, NULL),
(620353, 1038, 9, 3, 5, 1, NULL),
(620266, 165, 10, 2, 2, 1, NULL),
(620362, 1015, 10, 2, 2, 1, NULL),
(620251, 63, 12, 1, 1, 1, NULL),
(620236, 61, 13, 1, 1, 1, NULL),
(620306, 183, 10, 2, 2, 1, NULL),
(620243, 62, 12, 1, 1, 1, NULL),
(619682, 1034, 10, 2, 2, 1, NULL),
(620282, 68, 10, 2, 2, 1, NULL),
(619696, 1048, 4, 1, 1, 1, NULL),
(620331, 72, 12, 1, 1, 1, NULL),
(619695, 1048, 3, 2, 2, 1, NULL),
(620338, 185, 10, 2, 2, 1, NULL),
(619884, 33, 13, 1, 1, 1, NULL),
(620242, 62, 10, 1, 1, 1, NULL),
(619837, 1050, 14, 1, 1, 1, NULL),
(620376, 77, 4, 1, 1, 1, NULL),
(620275, 65, 12, 1, 1, 1, NULL),
(620330, 72, 10, 2, 2, 1, NULL),
(620313, 184, 9, 2, 3, 1, NULL),
(620054, 1035, 15, 2, 2, 1, NULL),
(620108, 52, 13, 1, 1, 1, NULL),
(619876, 125, 13, 1, 1, 1, NULL),
(620061, 46, 14, 1, 1, 1, NULL),
(620235, 61, 12, 1, 1, 1, NULL),
(619731, 94, 12, 1, 1, 1, NULL),
(620250, 63, 10, 1, 1, 1, NULL),
(620337, 185, 9, 2, 3, 1, NULL),
(620291, 178, 12, 1, 1, 1, NULL),
(620026, 138, 10, 2, 2, 1, NULL),
(619989, 44, 14, 1, 1, 1, NULL),
(620305, 183, 9, 2, 3, 1, NULL),
(620158, 1007, 15, 2, 2, 1, NULL),
(619997, 1018, 14, 1, 1, 1, NULL),
(620003, 45, 12, 1, 1, 1, NULL),
(620053, 1035, 14, 1, 1, 1, NULL),
(619988, 44, 13, 1, 1, 1, NULL),
(620260, 163, 13, 1, 1, 1, NULL),
(620069, 47, 14, 1, 1, 1, NULL),
(620107, 52, 12, 1, 1, 1, NULL),
(619908, 34, 13, 1, 1, 1, NULL),
(620046, 41, 15, 2, 2, 1, NULL),
(620019, 1024, 12, 1, 1, 1, NULL),
(620372, 76, 13, 1, 1, 1, NULL),
(620036, 39, 13, 1, 1, 1, NULL),
(619875, 125, 12, 2, 2, 1, NULL),
(619874, 125, 10, 4, 5, 1, NULL),
(619869, 1016, 14, 0, 0, 1, NULL),
(619900, 1036, 13, 1, 1, 1, NULL),
(620290, 178, 10, 2, 2, 1, NULL),
(620157, 1007, 14, 1, 1, 1, NULL),
(619794, 105, 10, 2, 2, 1, NULL),
(619923, 35, 12, 1, 1, 1, NULL),
(619963, 43, 12, 1, 1, 1, NULL),
(620052, 1035, 13, 1, 1, 1, NULL),
(620371, 76, 12, 1, 1, 1, NULL),
(619752, 18, 4, 1, 1, 1, NULL),
(619981, 40, 14, 1, 1, 1, NULL),
(619930, 37, 10, 2, 2, 1, NULL),
(619730, 94, 10, 2, 2, 1, NULL),
(619787, 1042, 12, 1, 1, 1, NULL),
(620274, 65, 10, 2, 2, 1, NULL),
(619980, 40, 13, 1, 1, 1, NULL),
(619868, 1016, 13, 1, 1, 1, NULL),
(619729, 94, 9, 2, 3, 1, NULL),
(619771, 99, 12, 2, 2, 1, NULL),
(620045, 41, 14, 1, 1, 1, NULL),
(620387, 78, 12, 1, 1, 1, NULL),
(620149, 156, 14, 1, 1, 1, NULL),
(619691, 90, 12, 1, 1, 1, NULL),
(620304, 183, 4, 1, 1, 1, NULL),
(619899, 1036, 12, 1, 1, 1, NULL),
(619786, 1042, 10, 2, 2, 1, NULL),
(620259, 163, 12, 1, 1, 1, NULL),
(619651, 7, 12, 1, 1, 1, NULL),
(619650, 7, 10, 2, 2, 1, NULL),
(619645, 1037, 14, 1, 1, 1, NULL),
(619723, 16, 12, 1, 1, 1, NULL),
(620370, 76, 10, 1, 1, 1, NULL),
(144506, 1028, 11, 1, 1, 1, NULL),
(144505, 1028, 10, 1, 1, 1, NULL),
(144504, 1028, 9, 1, 1, 1, NULL),
(144503, 1028, 8, 0, 0, 1, NULL),
(144502, 1028, 7, 0, 0, 1, NULL),
(144501, 1028, 5, 0, 0, 1, NULL),
(144516, 1029, 11, 1, 1, 1, NULL),
(144515, 1029, 10, 2, 2, 1, NULL),
(144514, 1029, 9, 2, 3, 1, NULL),
(144513, 1029, 8, 1, 1, 1, NULL),
(144512, 1029, 7, 1, 1, 1, NULL),
(144511, 1029, 5, 1, 1, 1, NULL),
(619624, 4, 4, 1, 1, 1, NULL),
(619623, 4, 3, 1, 1, 1, NULL),
(620148, 156, 13, 1, 1, 1, NULL),
(620068, 47, 13, 1, 1, 1, NULL),
(619738, 17, 10, 2, 2, 1, NULL),
(619929, 37, 9, 2, 3, 1, NULL),
(619667, 9, 12, 1, 1, 1, NULL),
(619812, 27, 13, 1, 1, 1, NULL),
(620011, 137, 12, 1, 1, 1, NULL),
(619907, 34, 12, 1, 1, 1, NULL),
(619811, 27, 12, 1, 1, 1, NULL),
(619898, 1036, 10, 1, 1, 1, NULL),
(619737, 17, 9, 2, 3, 1, NULL),
(619649, 7, 9, 2, 3, 1, NULL),
(620060, 46, 13, 1, 1, 1, NULL),
(619644, 1037, 13, 1, 1, 1, NULL),
(619648, 7, 4, 1, 1, 1, NULL),
(619914, 1031, 10, 2, 2, 1, NULL),
(619690, 90, 10, 2, 2, 1, NULL),
(619906, 34, 10, 1, 1, 1, NULL),
(619947, 42, 12, 1, 1, 1, NULL),
(619656, 8, 4, 1, 1, 1, NULL),
(619938, 38, 10, 3, 3, 1, NULL),
(619829, 111, 14, 1, 1, 1, NULL),
(619770, 99, 10, 4, 6, 1, NULL),
(619681, 1034, 9, 2, 3, 1, NULL),
(619842, 123, 10, 2, 2, 1, NULL),
(619675, 10, 12, 1, 1, 1, NULL),
(620035, 39, 12, 1, 1, 1, NULL),
(620102, 51, 15, 1, 1, 1, NULL),
(619821, 1049, 14, 1, 1, 1, NULL),
(620085, 49, 14, 1, 1, 1, NULL),
(619674, 10, 10, 2, 2, 1, NULL),
(619643, 1037, 12, 1, 1, 1, NULL),
(619642, 1037, 10, 1, 1, 1, NULL),
(619707, 91, 12, 1, 1, 1, NULL),
(619722, 16, 10, 2, 2, 1, NULL),
(619689, 90, 9, 2, 3, 1, NULL),
(619666, 9, 10, 1, 1, 1, NULL),
(619928, 37, 4, 1, 1, 1, NULL),
(619688, 90, 4, 1, 1, 1, NULL),
(619687, 90, 3, 2, 2, 1, NULL),
(619716, 15, 13, 1, 1, 1, NULL),
(619641, 1037, 9, 1, 1, 1, NULL),
(619665, 9, 9, 1, 1, 1, NULL),
(619655, 8, 3, 2, 2, 1, NULL),
(619778, 102, 10, 2, 2, 1, NULL),
(619859, 1047, 12, 2, 2, 1, NULL),
(619647, 7, 3, 1, 1, 1, NULL),
(620044, 41, 13, 1, 1, 1, NULL),
(619664, 9, 4, 1, 1, 1, NULL),
(620093, 143, 14, 1, 1, 1, NULL),
(619810, 27, 10, 2, 2, 1, NULL),
(620043, 41, 12, 1, 1, 1, NULL),
(619793, 105, 9, 2, 3, 1, NULL),
(619706, 91, 10, 2, 2, 1, NULL),
(619777, 102, 9, 2, 3, 1, NULL),
(620179, 1006, 12, 1, 1, 1, NULL),
(620106, 52, 10, 2, 2, 1, NULL),
(620147, 156, 12, 1, 1, 1, NULL),
(620051, 1035, 12, 1, 1, 1, NULL),
(619867, 1016, 12, 2, 2, 1, NULL),
(619673, 10, 9, 2, 3, 1, NULL),
(619715, 15, 12, 1, 1, 1, NULL),
(619804, 26, 13, 1, 1, 1, NULL),
(620077, 1043, 14, 1, 1, 1, NULL),
(619891, 32, 12, 1, 1, 1, NULL),
(620156, 1007, 13, 1, 1, 1, NULL),
(619680, 1034, 4, 1, 1, 1, NULL),
(619679, 1034, 3, 2, 2, 1, NULL),
(619851, 31, 12, 2, 2, 1, NULL),
(619776, 102, 4, 1, 1, 1, NULL),
(619764, 1019, 13, 1, 1, 1, NULL),
(619828, 111, 13, 1, 1, 1, NULL),
(619836, 1050, 13, 1, 1, 1, NULL),
(619705, 91, 9, 2, 3, 1, NULL),
(619714, 15, 10, 1, 1, 1, NULL),
(619704, 91, 4, 1, 1, 1, NULL),
(619728, 94, 4, 1, 1, 1, NULL),
(619946, 42, 10, 2, 2, 1, NULL),
(619736, 17, 4, 1, 1, 1, NULL),
(619987, 44, 12, 1, 1, 1, NULL),
(619713, 15, 9, 2, 3, 1, NULL),
(619763, 1019, 12, 1, 1, 1, NULL),
(619735, 17, 3, 2, 2, 1, NULL),
(619792, 105, 4, 1, 1, 1, NULL),
(619762, 1019, 10, 1, 1, 1, NULL),
(619751, 18, 3, 1, 1, 1, NULL),
(619721, 16, 9, 2, 3, 1, NULL),
(619803, 26, 12, 1, 1, 1, NULL),
(619883, 33, 12, 1, 1, 1, NULL),
(619970, 135, 10, 2, 2, 1, NULL),
(619802, 26, 10, 2, 2, 1, NULL),
(619769, 99, 9, 4, 7, 1, NULL),
(619873, 125, 9, 4, 6, 1, NULL),
(620010, 137, 10, 2, 2, 1, NULL),
(619768, 99, 4, 0, 0, 1, NULL),
(619820, 1049, 13, 1, 1, 1, NULL),
(620155, 1007, 12, 1, 1, 1, NULL),
(619945, 42, 9, 2, 3, 1, NULL),
(619866, 1016, 10, 4, 5, 1, NULL),
(619882, 33, 10, 2, 2, 1, NULL),
(619835, 1050, 12, 1, 1, 1, NULL),
(619897, 1036, 9, 1, 1, 1, NULL),
(619996, 1018, 13, 1, 1, 1, NULL),
(619819, 1049, 12, 1, 1, 1, NULL),
(619761, 1019, 9, 2, 3, 1, NULL),
(620042, 41, 10, 2, 2, 1, NULL),
(620241, 62, 9, 1, 1, 1, NULL),
(619818, 1049, 10, 2, 2, 1, NULL),
(619785, 1042, 9, 2, 3, 1, NULL),
(620312, 184, 4, 1, 1, 1, NULL),
(619979, 40, 12, 1, 1, 1, NULL),
(619841, 123, 9, 2, 3, 1, NULL),
(619801, 26, 9, 2, 3, 1, NULL),
(619890, 32, 10, 1, 1, 1, NULL),
(619858, 1047, 10, 4, 5, 1, NULL),
(620265, 165, 9, 2, 3, 1, NULL),
(620105, 52, 9, 2, 3, 1, NULL),
(619827, 111, 12, 1, 1, 1, NULL),
(619850, 31, 10, 4, 5, 1, NULL),
(619857, 1047, 9, 4, 6, 1, NULL),
(619800, 26, 4, 1, 1, 1, NULL),
(619784, 1042, 4, 1, 1, 1, NULL),
(619826, 111, 10, 2, 2, 1, NULL),
(619849, 31, 9, 4, 6, 1, NULL),
(619865, 1016, 9, 4, 6, 1, NULL),
(619864, 1016, 4, 0, 0, 1, NULL),
(619889, 32, 9, 1, 1, 1, NULL),
(619817, 1049, 9, 2, 3, 1, NULL),
(619913, 1031, 9, 2, 3, 1, NULL),
(619840, 123, 4, 1, 1, 1, NULL),
(619809, 27, 9, 2, 3, 1, NULL),
(620386, 78, 10, 2, 2, 1, NULL),
(620101, 51, 14, 1, 1, 1, NULL),
(619995, 1018, 12, 1, 1, 1, NULL),
(619848, 31, 4, 0, 0, 1, NULL),
(619808, 27, 4, 1, 1, 1, NULL),
(619922, 35, 10, 2, 2, 1, NULL),
(620100, 51, 13, 1, 1, 1, NULL),
(619856, 1047, 4, 0, 0, 1, NULL),
(619825, 111, 9, 2, 3, 1, NULL),
(620034, 39, 10, 3, 3, 1, NULL),
(619921, 35, 9, 2, 3, 1, NULL),
(619905, 34, 9, 2, 3, 1, NULL),
(619969, 135, 9, 2, 3, 1, NULL),
(619839, 123, 3, 1, 1, 1, NULL),
(620084, 49, 13, 1, 1, 1, NULL),
(620009, 137, 9, 2, 3, 1, NULL),
(619847, 31, 3, 3, 3, 1, NULL),
(619986, 44, 10, 2, 2, 1, NULL),
(620033, 39, 9, 3, 4, 1, NULL),
(620264, 165, 4, 1, 1, 1, NULL),
(619920, 35, 4, 1, 1, 1, NULL),
(620141, 153, 14, 1, 1, 1, NULL),
(620178, 1006, 10, 2, 2, 1, NULL),
(619962, 43, 10, 2, 2, 1, NULL),
(620240, 62, 4, 1, 1, 1, NULL),
(620002, 45, 10, 2, 2, 1, NULL),
(619985, 44, 9, 2, 3, 1, NULL),
(619863, 1016, 3, 3, 3, 1, NULL),
(619904, 34, 4, 1, 1, 1, NULL),
(620076, 1043, 13, 1, 1, 1, NULL),
(619816, 1049, 4, 1, 1, 1, NULL),
(620165, 1027, 14, 1, 1, 1, NULL),
(619896, 1036, 4, 1, 1, 1, NULL),
(619961, 43, 9, 2, 3, 1, NULL),
(620041, 41, 9, 2, 3, 1, NULL),
(620125, 53, 14, 1, 1, 1, NULL),
(620001, 45, 9, 2, 3, 1, NULL),
(620092, 143, 13, 1, 1, 1, NULL),
(619903, 34, 3, 1, 1, 1, NULL),
(619960, 43, 4, 1, 1, 1, NULL),
(619919, 35, 3, 2, 2, 1, NULL),
(620352, 1038, 4, 1, 1, 1, NULL),
(619978, 40, 10, 3, 3, 1, NULL),
(620059, 46, 12, 1, 1, 1, NULL),
(620050, 1035, 10, 2, 2, 1, NULL),
(620067, 47, 12, 1, 1, 1, NULL),
(619994, 1018, 10, 3, 3, 1, NULL),
(620083, 49, 12, 1, 1, 1, NULL),
(619944, 42, 4, 1, 1, 1, NULL),
(620091, 143, 12, 1, 1, 1, NULL),
(620117, 151, 14, 1, 1, 1, NULL),
(619937, 38, 9, 3, 4, 1, NULL),
(620146, 156, 10, 2, 2, 1, NULL),
(620032, 39, 4, 1, 1, 1, NULL),
(620066, 47, 10, 2, 2, 1, NULL),
(619943, 42, 3, 2, 2, 1, NULL),
(619834, 1050, 10, 2, 2, 1, NULL),
(620124, 53, 13, 1, 1, 1, NULL),
(620000, 45, 4, 1, 1, 1, NULL),
(619952, 1025, 4, 1, 1, 1, NULL),
(620249, 63, 9, 1, 1, 1, NULL),
(620123, 53, 12, 1, 1, 1, NULL),
(619767, 99, 3, 3, 4, 1, NULL),
(619959, 43, 3, 2, 2, 1, NULL),
(619977, 40, 9, 3, 4, 1, NULL),
(620329, 72, 9, 2, 3, 1, NULL),
(620082, 49, 10, 2, 2, 1, NULL),
(620217, 59, 9, 2, 3, 1, NULL),
(619976, 40, 4, 1, 1, 1, NULL),
(619975, 40, 3, 2, 2, 1, NULL),
(620025, 138, 9, 2, 3, 1, NULL),
(620173, 56, 14, 1, 1, 1, NULL),
(620018, 1024, 10, 2, 2, 1, NULL),
(619993, 1018, 9, 3, 4, 1, NULL),
(619984, 44, 4, 1, 1, 1, NULL),
(620140, 153, 13, 1, 1, 1, NULL),
(620008, 137, 4, 1, 1, 1, NULL),
(620116, 151, 13, 1, 1, 1, NULL),
(620058, 46, 10, 2, 2, 1, NULL),
(620057, 46, 9, 2, 3, 1, NULL),
(620049, 1035, 9, 2, 3, 1, NULL),
(620017, 1024, 9, 2, 3, 1, NULL),
(620177, 1006, 9, 2, 3, 1, NULL),
(620211, 58, 12, 1, 1, 1, NULL),
(620258, 163, 10, 2, 2, 1, NULL),
(619833, 1050, 9, 2, 3, 1, NULL),
(620361, 1015, 9, 2, 3, 1, NULL),
(620040, 41, 4, 1, 1, 1, NULL),
(620360, 1015, 4, 1, 1, 1, NULL),
(620145, 156, 9, 2, 3, 1, NULL),
(620144, 156, 4, 1, 1, 1, NULL),
(620234, 61, 10, 2, 2, 1, NULL),
(620031, 39, 3, 2, 2, 1, NULL),
(620090, 143, 10, 2, 2, 1, NULL),
(620056, 46, 4, 1, 1, 1, NULL),
(620172, 56, 13, 1, 1, 1, NULL),
(619760, 1019, 4, 1, 1, 1, NULL),
(620171, 56, 12, 1, 1, 1, NULL),
(620099, 51, 12, 1, 1, 1, NULL),
(620115, 151, 12, 1, 1, 1, NULL),
(620048, 1035, 4, 1, 1, 1, NULL),
(620047, 1035, 3, 2, 2, 1, NULL),
(620281, 68, 9, 2, 3, 1, NULL),
(620098, 51, 10, 1, 1, 1, NULL),
(620227, 60, 12, 1, 1, 1, NULL),
(620226, 60, 10, 1, 1, 1, NULL),
(620225, 60, 9, 2, 3, 1, NULL),
(620224, 60, 4, 1, 1, 1, NULL),
(620114, 151, 10, 2, 2, 1, NULL),
(619832, 1050, 4, 1, 1, 1, NULL),
(619831, 1050, 3, 2, 2, 1, NULL),
(620104, 52, 4, 1, 1, 1, NULL),
(620075, 1043, 12, 1, 1, 1, NULL),
(620055, 46, 3, 2, 2, 1, NULL),
(620297, 179, 9, 2, 3, 1, NULL),
(620210, 58, 10, 2, 2, 1, NULL),
(620065, 47, 9, 2, 3, 1, NULL),
(620064, 47, 4, 1, 1, 1, NULL),
(620113, 151, 9, 2, 3, 1, NULL),
(620296, 179, 4, 1, 1, 1, NULL),
(144500, 1028, 4, 1, 1, 1, NULL),
(144499, 1028, 3, 1, 1, 1, NULL),
(144498, 1028, 2, 1, 1, 1, NULL),
(144497, 1028, 1, 1, 1, 1, NULL),
(144510, 1029, 4, 1, 1, 1, NULL),
(144509, 1029, 3, 1, 1, 1, NULL),
(144508, 1029, 2, 1, 1, 1, NULL),
(144507, 1029, 1, 2, 3, 1, NULL),
(620154, 1007, 10, 2, 2, 1, NULL),
(620239, 62, 3, 1, 1, 1, NULL),
(620133, 152, 14, 1, 1, 1, NULL),
(620132, 152, 13, 1, 1, 1, NULL),
(620289, 178, 9, 2, 3, 1, NULL),
(620295, 179, 3, 2, 2, 1, NULL),
(620164, 1027, 13, 1, 1, 1, NULL),
(620097, 51, 9, 1, 1, 1, NULL),
(620163, 1027, 12, 1, 1, 1, NULL),
(620096, 51, 4, 1, 1, 1, NULL),
(620328, 72, 4, 1, 1, 1, NULL),
(620351, 1038, 3, 2, 2, 1, NULL),
(620336, 185, 4, 1, 1, 1, NULL),
(620103, 52, 3, 2, 2, 1, NULL),
(620131, 152, 12, 1, 1, 1, NULL),
(620130, 152, 10, 2, 2, 1, NULL),
(620209, 58, 9, 2, 3, 1, NULL),
(620112, 151, 4, 1, 1, 1, NULL),
(620393, 1008, 9, 2, 3, 1, NULL),
(620139, 153, 12, 1, 1, 1, NULL),
(620248, 63, 4, 1, 1, 1, NULL),
(620122, 53, 10, 2, 2, 1, NULL),
(620143, 156, 3, 1, 1, 1, NULL),
(620359, 1015, 3, 2, 2, 1, NULL),
(620162, 1027, 10, 2, 2, 1, NULL),
(620129, 152, 9, 2, 3, 1, NULL),
(620369, 76, 9, 2, 3, 1, NULL),
(620128, 152, 4, 1, 1, 1, NULL),
(620138, 153, 10, 2, 2, 1, NULL),
(620233, 61, 9, 2, 3, 1, NULL),
(620137, 153, 9, 2, 3, 1, NULL),
(620346, 74, 10, 3, 4, 1, NULL),
(620161, 1027, 9, 2, 3, 1, NULL),
(620345, 74, 9, 3, 5, 1, NULL),
(620216, 59, 4, 1, 1, 1, NULL),
(620375, 77, 3, 2, 2, 1, NULL),
(620201, 57, 9, 1, 2, 1, NULL),
(620160, 1027, 4, 1, 1, 1, NULL),
(620159, 1027, 3, 2, 2, 1, NULL),
(620263, 165, 3, 2, 2, 1, NULL),
(620170, 56, 10, 2, 2, 1, NULL),
(620273, 65, 9, 2, 3, 1, NULL),
(620272, 65, 4, 1, 1, 1, NULL),
(620169, 56, 9, 2, 3, 1, NULL),
(620288, 178, 4, 1, 1, 1, NULL),
(620257, 163, 9, 2, 3, 1, NULL),
(620368, 76, 4, 1, 1, 1, NULL),
(620200, 57, 4, 1, 1, 1, NULL),
(620208, 58, 4, 1, 1, 1, NULL),
(620385, 78, 9, 2, 3, 1, NULL),
(620344, 74, 4, 1, 1, 1, NULL),
(620320, 1026, 4, 1, 1, 1, NULL),
(620247, 63, 3, 1, 1, 1, NULL),
(620384, 78, 4, 1, 1, 1, NULL),
(620383, 78, 3, 2, 2, 1, NULL),
(620215, 59, 3, 1, 1, 1, NULL),
(620311, 184, 3, 2, 2, 1, NULL),
(620327, 72, 3, 2, 2, 1, NULL),
(620343, 74, 3, 2, 2, 1, NULL),
(620232, 61, 4, 1, 1, 1, NULL),
(620271, 65, 3, 2, 2, 1, NULL),
(620280, 68, 4, 1, 1, 1, NULL),
(620335, 185, 3, 2, 2, 1, NULL),
(620392, 1008, 4, 1, 1, 1, NULL),
(620195, 1030, 12, 1, 1, 1, NULL),
(620194, 1030, 10, 2, 2, 1, NULL),
(620193, 1030, 9, 2, 3, 1, NULL),
(620256, 163, 4, 1, 1, 1, NULL),
(619912, 1031, 4, 1, 1, 1, NULL),
(620192, 1030, 4, 1, 1, 1, NULL),
(620191, 1030, 3, 1, 1, 1, NULL),
(619744, 1017, 4, 1, 1, 1, NULL),
(619712, 15, 4, 1, 1, 1, NULL),
(620121, 53, 9, 2, 3, 1, NULL),
(620153, 1007, 9, 2, 3, 1, NULL),
(620207, 58, 3, 1, 1, 1, NULL),
(620168, 56, 4, 1, 1, 1, NULL),
(620120, 53, 4, 1, 1, 1, NULL),
(620074, 1043, 10, 2, 2, 1, NULL),
(619895, 1036, 3, 1, 1, 1, NULL),
(620016, 1024, 4, 1, 1, 1, NULL),
(619783, 1042, 3, 2, 2, 1, NULL),
(620089, 143, 9, 2, 3, 1, NULL),
(620187, 1032, 12, 1, 1, 1, NULL),
(620186, 1032, 10, 2, 2, 1, NULL),
(620185, 1032, 9, 2, 3, 1, NULL),
(619855, 1047, 3, 3, 3, 1, NULL),
(620024, 138, 4, 1, 1, 1, NULL),
(619775, 102, 3, 2, 2, 1, NULL),
(620184, 1032, 4, 1, 1, 1, NULL),
(620183, 1032, 3, 1, 1, 1, NULL),
(619703, 91, 3, 2, 2, 1, NULL),
(619663, 9, 3, 1, 1, 1, NULL),
(620111, 151, 3, 2, 2, 1, NULL),
(619672, 10, 4, 1, 1, 1, NULL),
(619743, 1017, 3, 2, 2, 1, NULL),
(620367, 76, 3, 1, 1, 1, NULL),
(620023, 138, 3, 2, 2, 1, NULL),
(620319, 1026, 3, 2, 2, 1, NULL),
(620152, 1007, 4, 1, 1, 1, NULL),
(620167, 56, 3, 2, 2, 1, NULL),
(620391, 1008, 3, 2, 2, 1, NULL),
(620136, 153, 4, 1, 1, 1, NULL),
(619791, 105, 3, 2, 2, 1, NULL),
(619824, 111, 4, 1, 1, 1, NULL),
(620081, 49, 9, 2, 3, 1, NULL),
(619759, 1019, 3, 1, 1, 1, NULL),
(619727, 94, 3, 2, 2, 1, NULL),
(619671, 10, 3, 2, 2, 1, NULL),
(619799, 26, 3, 2, 2, 1, NULL),
(619720, 16, 4, 1, 1, 1, NULL),
(620080, 49, 4, 1, 1, 1, NULL),
(619719, 16, 3, 2, 2, 1, NULL),
(619968, 135, 4, 1, 1, 1, NULL),
(619881, 33, 9, 2, 3, 1, NULL),
(619880, 33, 4, 1, 1, 1, NULL),
(620039, 41, 3, 2, 2, 1, NULL),
(619879, 33, 3, 1, 1, 1, NULL),
(620088, 143, 4, 1, 1, 1, NULL),
(619983, 44, 3, 1, 1, 1, NULL),
(620151, 1007, 3, 2, 2, 1, NULL),
(619967, 135, 3, 2, 2, 1, NULL),
(620007, 137, 3, 2, 2, 1, NULL),
(620095, 51, 3, 1, 1, 1, NULL),
(620127, 152, 3, 1, 1, 1, NULL),
(619999, 45, 3, 2, 2, 1, NULL),
(620135, 153, 3, 2, 2, 1, NULL),
(620287, 178, 3, 2, 2, 1, NULL),
(619936, 38, 4, 1, 1, 1, NULL),
(619823, 111, 3, 2, 2, 1, NULL),
(619872, 125, 4, 0, 0, 1, NULL),
(620079, 49, 3, 2, 2, 1, NULL),
(620087, 143, 3, 2, 2, 1, NULL),
(620303, 183, 3, 2, 2, 1, NULL),
(620176, 1006, 4, 1, 1, 1, NULL),
(620279, 68, 3, 2, 2, 1, NULL),
(620231, 61, 3, 1, 1, 1, NULL),
(620199, 57, 3, 2, 2, 1, NULL),
(209146, 1040, 11, 1, 1, 1, NULL),
(209145, 1040, 10, 2, 2, 1, NULL),
(209144, 1040, 9, 2, 3, 1, NULL),
(209143, 1040, 8, 1, 1, 1, NULL),
(209142, 1040, 7, 1, 1, 1, NULL),
(209141, 1040, 5, 1, 1, 1, NULL),
(209140, 1040, 4, 1, 1, 1, NULL),
(209139, 1040, 3, 2, 2, 1, NULL),
(209138, 1040, 2, 1, 1, 1, NULL),
(209137, 1040, 1, 2, 3, 1, NULL),
(620073, 1043, 9, 2, 3, 1, NULL),
(620072, 1043, 4, 1, 1, 1, NULL),
(620175, 1006, 3, 2, 2, 1, NULL),
(620255, 163, 3, 2, 2, 1, NULL),
(619711, 15, 3, 1, 1, 1, NULL),
(620223, 60, 3, 1, 1, 1, NULL),
(619637, 5, 14, 1, 1, 1, NULL),
(619636, 5, 13, 1, 1, 1, NULL),
(619635, 5, 12, 1, 1, 1, NULL),
(619634, 5, 10, 2, 2, 1, NULL),
(619911, 1031, 3, 2, 2, 1, NULL),
(619951, 1025, 3, 2, 2, 1, NULL),
(620015, 1024, 3, 2, 2, 1, NULL),
(620071, 1043, 3, 2, 2, 1, NULL),
(620119, 53, 3, 2, 2, 1, NULL),
(619633, 5, 9, 2, 3, 1, NULL),
(619632, 5, 4, 1, 1, 1, NULL),
(619935, 38, 3, 2, 2, 1, NULL),
(619815, 1049, 3, 2, 2, 1, NULL),
(619927, 37, 3, 2, 2, 1, NULL),
(620063, 47, 3, 1, 1, 1, NULL),
(619888, 32, 4, 1, 1, 1, NULL),
(619887, 32, 3, 1, 1, 1, NULL),
(619992, 1018, 4, 1, 1, 1, NULL),
(619991, 1018, 3, 2, 2, 1, NULL),
(619807, 27, 3, 1, 1, 1, NULL),
(619640, 1037, 4, 1, 1, 1, NULL),
(287819, 1045, 3, 1, 1, 1, NULL),
(287820, 1045, 4, 1, 1, 1, NULL),
(619639, 1037, 3, 1, 1, 1, NULL),
(619631, 5, 3, 2, 2, 1, NULL),
(619871, 125, 3, 3, 3, 1, NULL),
(287824, 1045, 9, 1, 1, 1, NULL),
(287825, 1045, 10, 1, 1, 1, NULL),
(420963, 1045, 12, 1, 1, 1, NULL);

--
-- Dumping data for table `z_classtmpresults`
--

INSERT INTO `z_classtmpresults` (`resultID`, `seriesCode`, `seriesYear`, `seriesRace`, `fleet`, `race`, `competitorID`, `class`, `sailnum`, `helm`, `crew`, `eventID`, `racetype`, `elapsedTime`, `laps`, `correctedTime`, `resultPY`, `resultCode`, `resultPoints`, `resultNote`, `updateDate`, `updateBy`) VALUES
(16142, 'AUTUMN13', 2013, 1, '2', 2, 1317, 'Merlin', '3566', 'James Wells', 'Liz Wells', 1179, 'average', '01:12:42', 2, '00:36:41', 991, '', 1, '', '2013-10-06 10:46:34', 'RaceManager'),
(16128, 'AUTUMN13', 2013, 1, '2', 2, 28, 'Merlin', '3628', 'Robin Charles', 'Liz Charles', 1179, 'average', '01:15:11', 2, '00:37:56', 991, '', 2, '', '2013-10-06 10:46:34', 'RaceManager'),
(16127, 'AUTUMN13', 2013, 1, '2', 2, 345, 'Merlin', '3711', 'Dave Lee', 'Juliet Pealing', 1179, 'average', '01:15:45', 2, '00:38:13', 991, '', 3, '', '2013-10-06 10:46:34', 'RaceManager'),
(16136, 'AUTUMN13', 2013, 1, '2', 2, 1318, 'Merlin', '3613', 'Mark Elkington', 'Rob Elkington', 1179, 'average', '01:16:31', 2, '00:38:36', 991, '', 4, '', '2013-10-06 10:46:34', 'RaceManager'),
(16133, 'AUTUMN13', 2013, 1, '2', 2, 485, 'Merlin', '3624', 'John Wollnough', 'Marcia Fletcher', 1179, 'average', '00:42:32', 1, '00:42:55', 991, 'DNF', 5, '', '2013-10-06 10:46:34', 'RaceManager'),
(16137, 'AUTUMN13', 2013, 1, '2', 2, 30, 'Merlin', '3576', 'Vyv Game', 'Mike Tucket', 1179, 'average', '00:47:55', 1, '00:48:21', 991, 'DNF', 5, '', '2013-10-06 10:46:34', 'RaceManager'),
(16270, 'AUTUMN13', 2013, 2, '2', 2, 345, 'Merlin', '3711', 'Dave Lee', 'Tim Laws', 1185, 'average', '00:57:45', 3, '00:19:25', 991, '', 1, '', '2013-10-20 10:03:33', 'RaceManager'),
(16261, 'AUTUMN13', 2013, 2, '2', 2, 33, 'Merlin', '3721', 'Nick Turner', 'Carly Gurr', 1185, 'average', '01:00:51', 3, '00:20:28', 991, '', 2, '', '2013-10-20 10:03:33', 'RaceManager'),
(16260, 'AUTUMN13', 2013, 2, '2', 2, 30, 'Merlin', '3576', 'Vyv Game', 'Mike Tucket', 1185, 'average', '01:04:03', 3, '00:21:33', 991, '', 3, '', '2013-10-20 10:03:33', 'RaceManager'),
(16265, 'AUTUMN13', 2013, 2, '2', 2, 1317, 'Merlin', '3566', 'James Wells', 'Liz Wells', 1185, 'average', '00:37:50', 2, '00:19:05', 991, 'DNF', 4, '', '2013-10-20 10:03:33', 'RaceManager'),
(16288, 'AUTUMN13', 2013, 2, '2', 2, 28, 'Merlin', '3628', 'Robin Charles', 'Liz Charles', 1185, 'average', '00:00:00', 0, '00:00:00', 991, 'DNF', 4, '', '2013-10-20 10:03:33', 'RaceManager'),
(16462, 'AUTUMN13', 2013, 3, '2', 2, 1213, 'Merlin', '3656', 'Olly Turner', 'Alice Markham', 1187, 'average', '00:20:21', 1, '00:20:32', 991, '', 1, '', '2013-11-04 21:25:35', 'marke'),
(16439, 'AUTUMN13', 2013, 3, '2', 2, 425, 'Merlin', '3580', 'Mike Mackie', 'Clare Knight', 1187, 'average', '00:20:48', 1, '00:20:59', 991, '', 2, '', '2013-11-04 21:26:00', 'marke'),
(16450, 'AUTUMN13', 2013, 3, '2', 2, 345, 'Merlin', '3711', 'Dave Lee', 'Juliet Pealing', 1187, 'average', '00:21:43', 1, '00:21:55', 991, '', 3, '', '2013-11-04 21:26:09', 'marke'),
(16456, 'AUTUMN13', 2013, 3, '2', 2, 1317, 'Merlin', '3566', 'James Wells', 'Liz Wells', 1187, 'average', '00:22:14', 1, '00:22:26', 991, '', 4, '', '2013-11-04 21:26:19', 'marke'),
(16440, 'AUTUMN13', 2013, 3, '2', 2, 673, 'Merlin', '3713', 'Steve Harling', 'Eleanor Thomas', 1187, 'average', '00:25:15', 1, '00:25:29', 991, '', 5, '', '2013-11-04 21:26:43', 'marke'),
(16442, 'AUTUMN13', 2013, 3, '2', 2, 30, 'Merlin', '3576', 'Vyv Game', 'Mike Tucket', 1187, 'average', '00:26:43', 1, '00:26:58', 991, '', 6, '', '2013-11-04 21:27:40', 'marke'),
(16455, 'AUTUMN13', 2013, 3, '2', 2, 28, 'Merlin', '3628', 'Robin Charles', 'Liz Charles', 1187, 'average', '00:27:22', 1, '00:27:37', 991, '', 7, '', '2013-11-03 17:50:35', 'RaceManager'),
(16445, 'AUTUMN13', 2013, 3, '2', 2, 1325, 'Merlin', '3597', 'Michael Webster', 'Nicholas Barker', 1187, 'average', '01:01:39', 1, '01:02:13', 991, '', 8, '', '2013-11-03 17:50:35', 'RaceManager'),
(16272, 'AUTUMN13', 2013, 2, '1', 1, 876, 'RS100 - 8.4', '421', 'Chris Cunningham', '', 1185, 'average', '01:07:00', 4, '00:16:42', 1003, '', 1, '', '2013-10-20 10:03:33', 'RaceManager'),
(16264, 'AUTUMN13', 2013, 2, '1', 1, 1190, 'RS100 - 8.4', '393', 'Stephen Mcdonald', '', 1185, 'average', '00:54:17', 3, '00:18:02', 1003, '', 2, '', '2013-10-20 10:03:33', 'RaceManager'),
(16289, 'AUTUMN13', 2013, 2, '1', 1, 1309, 'RS100 - 8.4', '458', 'Edward Venmore', '', 1185, 'average', '01:10:57', 1, '01:10:44', 1003, 'DSQ', 3, '', '2013-10-20 10:03:33', 'RaceManager'),
(16466, 'AUTUMN13', 2013, 3, '1', 1, 1154, 'RS100 - 8.4', '268', 'Simon Greenslade', '', 1187, 'average', '00:48:22', 2, '00:24:07', 1003, '', 1, '', '2013-11-03 17:50:35', 'RaceManager'),
(16434, 'AUTUMN13', 2013, 3, '1', 1, 858, 'RS100 - 8.4', '202', 'Michael Bagge', '', 1187, 'average', '00:51:10', 2, '00:25:30', 1003, '', 2, '', '2013-11-03 17:50:35', 'RaceManager'),
(16451, 'AUTUMN13', 2013, 3, '1', 1, 876, 'RS100 - 8.4', '421', 'Chris Cunningham', '', 1187, 'average', '00:51:26', 2, '00:25:38', 1003, '', 3, '', '2013-11-03 17:50:35', 'RaceManager'),
(16454, 'AUTUMN13', 2013, 3, '1', 1, 1309, 'RS100 - 8.4', '458', 'Edward Venmore', '', 1187, 'average', '00:32:20', 1, '00:32:14', 1003, 'DNF', 4, '', '2013-11-03 17:50:35', 'RaceManager'),
(16145, 'AUTUMN13', 2013, 1, '1', 1, 972, 'RS200', '1114', 'Charlotte Gough', 'Angela Bridges', 1179, 'average', '00:33:41', 1, '00:31:56', 1055, 'DNF', 1, '', '2013-10-06 10:46:34', 'RaceManager'),
(16259, 'AUTUMN13', 2013, 2, '1', 1, 438, 'RS200', '1477', 'Mark Elkington', 'Robert Elkington', 1185, 'average', '00:55:22', 3, '00:17:30', 1055, '', 1, '', '2013-10-20 10:03:33', 'RaceManager'),
(16449, 'AUTUMN13', 2013, 3, '1', 1, 1322, 'RS200', '385', 'A / M Way', 'A / M Way', 1187, 'average', '00:52:50', 2, '00:25:02', 1055, '', 1, '', '2013-11-03 17:50:35', 'RaceManager'),
(16134, 'AUTUMN13', 2013, 1, '1', 1, 40, 'RS400', '411', 'Richard Cain', 'Barney Dearsly', 1179, 'average', '01:36:47', 3, '00:34:06', 946, '', 1, '', '2013-10-06 10:46:34', 'RaceManager'),
(16129, 'AUTUMN13', 2013, 1, '1', 1, 39, 'RS400', '1287', 'James Bowman', 'Sarah Roberts', 1179, 'average', '01:48:45', 3, '00:38:19', 946, '', 2, '', '2013-10-06 10:46:34', 'RaceManager'),
(16122, 'AUTUMN13', 2013, 1, '1', 1, 878, 'RS400', '1264', 'Olly Greenslade', 'Andrew Gladstone', 1179, 'average', '01:56:58', 3, '00:41:13', 946, '', 3, '', '2013-10-06 10:46:34', 'RaceManager'),
(16146, 'AUTUMN13', 2013, 1, '1', 1, 657, 'RS400', '1059', 'S Peat', 'S Peat', 1179, 'average', '00:00:00', 0, '00:00:00', 946, 'DNF', 4, '', '2013-10-06 10:46:34', 'RaceManager'),
(16263, 'AUTUMN13', 2013, 2, '1', 1, 878, 'RS400', '1264', 'Olly Greenslade', 'Andrew Gladstone', 1185, 'average', '00:54:04', 3, '00:19:03', 946, '', 1, '', '2013-10-20 10:03:33', 'RaceManager'),
(16275, 'AUTUMN13', 2013, 2, '1', 1, 39, 'RS400', '1287', 'James Bowman', 'Sarah Roberts', 1185, 'average', '00:55:11', 3, '00:19:27', 946, '', 2, '', '2013-10-20 10:03:33', 'RaceManager'),
(16277, 'AUTUMN13', 2013, 2, '1', 1, 1147, 'RS400', '438', 'Franco Marenco', 'David Burley', 1185, 'average', '00:00:00', 0, '00:00:00', 946, 'DNF', 3, '', '2013-10-20 10:03:33', 'RaceManager'),
(16280, 'AUTUMN13', 2013, 2, '1', 1, 32, 'RS400', '1238', 'Ralph Wogan', 'Jcarr', 1185, 'average', '00:16:40', 1, '00:17:37', 946, 'DNF', 3, '', '2013-10-20 10:03:33', 'RaceManager'),
(16472, 'AUTUMN13', 2013, 3, '1', 1, 40, 'RS400', '411', 'Richard Cain', 'Barney Dearsly', 1187, 'average', '00:37:49', 2, '00:19:59', 946, '', 1, '', '2013-11-03 17:50:35', 'RaceManager'),
(16444, 'AUTUMN13', 2013, 3, '1', 1, 878, 'RS400', '1264', 'Olly Greenslade', 'Andrew Gladstone', 1187, 'average', '00:43:40', 2, '00:23:05', 946, '', 2, '', '2013-11-03 17:50:35', 'RaceManager');

--
-- Dumping data for table `z_tempresults`
--

INSERT INTO `z_tempresults` (`seriesResultID`, `seriesYear`, `seriesCode`, `competitorID`, `helmName`, `crewName`, `class`, `fleet`, `seriesFleet`, `sailno`, `racePoints1`, `racePoints2`, `racePoints3`, `racePoints4`, `racePoints5`, `racePoints6`, `racePoints7`, `racePoints8`, `racePoints9`, `racePoints10`, `racePoints11`, `racePoints12`, `racePoints13`, `racePoints14`, `racePoints15`, `racePoints16`, `racePoints17`, `racePoints18`, `racePoints19`, `racePoints20`, `discard1`, `discard2`, `discard3`, `discard4`, `discard5`, `discard6`, `discard7`, `discard8`, `discard9`, `discard10`, `discard11`, `discard12`, `discard13`, `discard14`, `discard15`, `discard16`, `discard17`, `discard18`, `discard19`, `discard20`, `numPosn1`, `numPosn2`, `numPosn3`, `numPosn4`, `numPosn5`, `numPosn6`, `totalPoints`, `netPoints`, `position`, `tie`, `seriesResultNote`) VALUES
(1, 2013, 'AUTUMN13', 28, 'Robin Charles', 'Liz Charles', 'Merlin', '2', '2', '3628', 2, 4, 7, 0, 0, 0, 0, 0, 0, 0, 0, 0, 0, 0, 0, 0, 0, 0, 0, 0, 1, 1, 0, 0, 0, 0, 0, 0, 0, 0, 0, 0, 0, 0, 0, 0, 0, 0, 0, 0, 0, 1, 0, 1, 0, 0, 13, 6, 3, 0, ''),
(2, 2013, 'AUTUMN13', 30, 'Vyv Game', 'Mike Tucket', 'Merlin', '2', '2', '3576', 5, 3, 6, 0, 0, 0, 0, 0, 0, 0, 0, 0, 0, 0, 0, 0, 0, 0, 0, 0, 1, 1, 0, 0, 0, 0, 0, 0, 0, 0, 0, 0, 0, 0, 0, 0, 0, 0, 0, 0, 0, 0, 1, 0, 1, 1, 14, 8, 4, 0, ''),
(3, 2013, 'AUTUMN13', 32, 'Ralph Wogan', 'Jcarr', 'RS400', '1', '1', '1238', 7, 3, 7, 0, 0, 0, 0, 0, 0, 0, 0, 0, 0, 0, 0, 0, 0, 0, 0, 0, 0, 1, 1, 0, 0, 0, 0, 0, 0, 0, 0, 0, 0, 0, 0, 0, 0, 0, 0, 0, 0, 0, 1, 0, 0, 0, 17, 10, 4, 0, ''),
(4, 2013, 'AUTUMN13', 33, 'Nick Turner', 'Carly Gurr', 'Merlin', '2', '2', '3721', 12, 2, 12, 0, 0, 0, 0, 0, 0, 0, 0, 0, 0, 0, 0, 0, 0, 0, 0, 0, 0, 1, 1, 0, 0, 0, 0, 0, 0, 0, 0, 0, 0, 0, 0, 0, 0, 0, 0, 0, 0, 1, 0, 0, 0, 0, 26, 14, 7, 0, ''),
(5, 2013, 'AUTUMN13', 39, 'James Bowman', 'Sarah Roberts', 'RS400', '1', '1', '1287', 2, 2, 7, 0, 0, 0, 0, 0, 0, 0, 0, 0, 0, 0, 0, 0, 0, 0, 0, 0, 1, 1, 0, 0, 0, 0, 0, 0, 0, 0, 0, 0, 0, 0, 0, 0, 0, 0, 0, 0, 0, 2, 0, 0, 0, 0, 11, 4, 3, 0, ''),
(6, 2013, 'AUTUMN13', 40, 'Richard Cain', 'Barney Dearsly', 'RS400', '1', '1', '411', 1, 7, 1, 0, 0, 0, 0, 0, 0, 0, 0, 0, 0, 0, 0, 0, 0, 0, 0, 0, 1, 0, 1, 0, 0, 0, 0, 0, 0, 0, 0, 0, 0, 0, 0, 0, 0, 0, 0, 0, 2, 0, 0, 0, 0, 0, 9, 2, 1, 0, ''),
(7, 2013, 'AUTUMN13', 345, 'Dave Lee', 'Juliet Pealing', 'Merlin', '2', '2', '3711', 3, 1, 3, 0, 0, 0, 0, 0, 0, 0, 0, 0, 0, 0, 0, 0, 0, 0, 0, 0, 0, 1, 1, 0, 0, 0, 0, 0, 0, 0, 0, 0, 0, 0, 0, 0, 0, 0, 0, 0, 1, 0, 2, 0, 0, 0, 7, 4, 1, 0, ''),
(8, 2013, 'AUTUMN13', 425, 'Mike Mackie', 'Clare Knight', 'Merlin', '2', '2', '3580', 12, 12, 2, 0, 0, 0, 0, 0, 0, 0, 0, 0, 0, 0, 0, 0, 0, 0, 0, 0, 0, 1, 1, 0, 0, 0, 0, 0, 0, 0, 0, 0, 0, 0, 0, 0, 0, 0, 0, 0, 0, 1, 0, 0, 0, 0, 26, 14, 6, 0, ''),
(9, 2013, 'AUTUMN13', 438, 'Mark Elkington', 'Robert Elkington', 'RS200', '1', '1', '1477', 4, 1, 4, 0, 0, 0, 0, 0, 0, 0, 0, 0, 0, 0, 0, 0, 0, 0, 0, 0, 0, 1, 1, 0, 0, 0, 0, 0, 0, 0, 0, 0, 0, 0, 0, 0, 0, 0, 0, 0, 1, 0, 0, 0, 0, 0, 9, 5, 2, 0, ''),
(10, 2013, 'AUTUMN13', 485, 'John Wollnough', 'Marcia Fletcher', 'Merlin', '2', '2', '3624', 5, 12, 12, 0, 0, 0, 0, 0, 0, 0, 0, 0, 0, 0, 0, 0, 0, 0, 0, 0, 1, 0, 1, 0, 0, 0, 0, 0, 0, 0, 0, 0, 0, 0, 0, 0, 0, 0, 0, 0, 0, 0, 0, 0, 1, 0, 29, 17, 10, 0, ''),
(11, 2013, 'AUTUMN13', 657, 'S Peat', 'S Peat', 'RS400', '1', '1', '1059', 4, 7, 7, 0, 0, 0, 0, 0, 0, 0, 0, 0, 0, 0, 0, 0, 0, 0, 0, 0, 1, 0, 1, 0, 0, 0, 0, 0, 0, 0, 0, 0, 0, 0, 0, 0, 0, 0, 0, 0, 0, 0, 0, 1, 0, 0, 18, 11, 6, 0, ''),
(12, 2013, 'AUTUMN13', 673, 'Steve Harling', 'Eleanor Thomas', 'Merlin', '2', '2', '3713', 12, 12, 5, 0, 0, 0, 0, 0, 0, 0, 0, 0, 0, 0, 0, 0, 0, 0, 0, 0, 0, 1, 1, 0, 0, 0, 0, 0, 0, 0, 0, 0, 0, 0, 0, 0, 0, 0, 0, 0, 0, 0, 0, 0, 1, 0, 29, 17, 9, 0, ''),
(13, 2013, 'AUTUMN13', 858, 'Michael Bagge', '', 'RS100 - 8.4', '1', '1', '202', 0, 6, 2, 0, 0, 0, 0, 0, 0, 0, 0, 0, 0, 0, 0, 0, 0, 0, 0, 0, 1, 0, 1, 0, 0, 0, 0, 0, 0, 0, 0, 0, 0, 0, 0, 0, 0, 0, 0, 0, 0, 1, 0, 0, 0, 0, 8, 2, 3, 0, ''),
(14, 2013, 'AUTUMN13', 876, 'Chris Cunningham', '', 'RS100 - 8.4', '1', '1', '421', 0, 1, 3, 0, 0, 0, 0, 0, 0, 0, 0, 0, 0, 0, 0, 0, 0, 0, 0, 0, 1, 1, 0, 0, 0, 0, 0, 0, 0, 0, 0, 0, 0, 0, 0, 0, 0, 0, 0, 0, 1, 0, 1, 0, 0, 0, 4, 1, 1, 0, ''),
(15, 2013, 'AUTUMN13', 878, 'Olly Greenslade', 'Andrew Gladstone', 'RS400', '1', '1', '1264', 3, 1, 2, 0, 0, 0, 0, 0, 0, 0, 0, 0, 0, 0, 0, 0, 0, 0, 0, 0, 0, 1, 1, 0, 0, 0, 0, 0, 0, 0, 0, 0, 0, 0, 0, 0, 0, 0, 0, 0, 1, 1, 1, 0, 0, 0, 6, 3, 2, 0, ''),
(16, 2013, 'AUTUMN13', 972, 'Charlotte Gough', 'Angela Bridges', 'RS200', '1', '1', '1114', 1, 4, 4, 0, 0, 0, 0, 0, 0, 0, 0, 0, 0, 0, 0, 0, 0, 0, 0, 0, 1, 0, 1, 0, 0, 0, 0, 0, 0, 0, 0, 0, 0, 0, 0, 0, 0, 0, 0, 0, 1, 0, 0, 0, 0, 0, 9, 5, 3, 0, ''),
(17, 2013, 'AUTUMN13', 1147, 'Franco Marenco', 'David Burley', 'RS400', '1', '1', '438', 7, 3, 7, 0, 0, 0, 0, 0, 0, 0, 0, 0, 0, 0, 0, 0, 0, 0, 0, 0, 0, 1, 1, 0, 0, 0, 0, 0, 0, 0, 0, 0, 0, 0, 0, 0, 0, 0, 0, 0, 0, 0, 1, 0, 0, 0, 17, 10, 5, 0, ''),
(18, 2013, 'AUTUMN13', 1154, 'Simon Greenslade', '', 'RS100 - 8.4', '1', '1', '268', 0, 6, 1, 0, 0, 0, 0, 0, 0, 0, 0, 0, 0, 0, 0, 0, 0, 0, 0, 0, 1, 0, 1, 0, 0, 0, 0, 0, 0, 0, 0, 0, 0, 0, 0, 0, 0, 0, 0, 0, 1, 0, 0, 0, 0, 0, 7, 1, 2, 0, ''),
(19, 2013, 'AUTUMN13', 1190, 'Stephen Mcdonald', '', 'RS100 - 8.4', '1', '1', '393', 0, 2, 6, 0, 0, 0, 0, 0, 0, 0, 0, 0, 0, 0, 0, 0, 0, 0, 0, 0, 1, 1, 0, 0, 0, 0, 0, 0, 0, 0, 0, 0, 0, 0, 0, 0, 0, 0, 0, 0, 0, 1, 0, 0, 0, 0, 8, 2, 4, 0, ''),
(20, 2013, 'AUTUMN13', 1213, 'Olly Turner', 'Dan Newman', 'Merlin', '2', '2', '3656', 12, 12, 1, 0, 0, 0, 0, 0, 0, 0, 0, 0, 0, 0, 0, 0, 0, 0, 0, 0, 0, 1, 1, 0, 0, 0, 0, 0, 0, 0, 0, 0, 0, 0, 0, 0, 0, 0, 0, 0, 1, 0, 0, 0, 0, 0, 25, 13, 5, 0, ''),
(21, 2013, 'AUTUMN13', 1309, 'Edward Venmore', '', 'RS100 - 8.4', '1', '1', '458', 0, 3, 4, 0, 0, 0, 0, 0, 0, 0, 0, 0, 0, 0, 0, 0, 0, 0, 0, 0, 1, 1, 0, 0, 0, 0, 0, 0, 0, 0, 0, 0, 0, 0, 0, 0, 0, 0, 0, 0, 0, 0, 1, 1, 0, 0, 7, 3, 5, 0, ''),
(22, 2013, 'AUTUMN13', 1317, 'James Wells', 'Liz Wells', 'Merlin', '2', '2', '3566', 1, 4, 4, 0, 0, 0, 0, 0, 0, 0, 0, 0, 0, 0, 0, 0, 0, 0, 0, 0, 1, 0, 1, 0, 0, 0, 0, 0, 0, 0, 0, 0, 0, 0, 0, 0, 0, 0, 0, 0, 1, 0, 0, 2, 0, 0, 9, 5, 2, 0, ''),
(23, 2013, 'AUTUMN13', 1318, 'Mark Elkington', 'Rob Elkington', 'Merlin', '2', '2', '3613', 4, 12, 12, 0, 0, 0, 0, 0, 0, 0, 0, 0, 0, 0, 0, 0, 0, 0, 0, 0, 1, 0, 1, 0, 0, 0, 0, 0, 0, 0, 0, 0, 0, 0, 0, 0, 0, 0, 0, 0, 0, 0, 0, 1, 0, 0, 28, 16, 8, 0, ''),
(24, 2013, 'AUTUMN13', 1322, 'A / M Way', 'A / M Way', 'RS200', '1', '1', '385', 4, 4, 1, 0, 0, 0, 0, 0, 0, 0, 0, 0, 0, 0, 0, 0, 0, 0, 0, 0, 0, 1, 1, 0, 0, 0, 0, 0, 0, 0, 0, 0, 0, 0, 0, 0, 0, 0, 0, 0, 1, 0, 0, 0, 0, 0, 9, 5, 1, 0, ''),
(25, 2013, 'AUTUMN13', 1325, 'Michael Webster', 'Nicholas Barker', 'Merlin', '2', '2', '3597', 12, 12, 8, 0, 0, 0, 0, 0, 0, 0, 0, 0, 0, 0, 0, 0, 0, 0, 0, 0, 0, 1, 1, 0, 0, 0, 0, 0, 0, 0, 0, 0, 0, 0, 0, 0, 0, 0, 0, 0, 0, 0, 0, 0, 0, 0, 32, 20, 11, 0, '');

/*!40101 SET CHARACTER_SET_CLIENT=@OLD_CHARACTER_SET_CLIENT */;
/*!40101 SET CHARACTER_SET_RESULTS=@OLD_CHARACTER_SET_RESULTS */;
/*!40101 SET COLLATION_CONNECTION=@OLD_COLLATION_CONNECTION */;
